nohup: ignoring input
2026-03-07 15:59:52,277 | INFO | Starting frame selection
2026-03-07 15:59:52,277 | INFO | Args: {'dataset_name': 'longvideobench', 'model_name': 'clip', 'topk_coef': 1.0, 'div_coef': 1.0, 'cov_coef': 8.0, 'semantic_top_n': 4, 'output_path': './output_features', 'max_frame_nums': 32, 'refresh_pairwise_cache': False}
2026-03-07 15:59:52,277 | INFO | Feature directory: ./output_features/longvideobench/clip
2026-03-07 16:00:43,870 | INFO | Loaded inputs: text_scores=1337 videos_with_embeddings=753 videos_with_frames=753 question_to_video=1337 semantic_results=1337
2026-03-07 16:00:43,871 | INFO | Loaded 190 scores for first question 86CxyhFV9MI_0
2026-03-07 16:00:43,871 | INFO | Sample scores: [0.25633466243743896, 0.24803560972213745, 0.23233267664909363]
2026-03-07 16:00:43,871 | INFO | First embedding shape for video 86CxyhFV9MI.mp4: (1, 512)
2026-03-07 16:00:43,871 | INFO | Loading cached pairwise similarities from ./output_features/longvideobench/clip/pairwise_similarities.json
2026-03-07 16:03:36,300 | INFO | Validated video-level embeddings, frame indices, and pairwise similarity shapes
2026-03-07 16:03:36,300 | INFO | Validated question-to-video mappings for 1337 questions
2026-03-07 16:03:36,301 | INFO | Selecting frames for question 86CxyhFV9MI_0 on video 86CxyhFV9MI.mp4: frames=190 tags=4
2026-03-07 16:03:36,717 | INFO | Selected 32 frames for question 86CxyhFV9MI_0: [119, 209, 539, 569, 659, 719, 749, 779, 989, 1288, 1348, 1438, 2247, 2457, 2517, 2667, 2847, 2907, 3116, 3296, 3446, 3806, 4285, 4345, 4675, 4735, 4795, 4855, 4915, 4945, 4975, 5454]
2026-03-07 16:03:36,717 | INFO | Selecting frames for question 86CxyhFV9MI_1 on video 86CxyhFV9MI.mp4: frames=190 tags=4
2026-03-07 16:03:37,202 | INFO | Selected 32 frames for question 86CxyhFV9MI_1: [119, 209, 419, 449, 479, 509, 539, 569, 659, 719, 779, 1288, 1348, 1408, 1438, 2457, 2487, 2517, 2667, 2727, 2757, 3266, 3296, 3326, 3476, 3806, 3836, 4285, 4405, 4945, 4975, 5184]
2026-03-07 16:03:37,202 | INFO | Selecting frames for question 9PD3ciudpIE_0 on video 9PD3ciudpIE.mp4: frames=467 tags=4
2026-03-07 16:03:40,068 | INFO | Selected 32 frames for question 9PD3ciudpIE_0: [2175, 2200, 2875, 2950, 2975, 3000, 3025, 3050, 3075, 3100, 3125, 3200, 3225, 3250, 3300, 3350, 3500, 3525, 3550, 3575, 5275, 5300, 5525, 7100, 7600, 7675, 9775, 9825, 9850, 9875, 10425, 10500]
2026-03-07 16:03:40,068 | INFO | Selecting frames for question 9PD3ciudpIE_1 on video 9PD3ciudpIE.mp4: frames=467 tags=4
2026-03-07 16:03:42,202 | INFO | Selected 32 frames for question 9PD3ciudpIE_1: [0, 1425, 2300, 2325, 3275, 4650, 4675, 5275, 5300, 5325, 5525, 6275, 6300, 6325, 6725, 8325, 8725, 8850, 8875, 8900, 8950, 9850, 9875, 10000, 10075, 10150, 10400, 10425, 10625, 10650, 10950, 11075]
2026-03-07 16:03:42,203 | INFO | Selecting frames for question 5qMcDQd17Y4_0 on video 5qMcDQd17Y4.mp4: frames=584 tags=4
2026-03-07 16:03:45,463 | INFO | Selected 32 frames for question 5qMcDQd17Y4_0: [75, 1375, 1425, 1450, 1475, 1500, 1525, 2275, 2300, 2375, 2400, 2425, 2450, 2475, 2500, 2525, 2750, 2775, 2900, 9275, 10000, 10475, 10775, 12700, 13025, 13200, 13450, 13625, 13675, 13700, 13825, 14250]
2026-03-07 16:03:45,463 | INFO | Selecting frames for question 5qMcDQd17Y4_1 on video 5qMcDQd17Y4.mp4: frames=584 tags=4
2026-03-07 16:03:48,898 | INFO | Selected 32 frames for question 5qMcDQd17Y4_1: [2075, 2100, 2175, 4050, 4400, 5525, 9600, 9625, 9650, 9675, 9700, 9725, 9750, 9800, 9825, 9850, 9875, 9950, 11175, 11200, 11225, 11250, 11350, 11375, 11400, 11425, 11450, 11500, 11550, 11575, 11650, 11675]
2026-03-07 16:03:48,898 | INFO | Selecting frames for question 7F9IrtSHmc0_0 on video 7F9IrtSHmc0.mp4: frames=422 tags=4
2026-03-07 16:03:50,557 | INFO | Selected 32 frames for question 7F9IrtSHmc0_0: [239, 449, 479, 509, 539, 569, 599, 629, 689, 719, 839, 869, 899, 929, 959, 989, 1018, 1048, 1078, 1108, 1438, 5454, 11598, 11688, 11898, 11928, 11958, 11988, 12107, 12137, 12167, 12287]
2026-03-07 16:03:50,557 | INFO | Selecting frames for question 7F9IrtSHmc0_1 on video 7F9IrtSHmc0.mp4: frames=422 tags=4
2026-03-07 16:03:52,522 | INFO | Selected 32 frames for question 7F9IrtSHmc0_1: [0, 179, 209, 1318, 2727, 2757, 2787, 2817, 2847, 2877, 2907, 2937, 2967, 2997, 3026, 3056, 3086, 3116, 3146, 3176, 3356, 3386, 3416, 3446, 3476, 3506, 3536, 4345, 4495, 4645, 7672, 11238]
2026-03-07 16:03:52,523 | INFO | Selecting frames for question QJ6sjg7SXOQ_0 on video QJ6sjg7SXOQ.mp4: frames=468 tags=4
2026-03-07 16:03:55,061 | INFO | Selected 32 frames for question QJ6sjg7SXOQ_0: [1225, 1250, 1275, 1300, 1325, 1350, 1375, 1400, 1425, 1450, 1475, 1500, 1525, 1550, 1625, 4475, 4500, 4525, 4550, 4575, 4675, 5250, 5900, 6200, 6225, 6250, 6275, 6300, 6900, 6950, 6975, 10575]
2026-03-07 16:03:55,061 | INFO | Selecting frames for question QJ6sjg7SXOQ_1 on video QJ6sjg7SXOQ.mp4: frames=468 tags=4
2026-03-07 16:03:57,111 | INFO | Selected 32 frames for question QJ6sjg7SXOQ_1: [750, 3525, 4850, 4950, 5250, 7125, 7175, 7200, 7450, 7475, 7525, 7600, 7625, 7650, 7675, 7700, 7725, 7750, 7775, 7975, 8000, 8025, 8250, 8275, 8425, 8450, 8475, 8500, 8525, 8550, 9550, 10575]
2026-03-07 16:03:57,112 | INFO | Selecting frames for question mH9LdC7IFH8_0 on video mH9LdC7IFH8.mp4: frames=322 tags=4
2026-03-07 16:03:58,188 | INFO | Selected 32 frames for question mH9LdC7IFH8_0: [700, 725, 1775, 1800, 2325, 2975, 3575, 4150, 4175, 4700, 4900, 4950, 5600, 5625, 5775, 5950, 6050, 6100, 6350, 6375, 6725, 6775, 6800, 6950, 6975, 7050, 7075, 7125, 7350, 7525, 7550, 7900]
2026-03-07 16:03:58,189 | INFO | Selecting frames for question mH9LdC7IFH8_1 on video mH9LdC7IFH8.mp4: frames=322 tags=4
2026-03-07 16:03:59,293 | INFO | Selected 32 frames for question mH9LdC7IFH8_1: [700, 725, 800, 875, 1775, 1800, 2150, 2225, 2325, 3125, 3750, 3775, 4900, 4950, 4975, 5550, 5575, 5625, 5750, 6100, 6275, 6350, 6375, 6450, 6500, 6675, 6725, 6775, 7125, 7175, 7525, 7550]
2026-03-07 16:03:59,294 | INFO | Selecting frames for question LB1qPExHQY8_0 on video LB1qPExHQY8.mp4: frames=181 tags=4
2026-03-07 16:03:59,636 | INFO | Selected 32 frames for question LB1qPExHQY8_0: [0, 30, 60, 90, 120, 150, 510, 1350, 1710, 1740, 1770, 1800, 1830, 1860, 1920, 1950, 1980, 2010, 2040, 2070, 2100, 2130, 2430, 2460, 2490, 2520, 2550, 3690, 4620, 4800, 5220, 5370]
2026-03-07 16:03:59,636 | INFO | Selecting frames for question LB1qPExHQY8_1 on video LB1qPExHQY8.mp4: frames=181 tags=4
2026-03-07 16:03:59,940 | INFO | Selected 32 frames for question LB1qPExHQY8_1: [150, 240, 330, 510, 1350, 1380, 2490, 2580, 2730, 2760, 2790, 2820, 2850, 2880, 2910, 2940, 2970, 3000, 3030, 3060, 3090, 3120, 3150, 3660, 4290, 4800, 5220, 5280, 5310, 5340, 5370, 5400]
2026-03-07 16:03:59,941 | INFO | Selecting frames for question 8hhcFRoR0mw_0 on video 8hhcFRoR0mw.mp4: frames=516 tags=4
2026-03-07 16:04:02,849 | INFO | Selected 32 frames for question 8hhcFRoR0mw_0: [150, 1680, 1830, 1890, 2010, 3750, 3780, 3840, 4080, 4200, 4980, 5280, 5310, 5340, 5370, 5850, 5880, 6390, 6420, 6540, 6570, 6600, 7020, 7080, 7800, 8490, 8520, 8910, 14070, 14190, 14220, 14250]
2026-03-07 16:04:02,849 | INFO | Selecting frames for question 8hhcFRoR0mw_1 on video 8hhcFRoR0mw.mp4: frames=516 tags=4
2026-03-07 16:04:05,736 | INFO | Selected 32 frames for question 8hhcFRoR0mw_1: [150, 180, 1890, 4080, 4200, 10980, 11040, 11130, 11160, 11190, 11220, 11370, 12390, 12420, 12450, 12480, 12510, 12810, 12840, 12870, 12900, 12930, 12960, 13110, 13140, 13170, 13770, 14010, 14040, 14070, 14190, 14250]
2026-03-07 16:04:05,737 | INFO | Selecting frames for question h4jIoMxZopU_0 on video h4jIoMxZopU.mp4: frames=538 tags=4
2026-03-07 16:04:08,377 | INFO | Selected 32 frames for question h4jIoMxZopU_0: [575, 599, 623, 647, 695, 719, 767, 791, 815, 839, 863, 887, 911, 935, 959, 1990, 2013, 2949, 3332, 3812, 4195, 4243, 4267, 5322, 5562, 5754, 5874, 8559, 10429, 10837, 12107, 12203]
2026-03-07 16:04:08,377 | INFO | Selecting frames for question h4jIoMxZopU_1 on video h4jIoMxZopU.mp4: frames=538 tags=4
2026-03-07 16:04:11,865 | INFO | Selected 32 frames for question h4jIoMxZopU_1: [791, 5442, 5466, 5490, 5514, 5538, 6137, 7888, 7912, 7936, 7960, 7984, 8007, 8031, 8271, 9518, 9542, 9566, 9590, 9614, 9638, 9662, 10645, 10669, 10693, 10717, 11412, 11436, 11460, 11484, 11508, 12443]
2026-03-07 16:04:11,870 | INFO | Selecting frames for question M7YSCIkUaNw_0 on video M7YSCIkUaNw.mp4: frames=522 tags=4
2026-03-07 16:04:14,517 | INFO | Selected 32 frames for question M7YSCIkUaNw_0: [575, 3548, 4147, 4339, 8031, 8199, 8319, 8391, 8871, 8895, 8943, 8967, 8991, 9014, 9038, 9062, 9182, 9206, 9230, 9254, 9278, 9302, 9326, 9350, 9374, 9398, 9446, 9470, 9542, 9566, 9614, 9710]
2026-03-07 16:04:14,518 | INFO | Selecting frames for question M7YSCIkUaNw_1 on video M7YSCIkUaNw.mp4: frames=522 tags=4
2026-03-07 16:04:16,939 | INFO | Selected 32 frames for question M7YSCIkUaNw_1: [431, 4411, 4435, 4531, 4555, 4579, 4603, 4627, 4651, 4675, 4699, 4723, 4747, 4819, 4843, 4867, 4891, 4915, 4939, 4963, 4987, 5010, 5034, 5082, 5106, 5130, 5154, 5178, 6209, 6233, 8271, 10021]
2026-03-07 16:04:16,939 | INFO | Selecting frames for question x1FkhxMMIcg_0 on video x1FkhxMMIcg.mp4: frames=199 tags=4
2026-03-07 16:04:17,281 | INFO | Selected 32 frames for question x1FkhxMMIcg_0: [389, 419, 449, 479, 509, 689, 719, 1288, 1408, 1828, 1918, 1948, 2157, 2217, 2397, 3686, 3716, 3746, 3776, 3806, 4075, 4255, 4315, 4375, 4525, 5754, 5784, 5814, 5844, 5874, 5904, 5934]
2026-03-07 16:04:17,282 | INFO | Selecting frames for question CEZ9rbjK3P4_0 on video CEZ9rbjK3P4.mp4: frames=200 tags=4
2026-03-07 16:04:17,685 | INFO | Selected 32 frames for question CEZ9rbjK3P4_0: [119, 269, 299, 329, 359, 389, 419, 509, 539, 569, 1918, 1948, 1978, 2007, 2037, 3056, 4345, 4435, 4465, 4495, 4525, 4975, 5004, 5034, 5064, 5094, 5124, 5244, 5274, 5304, 5334, 5514]
2026-03-07 16:04:17,685 | INFO | Selecting frames for question CEZ9rbjK3P4_1 on video CEZ9rbjK3P4.mp4: frames=200 tags=4
2026-03-07 16:04:18,007 | INFO | Selected 32 frames for question CEZ9rbjK3P4_1: [719, 989, 1018, 2427, 2457, 2487, 2517, 2637, 2667, 2697, 2727, 2757, 2907, 2937, 2967, 2997, 3026, 3356, 3386, 4315, 4345, 4375, 4405, 4645, 4675, 4705, 4735, 4765, 4975, 5004, 5094, 5124]
2026-03-07 16:04:18,008 | INFO | Selecting frames for question MPQn_orwpfA_0 on video MPQn_orwpfA.mp4: frames=443 tags=4
2026-03-07 16:04:19,801 | INFO | Selected 32 frames for question MPQn_orwpfA_0: [719, 899, 929, 1438, 1768, 1858, 2337, 2907, 3476, 3596, 3896, 4315, 5874, 6053, 6323, 6353, 6383, 6413, 6563, 6653, 6683, 8001, 8031, 8391, 8451, 8481, 8511, 9260, 9290, 9380, 9440, 10819]
2026-03-07 16:04:19,802 | INFO | Selecting frames for question MPQn_orwpfA_1 on video MPQn_orwpfA.mp4: frames=443 tags=4
2026-03-07 16:04:21,594 | INFO | Selected 32 frames for question MPQn_orwpfA_1: [1648, 1738, 1768, 1798, 1828, 3026, 6113, 6143, 6293, 6473, 6503, 6563, 6593, 6623, 6653, 6683, 6713, 6893, 7582, 7882, 8001, 8511, 8721, 8751, 8781, 8811, 8841, 8871, 8901, 8961, 8991, 9020]
2026-03-07 16:04:21,595 | INFO | Selecting frames for question 5KLSf7kwr7s_0 on video 5KLSf7kwr7s.mp4: frames=494 tags=4
2026-03-07 16:04:24,028 | INFO | Selected 32 frames for question 5KLSf7kwr7s_0: [1228, 1258, 1588, 2637, 4375, 4405, 5364, 6593, 7042, 7222, 7252, 7402, 7882, 9080, 9110, 9140, 9470, 9530, 9620, 9650, 9680, 9770, 9800, 9890, 11928, 13846, 14385, 14565, 14685, 14715, 14745, 14775]
2026-03-07 16:04:24,028 | INFO | Selecting frames for question 5KLSf7kwr7s_1 on video 5KLSf7kwr7s.mp4: frames=494 tags=4
2026-03-07 16:04:26,476 | INFO | Selected 32 frames for question 5KLSf7kwr7s_1: [389, 6143, 6173, 6233, 6263, 6293, 6383, 6413, 6443, 6563, 6593, 6623, 6683, 6713, 6743, 6773, 6803, 6833, 6863, 11028, 11538, 12077, 12107, 13396, 13426, 13666, 13696, 13726, 13756, 13966, 14055, 14565]
2026-03-07 16:04:26,477 | INFO | Selecting frames for question rMXJOKhf_AA_0 on video rMXJOKhf_AA.mp4: frames=341 tags=4
2026-03-07 16:04:27,549 | INFO | Selected 32 frames for question rMXJOKhf_AA_0: [350, 375, 3325, 3350, 3525, 3550, 3575, 3600, 4625, 6175, 6500, 6525, 6550, 6575, 6600, 6625, 6650, 6800, 6825, 6850, 6875, 7050, 7075, 7100, 7125, 7150, 7175, 7200, 7225, 7250, 7275, 7775]
2026-03-07 16:04:27,549 | INFO | Selecting frames for question rMXJOKhf_AA_1 on video rMXJOKhf_AA.mp4: frames=341 tags=4
2026-03-07 16:04:28,708 | INFO | Selected 32 frames for question rMXJOKhf_AA_1: [50, 75, 225, 250, 275, 325, 1125, 1525, 2425, 2450, 2475, 2500, 2525, 2550, 2650, 2675, 2700, 2725, 2750, 2775, 2825, 2850, 3875, 3975, 4125, 4225, 4250, 4450, 4600, 6000, 6200, 6500]
2026-03-07 16:04:28,709 | INFO | Selecting frames for question LcZxjqtzXJI_0 on video LcZxjqtzXJI.mp4: frames=208 tags=4
2026-03-07 16:04:29,163 | INFO | Selected 32 frames for question LcZxjqtzXJI_0: [1678, 1738, 1888, 1918, 2577, 2607, 2637, 2667, 3866, 3896, 3926, 4015, 4045, 4075, 4105, 4135, 4165, 4195, 4225, 4255, 4285, 4315, 4345, 4405, 5214, 5514, 5544, 5664, 5694, 5814, 5874, 5904]
2026-03-07 16:04:29,163 | INFO | Selecting frames for question LcZxjqtzXJI_1 on video LcZxjqtzXJI.mp4: frames=208 tags=4
2026-03-07 16:04:29,528 | INFO | Selected 32 frames for question LcZxjqtzXJI_1: [89, 329, 359, 389, 419, 449, 479, 509, 539, 569, 599, 629, 659, 689, 719, 749, 779, 809, 839, 869, 899, 959, 1678, 2547, 2577, 2607, 2637, 2667, 2697, 4135, 4825, 5904]
2026-03-07 16:04:29,529 | INFO | Selecting frames for question JIoE18JYGcM_0 on video JIoE18JYGcM.mp4: frames=270 tags=4
2026-03-07 16:04:30,229 | INFO | Selected 32 frames for question JIoE18JYGcM_0: [911, 1678, 1726, 1750, 2325, 2349, 2373, 3044, 3068, 3092, 3116, 3140, 3188, 4243, 4459, 4483, 4507, 4531, 4555, 5226, 5298, 5322, 5394, 5418, 5442, 5466, 5490, 5538, 5562, 5634, 5658, 5682]
2026-03-07 16:04:30,230 | INFO | Selecting frames for question JIoE18JYGcM_1 on video JIoE18JYGcM.mp4: frames=270 tags=4
2026-03-07 16:04:30,905 | INFO | Selected 32 frames for question JIoE18JYGcM_1: [239, 455, 623, 647, 671, 695, 719, 743, 767, 791, 1054, 1078, 1102, 1126, 1942, 2013, 2469, 2493, 2517, 2541, 2565, 2589, 2613, 4987, 5130, 5754, 5778, 5802, 5826, 5850, 5922, 5946]
2026-03-07 16:04:30,905 | INFO | Selecting frames for question rZq-8Bq3mkU_0 on video rZq-8Bq3mkU.mp4: frames=515 tags=4
2026-03-07 16:04:33,425 | INFO | Selected 32 frames for question rZq-8Bq3mkU_0: [143, 167, 191, 215, 239, 7984, 11292, 11316, 11340, 11364, 11388, 11412, 11436, 11460, 11484, 11508, 11532, 11556, 11580, 11604, 11628, 11652, 11676, 11700, 11724, 11748, 11868, 11892, 11916, 12011, 12035, 12107]
2026-03-07 16:04:33,425 | INFO | Selecting frames for question rZq-8Bq3mkU_1 on video rZq-8Bq3mkU.mp4: frames=515 tags=4
2026-03-07 16:04:36,622 | INFO | Selected 32 frames for question rZq-8Bq3mkU_1: [0, 143, 239, 311, 335, 359, 383, 407, 431, 455, 479, 1126, 1150, 1174, 1198, 1222, 5682, 6761, 7312, 7336, 7360, 7384, 8439, 8535, 8559, 8583, 8607, 8631, 9926, 9998, 10021, 12107]
2026-03-07 16:04:36,623 | INFO | Selecting frames for question VSZ8ywgGNGM_0 on video VSZ8ywgGNGM.mp4: frames=232 tags=4
2026-03-07 16:04:37,259 | INFO | Selected 32 frames for question VSZ8ywgGNGM_0: [143, 191, 287, 311, 359, 383, 983, 1030, 1054, 1078, 1102, 1126, 1150, 1174, 1198, 1222, 1246, 1462, 1486, 1510, 1534, 1558, 1582, 1606, 2445, 2493, 2517, 2541, 3476, 3500, 3524, 4003]
2026-03-07 16:04:37,259 | INFO | Selecting frames for question VSZ8ywgGNGM_1 on video VSZ8ywgGNGM.mp4: frames=232 tags=4
2026-03-07 16:04:37,714 | INFO | Selected 32 frames for question VSZ8ywgGNGM_1: [47, 239, 1246, 1462, 1606, 2229, 2493, 2733, 2757, 2781, 2805, 2829, 2853, 2877, 2901, 2925, 2949, 3476, 3716, 3740, 3764, 3788, 3812, 3836, 3860, 3884, 3908, 3932, 3956, 4099, 4723, 5250]
2026-03-07 16:04:37,715 | INFO | Selecting frames for question ezhafkxoRdo_0 on video ezhafkxoRdo.mp4: frames=292 tags=4
2026-03-07 16:04:38,508 | INFO | Selected 32 frames for question ezhafkxoRdo_0: [191, 215, 1318, 1366, 1486, 1582, 1630, 2757, 2805, 3092, 3260, 3524, 3548, 3716, 3740, 3932, 4003, 4075, 4123, 4531, 4555, 4867, 5082, 5178, 5898, 5994, 6113, 6881, 6905, 6929, 6953, 6977]
2026-03-07 16:04:38,508 | INFO | Selecting frames for question ezhafkxoRdo_1 on video ezhafkxoRdo.mp4: frames=292 tags=4
2026-03-07 16:04:39,290 | INFO | Selected 32 frames for question ezhafkxoRdo_1: [1318, 1366, 1390, 1438, 1486, 1582, 1630, 2325, 2757, 2781, 2805, 2877, 3092, 3140, 3164, 3260, 3548, 3740, 3764, 3788, 3812, 3932, 4555, 4603, 5082, 5178, 5202, 5250, 5898, 5994, 6017, 6137]
2026-03-07 16:04:39,291 | INFO | Selecting frames for question wxWo44MoCTI_0 on video wxWo44MoCTI.mp4: frames=384 tags=4
2026-03-07 16:04:40,595 | INFO | Selected 32 frames for question wxWo44MoCTI_0: [983, 1006, 1342, 1390, 1414, 1678, 1846, 1894, 2013, 2829, 2901, 3188, 3212, 3524, 4195, 4267, 4291, 4459, 4507, 4531, 4555, 4579, 4603, 4675, 4699, 4795, 4867, 5082, 5130, 6353, 6929, 8367]
2026-03-07 16:04:40,596 | INFO | Selecting frames for question wxWo44MoCTI_1 on video wxWo44MoCTI.mp4: frames=384 tags=4
2026-03-07 16:04:42,048 | INFO | Selected 32 frames for question wxWo44MoCTI_1: [287, 959, 1246, 1342, 1390, 2181, 3212, 3260, 3308, 3548, 3908, 4075, 4195, 4723, 4771, 4939, 5034, 5154, 5178, 5250, 5418, 5466, 5490, 5610, 5778, 5994, 6809, 6833, 7000, 7384, 7888, 8511]
2026-03-07 16:04:42,048 | INFO | Selecting frames for question VkNF0rXuDXw_0 on video VkNF0rXuDXw.mp4: frames=221 tags=4
2026-03-07 16:04:42,522 | INFO | Selected 32 frames for question VkNF0rXuDXw_0: [408, 480, 504, 552, 672, 696, 1392, 1416, 1440, 1464, 1656, 2136, 2208, 2304, 2400, 2640, 2664, 2688, 2712, 2736, 2760, 3072, 3144, 3192, 3288, 3312, 3336, 3360, 3648, 3672, 3744, 3792]
2026-03-07 16:04:42,522 | INFO | Selecting frames for question VkNF0rXuDXw_1 on video VkNF0rXuDXw.mp4: frames=221 tags=4
2026-03-07 16:04:42,917 | INFO | Selected 32 frames for question VkNF0rXuDXw_1: [48, 288, 312, 336, 408, 480, 672, 696, 768, 840, 984, 1392, 1416, 1440, 1464, 1632, 1752, 1824, 1872, 2112, 2136, 2160, 2616, 2640, 2712, 2880, 3144, 3336, 3504, 3624, 3744, 3864]
2026-03-07 16:04:42,918 | INFO | Selecting frames for question v0QLje6xYgA_0 on video v0QLje6xYgA.mp4: frames=181 tags=4
2026-03-07 16:04:43,199 | INFO | Selected 32 frames for question v0QLje6xYgA_0: [299, 329, 539, 629, 659, 689, 929, 959, 989, 1048, 1648, 1738, 1768, 2307, 2367, 2427, 2487, 2517, 2697, 2877, 3026, 3236, 3386, 3506, 3536, 3896, 4165, 4435, 4465, 4525, 4675, 5154]
2026-03-07 16:04:43,199 | INFO | Selecting frames for question UUaiqR1I454_0 on video UUaiqR1I454.mp4: frames=494 tags=4
2026-03-07 16:04:45,489 | INFO | Selected 32 frames for question UUaiqR1I454_0: [96, 120, 144, 168, 1008, 1032, 1056, 1080, 1104, 1128, 1896, 1920, 1944, 1968, 1992, 2256, 3480, 3528, 3552, 3768, 5880, 5904, 5928, 5952, 5976, 9576, 9600, 10032, 10896, 11376, 11400, 11424]
2026-03-07 16:04:45,489 | INFO | Selecting frames for question UUaiqR1I454_1 on video UUaiqR1I454.mp4: frames=494 tags=4
2026-03-07 16:04:48,216 | INFO | Selected 32 frames for question UUaiqR1I454_1: [6720, 6984, 7008, 7032, 7056, 7080, 7104, 7128, 7152, 7176, 7200, 7224, 8904, 8928, 8952, 8976, 9000, 9024, 9048, 9072, 9096, 9168, 9696, 9720, 11112, 11160, 11208, 11232, 11256, 11304, 11328, 11352]
2026-03-07 16:04:48,217 | INFO | Selecting frames for question x4dFLY_-vKs_0 on video x4dFLY_-vKs.mp4: frames=264 tags=4
2026-03-07 16:04:48,871 | INFO | Selected 32 frames for question x4dFLY_-vKs_0: [1175, 1200, 1225, 1250, 1275, 1300, 1325, 1350, 1375, 1725, 2675, 4650, 4675, 4725, 4750, 4775, 4800, 4825, 4850, 4875, 4900, 5300, 5325, 5350, 5400, 5650, 5750, 6050, 6100, 6250, 6300, 6575]
2026-03-07 16:04:48,871 | INFO | Selecting frames for question x4dFLY_-vKs_1 on video x4dFLY_-vKs.mp4: frames=264 tags=4
2026-03-07 16:04:49,448 | INFO | Selected 32 frames for question x4dFLY_-vKs_1: [25, 50, 150, 725, 750, 1000, 1025, 1050, 1075, 1100, 1125, 1150, 2700, 2950, 3000, 3075, 3175, 3200, 3475, 3750, 3775, 4425, 4450, 4475, 4500, 4525, 4550, 4575, 4600, 4625, 5900, 6050]
2026-03-07 16:04:49,449 | INFO | Selecting frames for question yn7oTvw8QRY_0 on video yn7oTvw8QRY.mp4: frames=225 tags=4
2026-03-07 16:04:49,902 | INFO | Selected 32 frames for question yn7oTvw8QRY_0: [360, 420, 450, 480, 510, 750, 930, 1080, 1230, 1380, 1680, 1710, 1860, 2310, 2820, 3150, 3570, 3750, 3810, 3840, 3870, 3900, 4350, 4440, 4500, 4620, 4950, 4980, 5340, 5550, 5580, 5970]
2026-03-07 16:04:49,902 | INFO | Selecting frames for question yn7oTvw8QRY_1 on video yn7oTvw8QRY.mp4: frames=225 tags=4
2026-03-07 16:04:50,329 | INFO | Selected 32 frames for question yn7oTvw8QRY_1: [330, 420, 480, 510, 1470, 1710, 1860, 1890, 2250, 2280, 2310, 2340, 2820, 2970, 3270, 3390, 3870, 4440, 4620, 5250, 5310, 5340, 5370, 5550, 5580, 5790, 5880, 5910, 5940, 5970, 6090, 6120]
2026-03-07 16:04:50,329 | INFO | Selecting frames for question t1nhAnMQBHg_0 on video t1nhAnMQBHg.mp4: frames=398 tags=4
2026-03-07 16:04:51,862 | INFO | Selected 32 frames for question t1nhAnMQBHg_0: [1408, 1438, 1678, 1978, 2007, 2037, 2067, 2457, 2637, 3386, 3446, 3476, 3506, 3746, 4855, 5154, 5334, 5484, 5604, 5724, 6173, 6233, 6293, 7282, 7432, 7672, 7822, 8841, 9230, 10249, 10579, 11178]
2026-03-07 16:04:51,862 | INFO | Selecting frames for question s1TjVlKBpjs_0 on video s1TjVlKBpjs.mp4: frames=212 tags=4
2026-03-07 16:04:52,294 | INFO | Selected 32 frames for question s1TjVlKBpjs_0: [24, 48, 72, 120, 144, 168, 360, 576, 696, 720, 864, 888, 912, 936, 960, 984, 1536, 2568, 2640, 2688, 2712, 2976, 3168, 3192, 3216, 3240, 3264, 3480, 3648, 4344, 4368, 4752]
2026-03-07 16:04:52,294 | INFO | Selecting frames for question s1TjVlKBpjs_1 on video s1TjVlKBpjs.mp4: frames=212 tags=4
2026-03-07 16:04:52,657 | INFO | Selected 32 frames for question s1TjVlKBpjs_1: [192, 216, 240, 264, 288, 312, 336, 360, 1656, 1704, 1752, 2280, 2304, 2328, 2424, 2448, 2472, 2496, 2520, 2544, 2568, 2592, 2616, 2640, 2928, 2976, 3048, 3072, 3096, 3144, 3288, 4680]
2026-03-07 16:04:52,657 | INFO | Selecting frames for question KIf2fGmluhY_0 on video KIf2fGmluhY.mp4: frames=508 tags=4
2026-03-07 16:04:55,137 | INFO | Selected 32 frames for question KIf2fGmluhY_0: [3120, 3180, 3210, 3240, 3270, 4200, 4230, 4260, 4290, 4320, 4350, 4380, 4560, 4590, 4620, 4680, 4710, 4740, 4770, 4800, 4830, 4860, 4890, 5220, 5250, 5280, 5310, 5340, 5370, 7860, 10320, 14820]
2026-03-07 16:04:55,138 | INFO | Selecting frames for question KIf2fGmluhY_1 on video KIf2fGmluhY.mp4: frames=508 tags=4
2026-03-07 16:04:57,665 | INFO | Selected 32 frames for question KIf2fGmluhY_1: [3120, 3180, 3210, 3240, 3270, 3300, 3330, 3360, 3390, 3420, 3450, 3480, 3510, 3540, 3570, 3600, 3630, 3690, 3780, 3810, 3840, 3870, 4170, 4740, 4860, 4890, 5520, 13380, 14490, 14520, 14550, 14580]
2026-03-07 16:04:57,665 | INFO | Selecting frames for question eJr-y6UXnRE_0 on video eJr-y6UXnRE.mp4: frames=592 tags=4
2026-03-07 16:05:01,039 | INFO | Selected 32 frames for question eJr-y6UXnRE_0: [1950, 2000, 2100, 2875, 3800, 3850, 3875, 4125, 6800, 10775, 10800, 10875, 11150, 11200, 12600, 12625, 12650, 12675, 12700, 12825, 13075, 13125, 13175, 13200, 13225, 13250, 13275, 13300, 13325, 13350, 13375, 13400]
2026-03-07 16:05:01,039 | INFO | Selecting frames for question eJr-y6UXnRE_1 on video eJr-y6UXnRE.mp4: frames=592 tags=4
2026-03-07 16:05:04,287 | INFO | Selected 32 frames for question eJr-y6UXnRE_1: [75, 250, 1650, 3150, 3175, 3200, 6300, 9500, 11150, 13800, 13825, 13850, 13875, 13900, 13925, 13950, 13975, 14000, 14025, 14050, 14075, 14100, 14125, 14250, 14275, 14300, 14325, 14350, 14425, 14475, 14575, 14675]
2026-03-07 16:05:04,287 | INFO | Selecting frames for question _zEM6Fc-7NI_0 on video _zEM6Fc-7NI.mp4: frames=285 tags=4
2026-03-07 16:05:05,068 | INFO | Selected 32 frames for question _zEM6Fc-7NI_0: [0, 23, 47, 311, 407, 431, 575, 623, 647, 671, 695, 887, 911, 935, 959, 983, 1006, 1030, 1054, 1318, 1342, 1606, 2685, 2709, 3668, 4939, 5106, 5130, 5898, 5946, 5970, 6017]
2026-03-07 16:05:05,068 | INFO | Selecting frames for question _zEM6Fc-7NI_1 on video _zEM6Fc-7NI.mp4: frames=285 tags=4
2026-03-07 16:05:05,831 | INFO | Selected 32 frames for question _zEM6Fc-7NI_1: [0, 23, 47, 71, 95, 119, 143, 167, 191, 215, 239, 263, 407, 431, 479, 1150, 1174, 1198, 1318, 1342, 1366, 1390, 1486, 2877, 3332, 3356, 3380, 4699, 4987, 5058, 5106, 5946]
2026-03-07 16:05:05,831 | INFO | Selecting frames for question Z00vWImw1KQ_0 on video Z00vWImw1KQ.mp4: frames=476 tags=4
2026-03-07 16:05:08,153 | INFO | Selected 32 frames for question Z00vWImw1KQ_0: [1100, 1600, 1625, 1650, 1700, 1725, 1750, 1775, 1825, 1850, 1900, 2050, 2125, 2150, 2700, 2750, 2775, 2800, 2875, 2900, 3150, 3775, 3800, 3850, 6825, 8625, 9275, 10925, 11325, 11350, 11850, 11875]
2026-03-07 16:05:08,153 | INFO | Selecting frames for question Z00vWImw1KQ_1 on video Z00vWImw1KQ.mp4: frames=476 tags=4
2026-03-07 16:05:10,570 | INFO | Selected 32 frames for question Z00vWImw1KQ_1: [1925, 2050, 2225, 2250, 3850, 3875, 5050, 5075, 5100, 5125, 5175, 6825, 8275, 8600, 8625, 8650, 8725, 10600, 10650, 11125, 11175, 11325, 11350, 11375, 11525, 11625, 11725, 11750, 11775, 11800, 11850, 11875]
2026-03-07 16:05:10,570 | INFO | Selecting frames for question tGiRbGGwRj8_0 on video tGiRbGGwRj8.mp4: frames=223 tags=4
2026-03-07 16:05:11,038 | INFO | Selected 32 frames for question tGiRbGGwRj8_0: [23, 47, 95, 167, 239, 311, 335, 503, 647, 1174, 1246, 1534, 2205, 2469, 2613, 3620, 3644, 3836, 4363, 5010, 5034, 5058, 5106, 5130, 5154, 5178, 5202, 5226, 5250, 5274, 5298, 5322]
2026-03-07 16:05:11,038 | INFO | Selecting frames for question tGiRbGGwRj8_1 on video tGiRbGGwRj8.mp4: frames=223 tags=4
2026-03-07 16:05:11,504 | INFO | Selected 32 frames for question tGiRbGGwRj8_1: [23, 47, 71, 95, 119, 143, 167, 1030, 1246, 1342, 2181, 3620, 3644, 3692, 3740, 3812, 3836, 3884, 3908, 3932, 4027, 4099, 4123, 4147, 4171, 4195, 4219, 4243, 4267, 4579, 4627, 5058]
2026-03-07 16:05:11,504 | INFO | Selecting frames for question ixlQX7lV8dc_0 on video ixlQX7lV8dc.mp4: frames=590 tags=4
2026-03-07 16:05:14,742 | INFO | Selected 32 frames for question ixlQX7lV8dc_0: [2187, 2397, 2997, 3026, 3056, 3146, 4885, 5034, 6293, 6683, 7702, 7732, 7792, 7912, 7942, 9260, 9320, 9380, 9440, 10939, 13396, 13426, 14295, 14715, 14745, 14775, 15224, 15254, 15284, 15314, 15344, 15374]
2026-03-07 16:05:14,743 | INFO | Selecting frames for question ixlQX7lV8dc_1 on video ixlQX7lV8dc.mp4: frames=590 tags=4
2026-03-07 16:05:18,141 | INFO | Selected 32 frames for question ixlQX7lV8dc_1: [1468, 2997, 4255, 6443, 6473, 6503, 6533, 7492, 7552, 8151, 8181, 8211, 8241, 8271, 8301, 8331, 9140, 10639, 10669, 10699, 10729, 10759, 11628, 11658, 11688, 11718, 11778, 11808, 11838, 11868, 11898, 13006]
2026-03-07 16:05:18,142 | INFO | Selecting frames for question AnLMDMzO4QY_0 on video AnLMDMzO4QY.mp4: frames=261 tags=4
2026-03-07 16:05:18,782 | INFO | Selected 32 frames for question AnLMDMzO4QY_0: [0, 71, 767, 1102, 1126, 1150, 1174, 2277, 2445, 2493, 2997, 3044, 3116, 3140, 3164, 3356, 3380, 3404, 3476, 3716, 4411, 4555, 4579, 4603, 4627, 4651, 5202, 5346, 5370, 5418, 5466, 5514]
2026-03-07 16:05:18,782 | INFO | Selecting frames for question AnLMDMzO4QY_1 on video AnLMDMzO4QY.mp4: frames=261 tags=4
2026-03-07 16:05:19,341 | INFO | Selected 32 frames for question AnLMDMzO4QY_1: [0, 71, 575, 983, 1030, 1078, 1102, 1126, 1150, 1174, 2277, 2493, 3044, 3116, 3692, 3716, 3740, 4555, 4579, 4603, 4627, 4651, 4771, 4867, 5202, 5250, 5274, 5346, 5442, 5490, 5514, 6041]
2026-03-07 16:05:19,341 | INFO | Selecting frames for question marOr6mJefE_0 on video marOr6mJefE.mp4: frames=367 tags=4
2026-03-07 16:05:20,708 | INFO | Selected 32 frames for question marOr6mJefE_0: [335, 863, 1366, 1390, 1414, 2301, 2637, 2997, 3020, 3044, 3068, 3092, 3140, 3164, 3188, 3212, 3332, 3380, 3404, 3548, 5274, 5346, 6041, 6065, 6113, 6185, 6401, 6425, 6473, 6497, 6521, 8271]
2026-03-07 16:05:20,709 | INFO | Selecting frames for question marOr6mJefE_1 on video marOr6mJefE.mp4: frames=367 tags=4
2026-03-07 16:05:22,028 | INFO | Selected 32 frames for question marOr6mJefE_1: [239, 287, 311, 335, 1606, 2973, 2997, 3044, 3068, 3236, 3260, 3284, 3308, 3332, 3548, 6425, 6809, 6833, 6857, 6881, 6905, 7168, 7192, 7288, 7360, 7696, 7744, 8031, 8127, 8535, 8583, 8607]
2026-03-07 16:05:22,029 | INFO | Selecting frames for question LHXS0QR1ThA_0 on video LHXS0QR1ThA.mp4: frames=484 tags=4
2026-03-07 16:05:24,223 | INFO | Selected 32 frames for question LHXS0QR1ThA_0: [0, 30, 60, 90, 120, 150, 4230, 8790, 10950, 11280, 11760, 11790, 11820, 11850, 11880, 11910, 11940, 12240, 12270, 12300, 12330, 12360, 12480, 12510, 12540, 12570, 12600, 12630, 12660, 12690, 12750, 12810]
2026-03-07 16:05:24,223 | INFO | Selecting frames for question qjY9kmveQAk_0 on video qjY9kmveQAk.mp4: frames=589 tags=4
2026-03-07 16:05:27,742 | INFO | Selected 32 frames for question qjY9kmveQAk_0: [779, 809, 839, 1018, 1048, 1108, 1138, 1168, 1198, 1708, 1738, 6113, 6143, 6173, 6233, 8721, 8751, 8811, 8841, 8871, 8901, 8931, 8961, 8991, 13606, 13756, 13786, 13816, 13846, 16183, 16213, 16243]
2026-03-07 16:05:27,742 | INFO | Selecting frames for question qjY9kmveQAk_1 on video qjY9kmveQAk.mp4: frames=589 tags=4
2026-03-07 16:05:31,014 | INFO | Selected 32 frames for question qjY9kmveQAk_1: [959, 989, 1018, 1048, 1078, 1108, 1138, 1168, 1198, 1678, 6113, 6173, 6203, 8871, 8931, 8961, 10849, 12407, 12797, 12827, 12857, 12887, 12917, 13786, 13816, 13846, 13876, 13906, 13936, 16183, 16213, 16243]
2026-03-07 16:05:31,014 | INFO | Selecting frames for question QHS9ZZBdK-g_0 on video QHS9ZZBdK-g.mp4: frames=375 tags=4
2026-03-07 16:05:32,290 | INFO | Selected 32 frames for question QHS9ZZBdK-g_0: [1290, 1320, 1380, 1410, 1980, 2010, 2040, 2070, 2100, 2130, 2160, 3600, 4110, 4140, 4230, 4410, 4470, 5070, 5940, 6030, 6060, 6150, 6660, 6690, 6720, 6750, 6780, 6810, 6840, 6870, 6900, 8700]
2026-03-07 16:05:32,290 | INFO | Selecting frames for question QHS9ZZBdK-g_1 on video QHS9ZZBdK-g.mp4: frames=375 tags=4
2026-03-07 16:05:33,612 | INFO | Selected 32 frames for question QHS9ZZBdK-g_1: [2850, 2880, 2910, 2940, 2970, 3600, 3630, 3660, 3960, 3990, 4020, 4050, 4080, 4110, 4140, 4170, 4200, 4230, 4260, 4290, 4320, 4350, 4380, 4410, 4440, 4470, 5070, 8700, 8730, 8760, 10620, 10650]
2026-03-07 16:05:33,613 | INFO | Selecting frames for question h0OHi9uAcBo_0 on video h0OHi9uAcBo.mp4: frames=224 tags=4
2026-03-07 16:05:34,056 | INFO | Selected 32 frames for question h0OHi9uAcBo_0: [89, 179, 269, 1198, 1288, 1978, 2007, 2037, 2067, 2097, 2127, 2457, 3086, 3506, 3536, 3566, 3596, 3626, 3656, 3686, 4045, 4105, 4165, 4225, 4975, 5004, 5784, 5874, 5904, 6293, 6323, 6383]
2026-03-07 16:05:34,057 | INFO | Selecting frames for question h0OHi9uAcBo_1 on video h0OHi9uAcBo.mp4: frames=224 tags=4
2026-03-07 16:05:34,598 | INFO | Selected 32 frames for question h0OHi9uAcBo_1: [89, 419, 1348, 1378, 1408, 1438, 1468, 1888, 1978, 2037, 2097, 2337, 2817, 3326, 3356, 3416, 3626, 4105, 4135, 4165, 4195, 4225, 4255, 4735, 5634, 5874, 5904, 5964, 6113, 6233, 6293, 6323]
2026-03-07 16:05:34,598 | INFO | Selecting frames for question SO3czkzeFjw_0 on video SO3czkzeFjw.mp4: frames=401 tags=4
2026-03-07 16:05:36,017 | INFO | Selected 32 frames for question SO3czkzeFjw_0: [119, 1894, 3356, 3380, 3404, 3428, 3452, 3500, 3524, 3596, 3812, 4915, 5058, 5082, 5106, 5514, 6473, 6497, 6593, 6905, 6977, 7024, 7048, 7072, 7096, 7168, 7192, 7216, 7240, 7264, 7288, 9398]
2026-03-07 16:05:36,017 | INFO | Selecting frames for question SO3czkzeFjw_1 on video SO3czkzeFjw.mp4: frames=401 tags=4
2026-03-07 16:05:37,510 | INFO | Selected 32 frames for question SO3czkzeFjw_1: [119, 143, 167, 839, 1918, 1942, 1966, 1990, 2805, 2949, 3380, 3404, 3428, 3452, 3476, 3500, 3524, 3596, 5058, 5082, 5106, 5322, 6473, 6593, 6689, 7024, 7072, 7192, 7264, 8007, 9158, 9518]
2026-03-07 16:05:37,510 | INFO | Selecting frames for question liRm38L9EC4_0 on video liRm38L9EC4.mp4: frames=191 tags=4
2026-03-07 16:05:37,840 | INFO | Selected 32 frames for question liRm38L9EC4_0: [0, 23, 47, 71, 95, 119, 143, 167, 191, 215, 239, 263, 287, 311, 743, 767, 1702, 1750, 1894, 1966, 2301, 2493, 2541, 2757, 2853, 2925, 3236, 3380, 3452, 3476, 3548, 3692]
2026-03-07 16:05:37,840 | INFO | Selecting frames for question liRm38L9EC4_1 on video liRm38L9EC4.mp4: frames=191 tags=4
2026-03-07 16:05:38,140 | INFO | Selected 32 frames for question liRm38L9EC4_1: [383, 407, 431, 455, 479, 503, 527, 551, 863, 1030, 1150, 1222, 1246, 1270, 1294, 1318, 1342, 1366, 1390, 1414, 1438, 1462, 1486, 1510, 1534, 1558, 1582, 1894, 2301, 2853, 4339, 4363]
2026-03-07 16:05:38,141 | INFO | Selecting frames for question zk6fgbXI5AE_0 on video zk6fgbXI5AE.mp4: frames=389 tags=4
2026-03-07 16:05:39,598 | INFO | Selected 32 frames for question zk6fgbXI5AE_0: [599, 1318, 1462, 2181, 2589, 3740, 3764, 4939, 5034, 5082, 5106, 5130, 5250, 5562, 5658, 5802, 5826, 5898, 5946, 6041, 6065, 6425, 6497, 6521, 6953, 7048, 7072, 7096, 7144, 7168, 7240, 7336]
2026-03-07 16:05:39,598 | INFO | Selecting frames for question zk6fgbXI5AE_1 on video zk6fgbXI5AE.mp4: frames=389 tags=4
2026-03-07 16:05:40,930 | INFO | Selected 32 frames for question zk6fgbXI5AE_1: [4915, 4987, 5010, 5034, 5058, 5154, 5178, 5250, 5298, 5418, 5658, 5706, 5730, 5994, 6017, 6209, 6233, 6473, 6497, 6521, 6545, 6569, 6833, 6857, 6953, 6977, 7000, 7024, 7120, 7144, 7168, 7264]
2026-03-07 16:05:40,931 | INFO | Selecting frames for question fxCRCMLJ0PU_0 on video fxCRCMLJ0PU.mp4: frames=291 tags=4
2026-03-07 16:05:41,853 | INFO | Selected 32 frames for question fxCRCMLJ0PU_0: [72, 240, 288, 600, 696, 720, 792, 816, 840, 864, 888, 912, 960, 1032, 1224, 1272, 1392, 1416, 1440, 1464, 1488, 1512, 3024, 4848, 5136, 5160, 5184, 5208, 5232, 5256, 5280, 5448]
2026-03-07 16:05:41,853 | INFO | Selecting frames for question bUaFXONIXzM_0 on video bUaFXONIXzM.mp4: frames=526 tags=4
2026-03-07 16:05:44,459 | INFO | Selected 32 frames for question bUaFXONIXzM_0: [1250, 3800, 3875, 4150, 4175, 4250, 4450, 4475, 4500, 4550, 4575, 4600, 4650, 4675, 4700, 4725, 4750, 4775, 4825, 4900, 5225, 6650, 6775, 7550, 7625, 8475, 8500, 8725, 8750, 8875, 8925, 12150]
2026-03-07 16:05:44,459 | INFO | Selecting frames for question bUaFXONIXzM_1 on video bUaFXONIXzM.mp4: frames=526 tags=4
2026-03-07 16:05:47,006 | INFO | Selected 32 frames for question bUaFXONIXzM_1: [1250, 3800, 3900, 4075, 4150, 4375, 4425, 4475, 4500, 4775, 4800, 4875, 5050, 5075, 5100, 5325, 5625, 5650, 5800, 6650, 6700, 6775, 6800, 7450, 7475, 7550, 7625, 8500, 8525, 8875, 8925, 12150]
2026-03-07 16:05:47,007 | INFO | Selecting frames for question kLuqCtnKr_8_0 on video kLuqCtnKr_8.mp4: frames=600 tags=4
2026-03-07 16:05:50,991 | INFO | Selected 32 frames for question kLuqCtnKr_8_0: [149, 209, 2067, 2097, 2157, 2187, 2307, 2697, 2757, 4195, 4225, 4255, 4285, 4315, 4345, 4495, 14925, 14955, 14985, 15104, 15194, 15224, 15284, 15314, 15344, 15374, 15404, 15434, 15464, 15584, 15614, 15824]
2026-03-07 16:05:50,991 | INFO | Selecting frames for question kLuqCtnKr_8_1 on video kLuqCtnKr_8.mp4: frames=600 tags=4
2026-03-07 16:05:54,952 | INFO | Selected 32 frames for question kLuqCtnKr_8_1: [1198, 1288, 1318, 1348, 1678, 1708, 1738, 1768, 1798, 1828, 3446, 3986, 8211, 8331, 8361, 9470, 10309, 12317, 14085, 14805, 14865, 16183, 16213, 16243, 16273, 16303, 16483, 16513, 16543, 17802, 17892, 17952]
2026-03-07 16:05:54,953 | INFO | Selecting frames for question 5zbV24vyO44_0 on video 5zbV24vyO44.mp4: frames=543 tags=4
2026-03-07 16:05:58,071 | INFO | Selected 32 frames for question 5zbV24vyO44_0: [1860, 4920, 4950, 4980, 5010, 5040, 5070, 5100, 5130, 5160, 5190, 5220, 5250, 5280, 5310, 5340, 5370, 5400, 5430, 5460, 5490, 5520, 5550, 5580, 5610, 5640, 5670, 5700, 5730, 5940, 5970, 6960]
2026-03-07 16:05:58,072 | INFO | Selecting frames for question 5zbV24vyO44_1 on video 5zbV24vyO44.mp4: frames=543 tags=4
2026-03-07 16:06:01,072 | INFO | Selected 32 frames for question 5zbV24vyO44_1: [1890, 4920, 4950, 4980, 5010, 5040, 5070, 5100, 5130, 5160, 5190, 5220, 5250, 5280, 5400, 5520, 5610, 5640, 5670, 5700, 5730, 5850, 5970, 6000, 6090, 6120, 6180, 6240, 6390, 6450, 6480, 6510]
2026-03-07 16:06:01,072 | INFO | Selecting frames for question OGaML8Gg8JQ_0 on video OGaML8Gg8JQ.mp4: frames=542 tags=4
2026-03-07 16:06:04,945 | INFO | Selected 32 frames for question OGaML8Gg8JQ_0: [47, 71, 95, 119, 143, 167, 191, 215, 431, 455, 479, 2565, 4075, 4387, 4459, 4795, 4819, 5706, 5922, 5946, 5970, 5994, 6161, 6257, 6281, 8079, 8127, 9590, 10141, 12299, 12323, 12395]
2026-03-07 16:06:04,946 | INFO | Selecting frames for question OGaML8Gg8JQ_1 on video OGaML8Gg8JQ.mp4: frames=542 tags=4
2026-03-07 16:06:08,016 | INFO | Selected 32 frames for question OGaML8Gg8JQ_1: [1558, 1942, 1966, 1990, 2013, 2037, 2061, 2109, 2685, 2781, 2829, 3764, 3788, 3812, 3836, 4315, 4387, 4435, 5874, 6473, 6521, 6545, 6569, 6617, 6713, 8535, 11244, 11292, 11316, 11340, 11412, 11460]
2026-03-07 16:06:08,017 | INFO | Selecting frames for question otaJfBSlsG8_0 on video otaJfBSlsG8.mp4: frames=526 tags=4
2026-03-07 16:06:10,649 | INFO | Selected 32 frames for question otaJfBSlsG8_0: [269, 809, 989, 1108, 1258, 1888, 1978, 2067, 2097, 2517, 2547, 2577, 4435, 5694, 12257, 12377, 12407, 13876, 13936, 13966, 13995, 14025, 15074, 15104, 15134, 15164, 15344, 15374, 15404, 15464, 15494, 15674]
2026-03-07 16:06:10,650 | INFO | Selecting frames for question otaJfBSlsG8_1 on video otaJfBSlsG8.mp4: frames=526 tags=4
2026-03-07 16:06:13,233 | INFO | Selected 32 frames for question otaJfBSlsG8_1: [2577, 2607, 2907, 3026, 4315, 4435, 4735, 4945, 5094, 5214, 5244, 5694, 6893, 7192, 7222, 9650, 9770, 9860, 10099, 10159, 10189, 10219, 10249, 10489, 10789, 10819, 11628, 11718, 11748, 12017, 12077, 13995]
2026-03-07 16:06:13,233 | INFO | Selecting frames for question 60-ADf8OL9A_0 on video 60-ADf8OL9A.mp4: frames=336 tags=4
2026-03-07 16:06:14,533 | INFO | Selected 32 frames for question 60-ADf8OL9A_0: [0, 23, 47, 71, 623, 1606, 3620, 3644, 3668, 3692, 3716, 3860, 3884, 3908, 3932, 3956, 3980, 5250, 5274, 5298, 5322, 5346, 5898, 5922, 5946, 6713, 7504, 7528, 7960, 7984, 8007, 8031]
2026-03-07 16:06:14,533 | INFO | Selecting frames for question 60-ADf8OL9A_1 on video 60-ADf8OL9A.mp4: frames=336 tags=4
2026-03-07 16:06:15,774 | INFO | Selected 32 frames for question 60-ADf8OL9A_1: [0, 23, 47, 71, 575, 599, 623, 647, 719, 1030, 1126, 1366, 1390, 1414, 1606, 2613, 3260, 3284, 3308, 3692, 4123, 4387, 5394, 5610, 5778, 6473, 6761, 6809, 6905, 7336, 7960, 7984]
2026-03-07 16:06:15,775 | INFO | Selecting frames for question VL259eBJ68w_0 on video VL259eBJ68w.mp4: frames=550 tags=4
2026-03-07 16:06:18,882 | INFO | Selected 32 frames for question VL259eBJ68w_0: [689, 779, 809, 839, 869, 899, 929, 1288, 2127, 2217, 2247, 2637, 3506, 3896, 3926, 3956, 4015, 4315, 4405, 5874, 5904, 6023, 6053, 6083, 10939, 12467, 12587, 14625, 14655, 14715, 14745, 15164]
2026-03-07 16:06:18,883 | INFO | Selecting frames for question VL259eBJ68w_1 on video VL259eBJ68w.mp4: frames=550 tags=4
2026-03-07 16:06:22,312 | INFO | Selected 32 frames for question VL259eBJ68w_1: [779, 809, 839, 869, 899, 1288, 2187, 2247, 3476, 3896, 3926, 3956, 3986, 4015, 4045, 4135, 4255, 4315, 4405, 4645, 4735, 4765, 5814, 5874, 5904, 5964, 5994, 6023, 6083, 6593, 6623, 7822]
2026-03-07 16:06:22,313 | INFO | Selecting frames for question d8H7hgQY9ew_0 on video d8H7hgQY9ew.mp4: frames=439 tags=4
2026-03-07 16:06:24,348 | INFO | Selected 32 frames for question d8H7hgQY9ew_0: [1075, 2250, 2375, 3200, 3475, 5100, 5125, 5600, 6800, 8900, 8925, 9300, 9325, 9350, 9375, 9400, 9425, 9500, 9550, 9600, 9625, 9650, 9675, 9700, 10000, 10050, 10325, 10350, 10425, 10450, 10475, 10625]
2026-03-07 16:06:24,348 | INFO | Selecting frames for question d8H7hgQY9ew_1 on video d8H7hgQY9ew.mp4: frames=439 tags=4
2026-03-07 16:06:26,062 | INFO | Selected 32 frames for question d8H7hgQY9ew_1: [75, 125, 2675, 2925, 2975, 3025, 3625, 3675, 3725, 3750, 3825, 3850, 3875, 6300, 6325, 6800, 6900, 6950, 7000, 7175, 7200, 8150, 8350, 8400, 8425, 8450, 8475, 8525, 8575, 8600, 8650, 8700]
2026-03-07 16:06:26,063 | INFO | Selecting frames for question LYvStKy8iAc_0 on video LYvStKy8iAc.mp4: frames=575 tags=4
2026-03-07 16:06:29,147 | INFO | Selected 32 frames for question LYvStKy8iAc_0: [1575, 1900, 1950, 2450, 2475, 2525, 3050, 3450, 3500, 3750, 3800, 3850, 5075, 5100, 5125, 5150, 5175, 5200, 5225, 5925, 6075, 6950, 6975, 7000, 7575, 8550, 8850, 8875, 10050, 10100, 10125, 13475]
2026-03-07 16:06:29,148 | INFO | Selecting frames for question LYvStKy8iAc_1 on video LYvStKy8iAc.mp4: frames=575 tags=4
2026-03-07 16:06:32,140 | INFO | Selected 32 frames for question LYvStKy8iAc_1: [1400, 1575, 1900, 1950, 2525, 2550, 2675, 2700, 2800, 2875, 3450, 3500, 3550, 3750, 3850, 3900, 5925, 6075, 6950, 7000, 7500, 7575, 8525, 8550, 8850, 8875, 10025, 10100, 10200, 11375, 11750, 13475]
2026-03-07 16:06:32,140 | INFO | Selecting frames for question rIU_BQEuKQ8_0 on video rIU_BQEuKQ8.mp4: frames=290 tags=4
2026-03-07 16:06:32,837 | INFO | Selected 32 frames for question rIU_BQEuKQ8_0: [29, 269, 299, 359, 449, 479, 2247, 2307, 2727, 2787, 2877, 3536, 3596, 5664, 5814, 6503, 6563, 6833, 6863, 6893, 6923, 7252, 7312, 7342, 7402, 7432, 7612, 7882, 8121, 8151, 8211, 8241]
2026-03-07 16:06:32,837 | INFO | Selecting frames for question X0U3fP0tZyY_0 on video X0U3fP0tZyY.mp4: frames=458 tags=4
2026-03-07 16:06:34,757 | INFO | Selected 32 frames for question X0U3fP0tZyY_0: [509, 539, 569, 599, 629, 659, 689, 719, 749, 779, 809, 839, 869, 929, 959, 989, 1048, 1078, 1168, 1228, 1258, 1468, 1498, 1528, 1558, 1588, 1618, 1648, 1678, 1708, 1738, 8121]
2026-03-07 16:06:34,757 | INFO | Selecting frames for question X0U3fP0tZyY_1 on video X0U3fP0tZyY.mp4: frames=458 tags=4
2026-03-07 16:06:36,602 | INFO | Selected 32 frames for question X0U3fP0tZyY_1: [0, 1258, 1828, 1858, 1918, 1978, 2337, 2397, 2727, 2937, 3446, 3806, 3986, 4015, 4075, 4105, 4615, 4765, 4825, 4855, 5124, 5154, 5334, 5394, 5634, 5664, 5724, 5874, 5904, 9860, 10549, 10609]
2026-03-07 16:06:36,602 | INFO | Selecting frames for question NexB4vj8_54_0 on video NexB4vj8_54.mp4: frames=228 tags=4
2026-03-07 16:06:37,062 | INFO | Selected 32 frames for question NexB4vj8_54_0: [50, 325, 350, 450, 525, 550, 575, 600, 625, 1100, 1150, 1175, 1200, 1225, 1350, 1375, 1400, 1650, 2250, 2375, 2575, 2900, 2950, 2975, 3000, 3025, 3050, 3075, 3100, 3175, 3450, 4250]
2026-03-07 16:06:37,062 | INFO | Selecting frames for question NexB4vj8_54_1 on video NexB4vj8_54.mp4: frames=228 tags=4
2026-03-07 16:06:37,528 | INFO | Selected 32 frames for question NexB4vj8_54_1: [1350, 1375, 1400, 1450, 1650, 1675, 3825, 3850, 4100, 4350, 4400, 4500, 4525, 4575, 4600, 4625, 4650, 4675, 4700, 4725, 4750, 4775, 4800, 4825, 4850, 4900, 5150, 5175, 5200, 5225, 5325, 5550]
2026-03-07 16:06:37,529 | INFO | Selecting frames for question JpjytHmGHZ4_0 on video JpjytHmGHZ4.mp4: frames=228 tags=4
2026-03-07 16:06:37,996 | INFO | Selected 32 frames for question JpjytHmGHZ4_0: [50, 100, 250, 425, 500, 525, 550, 575, 625, 650, 675, 1575, 1675, 1750, 1775, 1800, 2000, 2575, 3000, 3550, 3600, 3650, 3825, 3900, 4400, 4500, 4600, 4775, 4825, 5100, 5125, 5650]
2026-03-07 16:06:37,997 | INFO | Selecting frames for question JpjytHmGHZ4_1 on video JpjytHmGHZ4.mp4: frames=228 tags=4
2026-03-07 16:06:38,471 | INFO | Selected 32 frames for question JpjytHmGHZ4_1: [100, 350, 375, 475, 500, 550, 575, 625, 650, 1475, 1675, 1700, 1725, 1750, 1775, 1850, 1875, 1900, 1950, 1975, 2800, 2850, 2875, 2900, 3550, 3850, 4500, 4750, 5075, 5125, 5150, 5650]
2026-03-07 16:06:38,471 | INFO | Selecting frames for question Ng2rNm6Nwsg_0 on video Ng2rNm6Nwsg.mp4: frames=254 tags=4
2026-03-07 16:06:39,010 | INFO | Selected 32 frames for question Ng2rNm6Nwsg_0: [1126, 1246, 1270, 1294, 1318, 1630, 2085, 2205, 2229, 2253, 2277, 2301, 2325, 2709, 3260, 3476, 3524, 3548, 3572, 3596, 3764, 4339, 4363, 4387, 4411, 4435, 4459, 4483, 4507, 4531, 4675, 5274]
2026-03-07 16:06:39,010 | INFO | Selecting frames for question Ng2rNm6Nwsg_1 on video Ng2rNm6Nwsg.mp4: frames=254 tags=4
2026-03-07 16:06:39,626 | INFO | Selected 32 frames for question Ng2rNm6Nwsg_1: [407, 1126, 1318, 1630, 2085, 2109, 2133, 2205, 2229, 2253, 2277, 2301, 2325, 2349, 2517, 2709, 2733, 3476, 3500, 3524, 3572, 3596, 3620, 3764, 3788, 4363, 4411, 4435, 4531, 5106, 5226, 5274]
2026-03-07 16:06:39,627 | INFO | Selecting frames for question BktEeBeA7a8_0 on video BktEeBeA7a8.mp4: frames=320 tags=4
2026-03-07 16:06:40,689 | INFO | Selected 32 frames for question BktEeBeA7a8_0: [0, 675, 700, 725, 750, 775, 850, 1575, 1600, 1625, 1650, 1675, 1700, 1725, 1750, 1775, 1800, 1825, 1950, 2000, 2025, 2150, 2175, 2200, 2225, 2250, 2275, 2325, 3100, 3725, 5050, 6725]
2026-03-07 16:06:40,689 | INFO | Selecting frames for question BktEeBeA7a8_1 on video BktEeBeA7a8.mp4: frames=320 tags=4
2026-03-07 16:06:41,666 | INFO | Selected 32 frames for question BktEeBeA7a8_1: [625, 3725, 3750, 3825, 3850, 4075, 4100, 4175, 4200, 4250, 4275, 4350, 4375, 4400, 4425, 4550, 4600, 4725, 4750, 4775, 4800, 4825, 4850, 5000, 5025, 5050, 5075, 5200, 5225, 5450, 5475, 5575]
2026-03-07 16:06:41,667 | INFO | Selecting frames for question ydm72ftJStQ_0 on video ydm72ftJStQ.mp4: frames=277 tags=4
2026-03-07 16:06:42,300 | INFO | Selected 32 frames for question ydm72ftJStQ_0: [250, 1350, 2500, 3250, 3500, 3625, 3650, 4275, 4300, 4325, 4575, 4725, 4750, 5175, 5225, 5250, 5275, 5325, 5400, 5425, 5450, 5500, 5525, 5550, 5725, 5775, 6125, 6150, 6250, 6275, 6300, 6675]
2026-03-07 16:06:42,301 | INFO | Selecting frames for question ydm72ftJStQ_1 on video ydm72ftJStQ.mp4: frames=277 tags=4
2026-03-07 16:06:43,220 | INFO | Selected 32 frames for question ydm72ftJStQ_1: [75, 100, 125, 150, 175, 200, 225, 250, 275, 300, 325, 350, 375, 400, 450, 475, 500, 525, 550, 625, 800, 875, 900, 975, 1000, 2475, 5800, 6700, 6725, 6850, 6875, 6900]
2026-03-07 16:06:43,220 | INFO | Selecting frames for question 88LbBgZP1vQ_0 on video 88LbBgZP1vQ.mp4: frames=488 tags=4
2026-03-07 16:06:45,528 | INFO | Selected 32 frames for question 88LbBgZP1vQ_0: [180, 240, 510, 570, 630, 750, 780, 810, 960, 990, 1050, 1140, 1230, 1320, 1380, 1410, 1530, 1740, 1770, 1800, 2700, 3000, 3030, 3480, 3540, 3990, 10860, 11160, 11190, 11250, 11910, 14400]
2026-03-07 16:06:45,529 | INFO | Selecting frames for question 88LbBgZP1vQ_1 on video 88LbBgZP1vQ.mp4: frames=488 tags=4
2026-03-07 16:06:47,833 | INFO | Selected 32 frames for question 88LbBgZP1vQ_1: [1890, 5520, 5550, 5610, 5700, 5730, 5820, 5850, 5880, 5910, 5940, 5970, 6000, 6150, 6180, 6270, 6300, 6330, 6360, 6390, 6420, 6450, 6480, 7020, 7080, 7140, 7350, 7380, 7560, 7590, 8040, 8490]
2026-03-07 16:06:47,834 | INFO | Selecting frames for question F7RSW-2rF4w_0 on video F7RSW-2rF4w.mp4: frames=482 tags=4
2026-03-07 16:06:50,041 | INFO | Selected 32 frames for question F7RSW-2rF4w_0: [540, 1920, 2490, 2520, 3570, 3600, 3630, 4920, 5430, 5700, 5790, 5850, 5940, 5970, 6660, 6690, 6720, 6780, 6810, 6840, 6870, 6900, 6990, 7020, 7050, 7080, 8430, 8490, 8520, 8850, 9840, 9960]
2026-03-07 16:06:50,042 | INFO | Selecting frames for question F7RSW-2rF4w_1 on video F7RSW-2rF4w.mp4: frames=482 tags=4
2026-03-07 16:06:52,177 | INFO | Selected 32 frames for question F7RSW-2rF4w_1: [3570, 3720, 3750, 3990, 4230, 4260, 4500, 4530, 4560, 4950, 5550, 5640, 5700, 5730, 5760, 5790, 5820, 5850, 7800, 8520, 8550, 9750, 9990, 10050, 10200, 10230, 10260, 10290, 10350, 10620, 10650, 10680]
2026-03-07 16:06:52,177 | INFO | Selecting frames for question 3JzhP8qfbqE_0 on video 3JzhP8qfbqE.mp4: frames=453 tags=4
2026-03-07 16:06:54,061 | INFO | Selected 32 frames for question 3JzhP8qfbqE_0: [0, 119, 179, 209, 569, 749, 1318, 1978, 2217, 2307, 4645, 4675, 4735, 4765, 4795, 4825, 4855, 5934, 9170, 9200, 9230, 9320, 9350, 9380, 9410, 9440, 9470, 9500, 9530, 9560, 9650, 9920]
2026-03-07 16:06:54,061 | INFO | Selecting frames for question 3JzhP8qfbqE_1 on video 3JzhP8qfbqE.mp4: frames=453 tags=4
2026-03-07 16:06:55,831 | INFO | Selected 32 frames for question 3JzhP8qfbqE_1: [779, 2277, 2307, 2337, 2367, 2397, 2427, 2457, 2487, 2517, 2547, 2577, 2607, 2637, 2667, 2907, 2937, 2967, 2997, 3266, 3296, 3476, 3506, 3716, 3746, 9050, 11388, 13066, 13096, 13126, 13156, 13186]
2026-03-07 16:06:55,831 | INFO | Selecting frames for question wq90Upjaij8_0 on video wq90Upjaij8.mp4: frames=212 tags=4
2026-03-07 16:06:56,192 | INFO | Selected 32 frames for question wq90Upjaij8_0: [0, 29, 59, 389, 419, 449, 569, 599, 1468, 1588, 1648, 1678, 1708, 1738, 2577, 3896, 3926, 4045, 4255, 4285, 4315, 4345, 4375, 4405, 4645, 5304, 5334, 5364, 5394, 5424, 5454, 5484]
2026-03-07 16:06:56,192 | INFO | Selecting frames for question wq90Upjaij8_1 on video wq90Upjaij8.mp4: frames=212 tags=4
2026-03-07 16:06:56,555 | INFO | Selected 32 frames for question wq90Upjaij8_1: [0, 29, 59, 119, 1468, 1528, 1558, 1588, 3176, 3836, 3866, 3926, 3956, 3986, 4015, 4045, 4255, 4285, 4315, 4345, 4375, 4435, 4495, 4555, 4585, 4615, 4645, 4675, 4705, 4825, 5214, 5604]
2026-03-07 16:06:56,556 | INFO | Selecting frames for question dE5iWeCVpGI_0 on video dE5iWeCVpGI.mp4: frames=412 tags=4
2026-03-07 16:06:58,116 | INFO | Selected 32 frames for question dE5iWeCVpGI_0: [2109, 2397, 2517, 3980, 4099, 4147, 4171, 4195, 4219, 4315, 4435, 4459, 4483, 4507, 4531, 4555, 4579, 4723, 4747, 4963, 4987, 5202, 5370, 5394, 5418, 5442, 5514, 6065, 6089, 6113, 8175, 8847]
2026-03-07 16:06:58,116 | INFO | Selecting frames for question dE5iWeCVpGI_1 on video dE5iWeCVpGI.mp4: frames=412 tags=4
2026-03-07 16:06:59,706 | INFO | Selected 32 frames for question dE5iWeCVpGI_1: [0, 1318, 1678, 1702, 3332, 3980, 4771, 5826, 6833, 6857, 6881, 6929, 6977, 7024, 7168, 7240, 7264, 7288, 7672, 7696, 8007, 8055, 8079, 8103, 8175, 8223, 8247, 8607, 8631, 8703, 8727, 8847]
2026-03-07 16:06:59,706 | INFO | Selecting frames for question jJGbXCCU5yc_0 on video jJGbXCCU5yc.mp4: frames=404 tags=4
2026-03-07 16:07:01,261 | INFO | Selected 32 frames for question jJGbXCCU5yc_0: [1200, 1230, 1260, 1860, 3360, 3390, 3450, 4590, 4620, 4920, 4980, 5010, 5040, 5190, 5220, 5250, 5280, 5310, 5340, 5370, 5400, 5430, 5460, 5490, 5520, 5550, 5580, 6090, 7350, 7470, 9210, 11550]
2026-03-07 16:07:01,261 | INFO | Selecting frames for question jJGbXCCU5yc_1 on video jJGbXCCU5yc.mp4: frames=404 tags=4
2026-03-07 16:07:02,704 | INFO | Selected 32 frames for question jJGbXCCU5yc_1: [180, 210, 240, 270, 300, 330, 450, 480, 570, 600, 630, 660, 690, 720, 810, 840, 5940, 10680, 10980, 11130, 11160, 11250, 11280, 11550, 11580, 11610, 11640, 11670, 11730, 11760, 11790, 12000]
2026-03-07 16:07:02,705 | INFO | Selecting frames for question WpbB_swXHkc_0 on video WpbB_swXHkc.mp4: frames=526 tags=4
2026-03-07 16:07:05,781 | INFO | Selected 32 frames for question WpbB_swXHkc_0: [264, 288, 1152, 1176, 1200, 1632, 1680, 1704, 1848, 1872, 2088, 2112, 2136, 2160, 2304, 3096, 3456, 3480, 3696, 3720, 3744, 3768, 3840, 3864, 3888, 4200, 4392, 4416, 4824, 4896, 6288, 6600]
2026-03-07 16:07:05,782 | INFO | Selecting frames for question WpbB_swXHkc_1 on video WpbB_swXHkc.mp4: frames=526 tags=4
2026-03-07 16:07:08,464 | INFO | Selected 32 frames for question WpbB_swXHkc_1: [3048, 3552, 3576, 4272, 5400, 5424, 5568, 5664, 6288, 6480, 6504, 6528, 6552, 6576, 7272, 7584, 7608, 7848, 7872, 7896, 7920, 7944, 8640, 9048, 9456, 9480, 10608, 10632, 10656, 10680, 11784, 12576]
2026-03-07 16:07:08,465 | INFO | Selecting frames for question D7VYbsORD8k_0 on video D7VYbsORD8k.mp4: frames=526 tags=4
2026-03-07 16:07:11,085 | INFO | Selected 32 frames for question D7VYbsORD8k_0: [3386, 4465, 4735, 4765, 8361, 8391, 8481, 8541, 8571, 8601, 8631, 8721, 8811, 9080, 9110, 9140, 9200, 9230, 9290, 9380, 9410, 9470, 9620, 9770, 9800, 9830, 9950, 9980, 10009, 10069, 10099, 10129]
2026-03-07 16:07:11,085 | INFO | Selecting frames for question D7VYbsORD8k_1 on video D7VYbsORD8k.mp4: frames=526 tags=4
2026-03-07 16:07:13,594 | INFO | Selected 32 frames for question D7VYbsORD8k_1: [539, 569, 629, 659, 779, 809, 1018, 1048, 1108, 1258, 1438, 1498, 3266, 3296, 3326, 3356, 3446, 3686, 3896, 4435, 5904, 6023, 9440, 9890, 11028, 13546, 13576, 13606, 13636, 13666, 13696, 13726]
2026-03-07 16:07:13,595 | INFO | Selecting frames for question sv4wLIbSDqo_0 on video sv4wLIbSDqo.mp4: frames=315 tags=4
2026-03-07 16:07:14,520 | INFO | Selected 32 frames for question sv4wLIbSDqo_0: [0, 650, 675, 700, 800, 925, 1075, 2025, 2550, 2575, 2600, 2625, 2650, 2675, 4025, 4350, 5900, 5925, 5950, 5975, 6000, 6025, 6050, 6075, 6100, 6125, 6150, 6175, 7550, 7675, 7725, 7825]
2026-03-07 16:07:14,520 | INFO | Selecting frames for question sv4wLIbSDqo_1 on video sv4wLIbSDqo.mp4: frames=315 tags=4
2026-03-07 16:07:15,359 | INFO | Selected 32 frames for question sv4wLIbSDqo_1: [0, 50, 1075, 1600, 1800, 1825, 2025, 2050, 2075, 2100, 2150, 2175, 2200, 2225, 2250, 2275, 2300, 2325, 2350, 3200, 3225, 3250, 3275, 3300, 3350, 3400, 3425, 3475, 3500, 3975, 4025, 5300]
2026-03-07 16:07:15,359 | INFO | Selecting frames for question 7rMgpExA4kM_0 on video 7rMgpExA4kM.mp4: frames=313 tags=4
2026-03-07 16:07:16,264 | INFO | Selected 32 frames for question 7rMgpExA4kM_0: [119, 503, 1054, 1078, 1102, 1126, 1294, 1342, 1366, 1390, 1414, 1438, 3572, 3620, 4027, 5058, 5106, 5202, 5274, 5322, 5346, 6065, 6353, 6713, 6857, 6881, 6905, 6929, 7000, 7048, 7072, 7096]
2026-03-07 16:07:16,266 | INFO | Selecting frames for question 7rMgpExA4kM_1 on video 7rMgpExA4kM.mp4: frames=313 tags=4
2026-03-07 16:07:17,212 | INFO | Selected 32 frames for question 7rMgpExA4kM_1: [23, 791, 815, 839, 863, 887, 911, 935, 959, 983, 1006, 1222, 1438, 2565, 2781, 4123, 5802, 6065, 6233, 6521, 6545, 6569, 6809, 6833, 6857, 6881, 6905, 6929, 6953, 7312, 7336, 7360]
2026-03-07 16:07:17,212 | INFO | Selecting frames for question lN3WnXMaE0o_0 on video lN3WnXMaE0o.mp4: frames=295 tags=4
2026-03-07 16:07:17,931 | INFO | Selected 32 frames for question lN3WnXMaE0o_0: [0, 623, 1054, 1078, 1102, 1126, 1150, 1294, 1342, 1366, 1438, 1462, 1486, 1510, 3452, 3476, 3500, 3524, 3548, 3572, 3596, 3620, 3644, 4411, 5130, 5154, 5178, 5202, 5226, 5370, 5682, 6257]
2026-03-07 16:07:17,932 | INFO | Selecting frames for question lN3WnXMaE0o_1 on video lN3WnXMaE0o.mp4: frames=295 tags=4
2026-03-07 16:07:18,787 | INFO | Selected 32 frames for question lN3WnXMaE0o_1: [0, 239, 311, 407, 623, 647, 671, 695, 719, 743, 767, 791, 815, 2613, 3068, 3452, 3668, 4723, 5130, 5154, 5178, 5202, 5226, 5250, 5274, 5298, 5322, 5346, 5370, 5682, 5754, 6257]
2026-03-07 16:07:18,788 | INFO | Selecting frames for question Fq3zbbp-lv4_0 on video Fq3zbbp-lv4.mp4: frames=404 tags=4
2026-03-07 16:07:20,318 | INFO | Selected 32 frames for question Fq3zbbp-lv4_0: [2310, 2340, 2400, 2430, 2460, 2490, 2730, 2970, 3000, 3030, 3060, 3090, 3120, 3150, 3180, 3210, 3240, 3270, 3300, 3330, 3360, 3390, 4080, 4500, 4560, 4890, 4920, 4950, 5010, 5040, 5070, 9210]
2026-03-07 16:07:20,319 | INFO | Selecting frames for question Fq3zbbp-lv4_1 on video Fq3zbbp-lv4.mp4: frames=404 tags=4
2026-03-07 16:07:21,704 | INFO | Selected 32 frames for question Fq3zbbp-lv4_1: [1050, 1080, 1110, 1170, 1260, 1350, 1380, 1410, 1440, 1470, 1500, 1590, 1740, 2820, 2880, 3900, 3960, 3990, 4020, 4050, 4080, 4110, 4170, 4260, 4290, 4320, 4350, 4380, 4410, 4560, 10560, 10980]
2026-03-07 16:07:21,705 | INFO | Selecting frames for question vJ9hYCUDHTo_0 on video vJ9hYCUDHTo.mp4: frames=554 tags=4
2026-03-07 16:07:24,581 | INFO | Selected 32 frames for question vJ9hYCUDHTo_0: [200, 250, 275, 300, 1175, 1200, 1225, 1250, 1300, 1850, 3800, 3875, 8475, 8500, 8525, 8550, 8575, 8600, 8625, 8650, 8675, 8700, 8725, 8750, 8775, 8800, 8825, 8850, 8875, 8925, 9075, 12250]
2026-03-07 16:07:24,582 | INFO | Selecting frames for question vJ9hYCUDHTo_1 on video vJ9hYCUDHTo.mp4: frames=554 tags=4
2026-03-07 16:07:28,440 | INFO | Selected 32 frames for question vJ9hYCUDHTo_1: [3825, 4225, 5900, 6100, 6125, 6150, 6175, 6325, 6350, 6375, 6400, 6425, 6450, 7675, 7850, 11175, 11200, 11250, 11275, 11350, 11375, 11400, 11425, 11450, 11475, 11500, 11525, 11550, 11575, 11600, 11625, 11650]
2026-03-07 16:07:28,441 | INFO | Selecting frames for question Q47I8AdRgzc_0 on video Q47I8AdRgzc.mp4: frames=293 tags=4
2026-03-07 16:07:29,398 | INFO | Selected 32 frames for question Q47I8AdRgzc_0: [179, 419, 1678, 2817, 2967, 3026, 3056, 3086, 3266, 3986, 4015, 5094, 5244, 5274, 5304, 5394, 5604, 5634, 5754, 5874, 5904, 5934, 5964, 6053, 6083, 6113, 6143, 6173, 7312, 7432, 8721, 8751]
2026-03-07 16:07:29,399 | INFO | Selecting frames for question Q47I8AdRgzc_1 on video Q47I8AdRgzc.mp4: frames=293 tags=4
2026-03-07 16:07:30,299 | INFO | Selected 32 frames for question Q47I8AdRgzc_1: [389, 419, 509, 2817, 3026, 3056, 3086, 3116, 3146, 3176, 3866, 4765, 5094, 5154, 5184, 5214, 5244, 5274, 5304, 5334, 5364, 5394, 5454, 5604, 6143, 6173, 6203, 7192, 7282, 7312, 7432, 8751]
2026-03-07 16:07:30,299 | INFO | Selecting frames for question tPQf5sB03ZE_0 on video tPQf5sB03ZE.mp4: frames=202 tags=4
2026-03-07 16:07:30,668 | INFO | Selected 32 frames for question tPQf5sB03ZE_0: [0, 29, 59, 89, 119, 149, 179, 209, 749, 1948, 1978, 2007, 2277, 3116, 5004, 5064, 5094, 5124, 5154, 5184, 5214, 5244, 5274, 5304, 5334, 5364, 5424, 5544, 5874, 5934, 5964, 5994]
2026-03-07 16:07:30,669 | INFO | Selecting frames for question tPQf5sB03ZE_1 on video tPQf5sB03ZE.mp4: frames=202 tags=4
2026-03-07 16:07:31,054 | INFO | Selected 32 frames for question tPQf5sB03ZE_1: [209, 239, 269, 299, 329, 359, 389, 419, 449, 479, 509, 539, 569, 599, 1138, 1168, 1198, 1228, 1378, 1768, 2067, 2187, 2307, 2937, 3116, 3416, 3446, 3476, 3506, 3536, 3566, 5874]
2026-03-07 16:07:31,054 | INFO | Selecting frames for question PzUxuZ-KGsU_0 on video PzUxuZ-KGsU.mp4: frames=245 tags=4
2026-03-07 16:07:31,730 | INFO | Selected 32 frames for question PzUxuZ-KGsU_0: [1560, 1590, 1710, 1740, 1800, 2160, 2190, 2220, 2250, 2280, 2310, 2400, 2430, 2460, 2580, 2610, 2640, 2670, 2700, 2730, 2760, 3270, 3300, 3330, 3450, 3480, 3510, 3630, 3690, 4710, 4770, 4800]
2026-03-07 16:07:31,731 | INFO | Selecting frames for question c6fuIEzOZ2E_0 on video c6fuIEzOZ2E.mp4: frames=464 tags=4
2026-03-07 16:07:33,962 | INFO | Selected 32 frames for question c6fuIEzOZ2E_0: [479, 509, 539, 1558, 1888, 1918, 2097, 2187, 2217, 3416, 3536, 3566, 4615, 5544, 8181, 8211, 8271, 8331, 8481, 8571, 8601, 8631, 8661, 8691, 8721, 9080, 13426, 13456, 13486, 13696, 13756, 13876]
2026-03-07 16:07:33,962 | INFO | Selecting frames for question c6fuIEzOZ2E_1 on video c6fuIEzOZ2E.mp4: frames=464 tags=4
2026-03-07 16:07:36,483 | INFO | Selected 32 frames for question c6fuIEzOZ2E_1: [599, 2397, 3116, 3176, 3206, 3236, 3266, 3296, 3326, 3386, 4345, 4435, 4615, 5544, 6383, 7402, 7582, 8991, 9920, 9980, 10009, 11268, 11388, 11688, 11808, 11838, 11928, 13426, 13456, 13546, 13696, 13756]
2026-03-07 16:07:36,483 | INFO | Selecting frames for question 0mEN5Jf2hU0_0 on video 0mEN5Jf2hU0.mp4: frames=219 tags=4
2026-03-07 16:07:37,024 | INFO | Selected 32 frames for question 0mEN5Jf2hU0_0: [23, 47, 1558, 1678, 1702, 1726, 1750, 1774, 1822, 1846, 2205, 3020, 3068, 3572, 3956, 3980, 4003, 4027, 4051, 4291, 4315, 4387, 4483, 4507, 4555, 4579, 4627, 4651, 4675, 4699, 4747, 4771]
2026-03-07 16:07:37,024 | INFO | Selecting frames for question 0mEN5Jf2hU0_1 on video 0mEN5Jf2hU0.mp4: frames=219 tags=4
2026-03-07 16:07:37,549 | INFO | Selected 32 frames for question 0mEN5Jf2hU0_1: [0, 23, 47, 119, 143, 311, 1486, 1510, 1558, 1630, 1678, 1702, 1726, 1750, 1774, 1798, 1822, 1846, 2109, 2205, 2229, 2253, 2301, 2853, 2949, 2973, 2997, 3020, 3068, 3524, 3980, 4027]
2026-03-07 16:07:37,550 | INFO | Selecting frames for question ZoUsR8t8IxE_0 on video ZoUsR8t8IxE.mp4: frames=394 tags=4
2026-03-07 16:07:39,285 | INFO | Selected 32 frames for question ZoUsR8t8IxE_0: [0, 25, 50, 75, 625, 825, 850, 875, 900, 925, 1200, 1225, 1250, 1275, 1325, 1375, 1450, 1700, 2275, 3150, 3225, 3350, 3450, 3525, 3750, 6250, 6425, 9675, 9700, 9725, 9750, 9825]
2026-03-07 16:07:39,286 | INFO | Selecting frames for question 22iOyzE8Ec0_0 on video 22iOyzE8Ec0.mp4: frames=231 tags=4
2026-03-07 16:07:39,725 | INFO | Selected 32 frames for question 22iOyzE8Ec0_0: [863, 1174, 1198, 1222, 1270, 1294, 1318, 1342, 1366, 1414, 1678, 1702, 1726, 1750, 1774, 2109, 2133, 2565, 2613, 3188, 3932, 3956, 3980, 4003, 4339, 4363, 4387, 4411, 4459, 4483, 4579, 5226]
2026-03-07 16:07:39,726 | INFO | Selecting frames for question 22iOyzE8Ec0_1 on video 22iOyzE8Ec0.mp4: frames=231 tags=4
2026-03-07 16:07:40,163 | INFO | Selected 32 frames for question 22iOyzE8Ec0_1: [1198, 1222, 1270, 1294, 1342, 1366, 1462, 1486, 1558, 1606, 1678, 1702, 1750, 1774, 2109, 2133, 2589, 2613, 3212, 3932, 3956, 3980, 4003, 4027, 4363, 4387, 4411, 4435, 4459, 4483, 4579, 5322]
2026-03-07 16:07:40,163 | INFO | Selecting frames for question JwoBdRC2fzE_0 on video JwoBdRC2fzE.mp4: frames=504 tags=4
2026-03-07 16:07:42,365 | INFO | Selected 32 frames for question JwoBdRC2fzE_0: [1104, 1152, 1464, 2448, 3408, 3672, 3888, 4272, 4584, 4944, 4992, 5112, 5376, 5400, 5424, 5832, 5904, 5928, 6552, 6576, 6672, 6768, 6912, 6936, 7056, 7080, 7152, 9480, 9528, 10104, 10128, 11208]
2026-03-07 16:07:42,366 | INFO | Selecting frames for question JwoBdRC2fzE_1 on video JwoBdRC2fzE.mp4: frames=504 tags=4
2026-03-07 16:07:44,580 | INFO | Selected 32 frames for question JwoBdRC2fzE_1: [1656, 1680, 3528, 3936, 4512, 4992, 5520, 5544, 5568, 5592, 5616, 5640, 5664, 5688, 5712, 5880, 7920, 7944, 7968, 7992, 8016, 8736, 8760, 8784, 8832, 9312, 9384, 9528, 9552, 11352, 11520, 11640]
2026-03-07 16:07:44,580 | INFO | Selecting frames for question qYnloYaeQA8_0 on video qYnloYaeQA8.mp4: frames=408 tags=4
2026-03-07 16:07:46,129 | INFO | Selected 32 frames for question qYnloYaeQA8_0: [95, 431, 1030, 1870, 1918, 2397, 2685, 2709, 2781, 2997, 3044, 3068, 3092, 3116, 3164, 3260, 3308, 3332, 3380, 3404, 3548, 3740, 3788, 3812, 4555, 5034, 5178, 5898, 6593, 6761, 7672, 9758]
2026-03-07 16:07:46,130 | INFO | Selecting frames for question qYnloYaeQA8_1 on video qYnloYaeQA8.mp4: frames=408 tags=4
2026-03-07 16:07:47,961 | INFO | Selected 32 frames for question qYnloYaeQA8_1: [23, 95, 383, 4051, 4099, 6881, 7048, 7072, 7096, 7120, 7144, 7168, 7192, 7216, 7240, 7264, 7288, 7312, 7336, 7744, 7768, 7816, 7840, 7888, 7912, 7936, 7960, 7984, 8007, 8031, 8055, 9758]
2026-03-07 16:07:47,961 | INFO | Selecting frames for question Oht0i1DACcA_0 on video Oht0i1DACcA.mp4: frames=238 tags=4
2026-03-07 16:07:48,553 | INFO | Selected 32 frames for question Oht0i1DACcA_0: [209, 239, 479, 509, 539, 569, 599, 629, 659, 689, 719, 749, 779, 809, 839, 869, 899, 1618, 1648, 1948, 2007, 2067, 2097, 2127, 2847, 4795, 6473, 6503, 6533, 6653, 6773, 6803]
2026-03-07 16:07:48,554 | INFO | Selecting frames for question zda-T6wrEhs_0 on video zda-T6wrEhs.mp4: frames=507 tags=4
2026-03-07 16:07:50,959 | INFO | Selected 32 frames for question zda-T6wrEhs_0: [335, 359, 1006, 1966, 2109, 2445, 2685, 2733, 4339, 5106, 5418, 5562, 5898, 5922, 5946, 5970, 5994, 6017, 7192, 7216, 7240, 7264, 7312, 7336, 7360, 8535, 9038, 9062, 9086, 9110, 9134, 9158]
2026-03-07 16:07:50,960 | INFO | Selecting frames for question zda-T6wrEhs_1 on video zda-T6wrEhs.mp4: frames=507 tags=4
2026-03-07 16:07:53,424 | INFO | Selected 32 frames for question zda-T6wrEhs_1: [9278, 10045, 10069, 10093, 10117, 10141, 10165, 10189, 10213, 10237, 10261, 10285, 10309, 10357, 10381, 10405, 10429, 10957, 11004, 11028, 11052, 11076, 11124, 11148, 11556, 11604, 11628, 11652, 11676, 11724, 11820, 11844]
2026-03-07 16:07:53,424 | INFO | Selecting frames for question -kaF6SnSEo8_0 on video -kaF6SnSEo8.mp4: frames=486 tags=4
2026-03-07 16:07:55,723 | INFO | Selected 32 frames for question -kaF6SnSEo8_0: [431, 479, 575, 935, 1030, 5226, 6809, 6833, 6857, 6881, 9158, 9230, 9326, 9350, 9374, 9590, 9662, 9710, 9734, 9758, 9782, 9806, 10021, 10789, 10813, 10837, 10885, 10909, 10933, 10957, 10981, 11004]
2026-03-07 16:07:55,723 | INFO | Selecting frames for question -kaF6SnSEo8_1 on video -kaF6SnSEo8.mp4: frames=486 tags=4
2026-03-07 16:07:57,882 | INFO | Selected 32 frames for question -kaF6SnSEo8_1: [1774, 4219, 6641, 6665, 6689, 6713, 6737, 6905, 6929, 6953, 6977, 7000, 7024, 7048, 7072, 7096, 7120, 7312, 7336, 7360, 7384, 7408, 7432, 7456, 7720, 9830, 9854, 9926, 9950, 9974, 10621, 10909]
2026-03-07 16:07:57,883 | INFO | Selecting frames for question P0BSTjziVys_0 on video P0BSTjziVys.mp4: frames=239 tags=4
2026-03-07 16:07:58,419 | INFO | Selected 32 frames for question P0BSTjziVys_0: [23, 167, 191, 215, 239, 263, 287, 1102, 2421, 3260, 3284, 3308, 3380, 3404, 3428, 3668, 3692, 3716, 3764, 3812, 3932, 3980, 4147, 4171, 4411, 4555, 4987, 5010, 5466, 5490, 5514, 5538]
2026-03-07 16:07:58,419 | INFO | Selecting frames for question P0BSTjziVys_1 on video P0BSTjziVys.mp4: frames=239 tags=4
2026-03-07 16:07:58,883 | INFO | Selected 32 frames for question P0BSTjziVys_1: [1342, 1366, 1486, 1870, 2109, 3212, 3236, 3260, 3284, 3332, 3356, 3380, 3428, 3596, 3668, 3692, 3716, 3764, 3812, 3932, 3980, 4147, 4171, 4291, 4411, 4771, 4915, 4939, 5010, 5178, 5274, 5586]
2026-03-07 16:07:58,883 | INFO | Selecting frames for question JASFwBtUK40_0 on video JASFwBtUK40.mp4: frames=191 tags=4
2026-03-07 16:07:59,234 | INFO | Selected 32 frames for question JASFwBtUK40_0: [599, 623, 647, 671, 695, 719, 935, 959, 1174, 2373, 2469, 2493, 2613, 2661, 3116, 3140, 3164, 3260, 3284, 3308, 3332, 3620, 3860, 4267, 4315, 4339, 4363, 4387, 4411, 4435, 4459, 4483]
2026-03-07 16:07:59,235 | INFO | Selecting frames for question JASFwBtUK40_1 on video JASFwBtUK40.mp4: frames=191 tags=4
2026-03-07 16:07:59,660 | INFO | Selected 32 frames for question JASFwBtUK40_1: [599, 623, 647, 671, 695, 719, 935, 959, 1174, 1318, 1414, 1438, 1894, 1990, 2373, 2397, 2421, 2445, 2469, 3332, 3380, 3404, 3428, 3452, 3596, 3620, 3644, 3668, 3692, 4315, 4339, 4363]
2026-03-07 16:07:59,661 | INFO | Selecting frames for question athabNMGceo_0 on video athabNMGceo.mp4: frames=477 tags=4
2026-03-07 16:08:01,775 | INFO | Selected 32 frames for question athabNMGceo_0: [407, 431, 479, 599, 935, 959, 1054, 1342, 1438, 1510, 2229, 3188, 3356, 5346, 5442, 5514, 5538, 5586, 6377, 7000, 7024, 8103, 8703, 8727, 8751, 9398, 10069, 10093, 10117, 10165, 10189, 10525]
2026-03-07 16:08:01,776 | INFO | Selecting frames for question athabNMGceo_1 on video athabNMGceo.mp4: frames=477 tags=4
2026-03-07 16:08:04,126 | INFO | Selected 32 frames for question athabNMGceo_1: [263, 479, 887, 935, 959, 983, 1054, 1342, 1438, 1510, 1534, 3404, 3836, 4507, 4555, 4579, 4603, 5322, 5490, 5514, 5538, 5562, 5586, 5610, 6857, 7720, 8103, 9230, 11124, 11148, 11172, 11196]
2026-03-07 16:08:04,126 | INFO | Selecting frames for question SCZ_Z4NnikA_0 on video SCZ_Z4NnikA.mp4: frames=589 tags=4
2026-03-07 16:08:07,350 | INFO | Selected 32 frames for question SCZ_Z4NnikA_0: [29, 89, 119, 179, 299, 389, 2007, 2907, 4585, 4615, 5904, 6053, 6083, 6923, 6983, 7012, 7042, 8001, 11058, 11118, 11328, 12257, 13906, 16783, 16813, 16843, 16873, 16903, 16933, 16963, 17022, 17592]
2026-03-07 16:08:07,350 | INFO | Selecting frames for question SCZ_Z4NnikA_1 on video SCZ_Z4NnikA.mp4: frames=589 tags=4
2026-03-07 16:08:10,651 | INFO | Selected 32 frames for question SCZ_Z4NnikA_1: [389, 2157, 3626, 3776, 9620, 9860, 15494, 16243, 16273, 16303, 16333, 16483, 16513, 16543, 16573, 16603, 16633, 16663, 16693, 16723, 16753, 17022, 17052, 17082, 17112, 17412, 17442, 17472, 17502, 17532, 17562, 17592]
2026-03-07 16:08:10,652 | INFO | Selecting frames for question pFtKaT3GF9I_0 on video pFtKaT3GF9I.mp4: frames=524 tags=4
2026-03-07 16:08:13,239 | INFO | Selected 32 frames for question pFtKaT3GF9I_0: [1948, 1978, 3386, 3416, 3446, 3716, 4285, 5094, 6533, 6593, 6623, 6683, 6743, 9380, 11448, 11628, 13876, 13906, 15134, 15164, 15194, 15224, 15254, 15284, 15344, 15374, 15404, 15464, 15524, 15554, 15584, 15614]
2026-03-07 16:08:13,239 | INFO | Selecting frames for question PQRyGacBRA4_0 on video PQRyGacBRA4.mp4: frames=212 tags=4
2026-03-07 16:08:13,665 | INFO | Selected 32 frames for question PQRyGacBRA4_0: [0, 25, 50, 75, 100, 125, 150, 175, 350, 375, 400, 425, 550, 575, 600, 675, 700, 725, 2600, 3150, 3550, 3850, 4425, 4475, 4575, 4600, 4825, 4900, 4925, 4950, 5025, 5050]
2026-03-07 16:08:13,665 | INFO | Selecting frames for question PQRyGacBRA4_1 on video PQRyGacBRA4.mp4: frames=212 tags=4
2026-03-07 16:08:14,036 | INFO | Selected 32 frames for question PQRyGacBRA4_1: [75, 600, 1200, 1225, 1975, 2000, 2025, 2050, 2075, 2100, 2125, 2150, 2175, 2200, 2225, 2250, 2350, 3025, 3050, 3300, 3525, 3550, 3575, 3600, 3625, 3650, 4175, 4200, 4225, 4250, 4275, 4375]
2026-03-07 16:08:14,037 | INFO | Selecting frames for question Efuyl2Anehg_0 on video Efuyl2Anehg.mp4: frames=511 tags=4
2026-03-07 16:08:16,506 | INFO | Selected 32 frames for question Efuyl2Anehg_0: [2493, 4819, 6089, 6401, 6425, 6569, 7072, 7264, 7312, 7336, 7360, 7408, 7432, 7456, 7648, 7672, 7696, 7840, 8103, 8127, 8151, 8175, 8199, 8415, 8511, 11484, 11580, 11604, 11652, 11676, 11772, 12059]
2026-03-07 16:08:16,507 | INFO | Selecting frames for question HAED3riiZkw_0 on video HAED3riiZkw.mp4: frames=300 tags=4
2026-03-07 16:08:17,251 | INFO | Selected 32 frames for question HAED3riiZkw_0: [0, 743, 791, 815, 1486, 1630, 1870, 1894, 1918, 2061, 2181, 2205, 2229, 2253, 2277, 2301, 2349, 2541, 2661, 2757, 2829, 2877, 2901, 3428, 3452, 3476, 3500, 3524, 3740, 3764, 3980, 4411]
2026-03-07 16:08:17,252 | INFO | Selecting frames for question HAED3riiZkw_1 on video HAED3riiZkw.mp4: frames=300 tags=4
2026-03-07 16:08:18,405 | INFO | Selected 32 frames for question HAED3riiZkw_1: [191, 239, 623, 2637, 2661, 2685, 2709, 2733, 3020, 3332, 3356, 3380, 3404, 4291, 4315, 4675, 4699, 4723, 4747, 4771, 4795, 4891, 4915, 4939, 4963, 4987, 5010, 5106, 5130, 5562, 5586, 5946]
2026-03-07 16:08:18,406 | INFO | Selecting frames for question 0_YDrJoUe8s_0 on video 0_YDrJoUe8s.mp4: frames=268 tags=4
2026-03-07 16:08:19,148 | INFO | Selected 32 frames for question 0_YDrJoUe8s_0: [815, 1534, 1558, 1606, 1630, 1654, 1966, 1990, 2013, 2037, 2061, 2085, 2109, 2133, 2757, 2829, 2853, 2877, 2901, 2925, 2949, 3692, 3716, 3740, 3764, 3788, 3812, 3836, 3860, 4843, 4867, 6041]
2026-03-07 16:08:19,148 | INFO | Selecting frames for question 0_YDrJoUe8s_1 on video 0_YDrJoUe8s.mp4: frames=268 tags=4
2026-03-07 16:08:19,783 | INFO | Selected 32 frames for question 0_YDrJoUe8s_1: [815, 1510, 1534, 1558, 1606, 1630, 1654, 1966, 1990, 2013, 2037, 2061, 2085, 2109, 2133, 2757, 2805, 2829, 2853, 2901, 2925, 2949, 3764, 3788, 3812, 3836, 3860, 4627, 4843, 4867, 6041, 6089]
2026-03-07 16:08:19,784 | INFO | Selecting frames for question TFbGLEZ4qt0_0 on video TFbGLEZ4qt0.mp4: frames=295 tags=4
2026-03-07 16:08:20,657 | INFO | Selected 32 frames for question TFbGLEZ4qt0_0: [96, 528, 576, 600, 672, 696, 816, 840, 1032, 1080, 1200, 1224, 1248, 1320, 1440, 1512, 1992, 2016, 2088, 2112, 2136, 2160, 2232, 2256, 2328, 2496, 2736, 2760, 2784, 4776, 4848, 6168]
2026-03-07 16:08:20,658 | INFO | Selecting frames for question TFbGLEZ4qt0_1 on video TFbGLEZ4qt0.mp4: frames=295 tags=4
2026-03-07 16:08:21,493 | INFO | Selected 32 frames for question TFbGLEZ4qt0_1: [96, 264, 528, 576, 600, 672, 696, 816, 840, 1032, 1080, 1104, 1200, 1248, 1320, 1440, 1992, 2016, 2064, 2088, 2136, 2160, 2232, 2256, 2328, 2376, 2496, 2736, 2760, 2784, 4848, 5424]
2026-03-07 16:08:21,493 | INFO | Selecting frames for question VwZeSoYugZk_0 on video VwZeSoYugZk.mp4: frames=553 tags=4
2026-03-07 16:08:24,444 | INFO | Selected 32 frames for question VwZeSoYugZk_0: [1918, 1978, 2007, 2037, 4345, 4375, 4975, 8331, 8361, 8391, 8421, 8451, 8481, 8541, 8571, 9230, 9290, 9350, 9380, 9410, 9440, 9530, 9560, 10309, 10579, 10609, 10639, 10669, 10699, 15374, 15794, 15974]
2026-03-07 16:08:24,445 | INFO | Selecting frames for question VwZeSoYugZk_1 on video VwZeSoYugZk.mp4: frames=553 tags=4
2026-03-07 16:08:27,234 | INFO | Selected 32 frames for question VwZeSoYugZk_1: [1198, 2037, 4165, 4195, 4225, 4255, 4285, 4315, 4345, 4375, 4405, 4435, 6023, 8331, 8361, 8391, 8421, 8451, 8481, 8541, 8571, 9380, 10579, 10609, 10729, 12077, 12107, 15404, 15434, 15464, 15524, 15794]
2026-03-07 16:08:27,234 | INFO | Selecting frames for question ip8khYCMb8Y_0 on video ip8khYCMb8Y.mp4: frames=314 tags=4
2026-03-07 16:08:28,251 | INFO | Selected 32 frames for question ip8khYCMb8Y_0: [383, 455, 503, 1270, 1486, 1510, 1534, 1558, 1582, 1606, 1630, 1654, 1678, 1702, 1726, 1870, 1894, 1918, 1966, 1990, 2037, 3644, 3668, 4171, 6425, 6473, 6497, 7336, 7360, 7384, 7408, 7456]
2026-03-07 16:08:28,252 | INFO | Selecting frames for question ip8khYCMb8Y_1 on video ip8khYCMb8Y.mp4: frames=314 tags=4
2026-03-07 16:08:29,166 | INFO | Selected 32 frames for question ip8khYCMb8Y_1: [287, 311, 503, 527, 1294, 1342, 1366, 1414, 1438, 1462, 1774, 1966, 2685, 2709, 2733, 2781, 2829, 3284, 3428, 3476, 3548, 3716, 3932, 4171, 4747, 4771, 4891, 5154, 5370, 6593, 7096, 7456]
2026-03-07 16:08:29,168 | INFO | Selecting frames for question 8_MG-E8QlBM_0 on video 8_MG-E8QlBM.mp4: frames=268 tags=4
2026-03-07 16:08:29,756 | INFO | Selected 32 frames for question 8_MG-E8QlBM_0: [0, 150, 175, 200, 225, 250, 275, 300, 325, 350, 375, 400, 425, 450, 475, 500, 525, 550, 575, 600, 625, 650, 675, 700, 725, 2000, 2100, 2300, 2350, 4825, 5075, 5700]
2026-03-07 16:08:29,757 | INFO | Selecting frames for question 8_MG-E8QlBM_1 on video 8_MG-E8QlBM.mp4: frames=268 tags=4
2026-03-07 16:08:30,346 | INFO | Selected 32 frames for question 8_MG-E8QlBM_1: [1150, 2725, 2750, 2775, 2800, 2825, 2850, 2875, 2900, 2925, 3000, 3025, 3175, 3600, 3625, 3650, 3675, 3700, 3725, 3750, 3775, 3800, 3825, 4075, 4100, 4125, 4150, 4175, 4425, 5575, 5600, 5625]
2026-03-07 16:08:30,347 | INFO | Selecting frames for question Lc7RikDaa30_0 on video Lc7RikDaa30.mp4: frames=191 tags=4
2026-03-07 16:08:30,641 | INFO | Selected 32 frames for question Lc7RikDaa30_0: [25, 50, 75, 125, 175, 475, 900, 925, 950, 975, 1000, 1200, 1425, 2025, 2175, 2250, 2600, 2625, 2650, 2675, 2700, 2925, 2975, 3325, 3450, 3475, 3500, 3525, 4150, 4225, 4400, 4425]
2026-03-07 16:08:30,641 | INFO | Selecting frames for question Lc7RikDaa30_1 on video Lc7RikDaa30.mp4: frames=191 tags=4
2026-03-07 16:08:30,934 | INFO | Selected 32 frames for question Lc7RikDaa30_1: [125, 200, 475, 850, 875, 925, 950, 975, 1000, 1375, 1450, 2000, 2025, 2175, 2350, 2475, 2600, 2625, 2650, 2675, 2700, 2925, 2975, 3325, 3375, 4075, 4150, 4300, 4400, 4425, 4450, 4600]
2026-03-07 16:08:30,935 | INFO | Selecting frames for question lCvQtGVhUrc_0 on video lCvQtGVhUrc.mp4: frames=513 tags=4
2026-03-07 16:08:33,393 | INFO | Selected 32 frames for question lCvQtGVhUrc_0: [4350, 4375, 4450, 4475, 4500, 4700, 4800, 4825, 5075, 5200, 5425, 5475, 5550, 5600, 5625, 5650, 5675, 5700, 5725, 6200, 6400, 7550, 7600, 7750, 9050, 9250, 9700, 10150, 10350, 10950, 11475, 11900]
2026-03-07 16:08:33,393 | INFO | Selecting frames for question lCvQtGVhUrc_1 on video lCvQtGVhUrc.mp4: frames=513 tags=4
2026-03-07 16:08:35,754 | INFO | Selected 32 frames for question lCvQtGVhUrc_1: [50, 75, 325, 800, 1225, 1325, 1475, 1525, 2400, 2650, 3225, 3250, 3400, 3475, 3500, 3525, 3575, 3625, 3650, 4450, 4575, 6200, 6375, 7825, 9150, 9225, 9950, 9975, 10050, 10350, 11725, 12250]
2026-03-07 16:08:35,755 | INFO | Selecting frames for question aoxy2e7j9Bc_0 on video aoxy2e7j9Bc.mp4: frames=307 tags=4
2026-03-07 16:08:36,534 | INFO | Selected 32 frames for question aoxy2e7j9Bc_0: [119, 419, 449, 569, 599, 3476, 7462, 7492, 7522, 7552, 7582, 7612, 7642, 7762, 7822, 7852, 7912, 8631, 8691, 8721, 8781, 8811, 8841, 8871, 8931, 8961, 8991, 9020, 9050, 9080, 9110, 9140]
2026-03-07 16:08:36,534 | INFO | Selecting frames for question aoxy2e7j9Bc_1 on video aoxy2e7j9Bc.mp4: frames=307 tags=4
2026-03-07 16:08:37,524 | INFO | Selected 32 frames for question aoxy2e7j9Bc_1: [839, 929, 2337, 3476, 4075, 4255, 4345, 4405, 6023, 6083, 7912, 7942, 8001, 8031, 8061, 8091, 8121, 8151, 8181, 8211, 8241, 8271, 8301, 8331, 8601, 8961, 8991, 9020, 9050, 9080, 9140, 9170]
2026-03-07 16:08:37,524 | INFO | Selecting frames for question KWv8DJMEHsE_0 on video KWv8DJMEHsE.mp4: frames=237 tags=4
2026-03-07 16:08:37,994 | INFO | Selected 32 frames for question KWv8DJMEHsE_0: [983, 1006, 1030, 1054, 1078, 1102, 1126, 1150, 1174, 1198, 1222, 1582, 3068, 3092, 3116, 3140, 3164, 3188, 3212, 3236, 3260, 3284, 3308, 3452, 3476, 3500, 3524, 3548, 3572, 3596, 3620, 3644]
2026-03-07 16:08:37,994 | INFO | Selecting frames for question KWv8DJMEHsE_1 on video KWv8DJMEHsE.mp4: frames=237 tags=4
2026-03-07 16:08:38,478 | INFO | Selected 32 frames for question KWv8DJMEHsE_1: [47, 1006, 1030, 1054, 1078, 1102, 1126, 1150, 1174, 1198, 1222, 3068, 3092, 3116, 3140, 3164, 3188, 3212, 3236, 3260, 3284, 3308, 3452, 3476, 3500, 3524, 3548, 3572, 3596, 3620, 3644, 4555]
2026-03-07 16:08:38,479 | INFO | Selecting frames for question 0WEnmqVVbHo_0 on video 0WEnmqVVbHo.mp4: frames=479 tags=4
2026-03-07 16:08:40,726 | INFO | Selected 32 frames for question 0WEnmqVVbHo_0: [779, 959, 2217, 7462, 12407, 12467, 12497, 12527, 12587, 12647, 12677, 12707, 12737, 12767, 12797, 13246, 13276, 13336, 13366, 13396, 13426, 13456, 13486, 13516, 13546, 13576, 13606, 13636, 13666, 13696, 13756, 13816]
2026-03-07 16:08:40,727 | INFO | Selecting frames for question f2-6Mh6lyQQ_0 on video f2-6Mh6lyQQ.mp4: frames=331 tags=4
2026-03-07 16:08:41,701 | INFO | Selected 32 frames for question f2-6Mh6lyQQ_0: [383, 407, 671, 695, 1270, 1294, 1414, 1486, 1606, 2013, 3860, 3980, 4003, 4027, 4507, 4531, 5250, 5658, 5682, 5754, 5970, 5994, 6353, 6377, 6425, 6449, 6545, 6569, 6593, 6617, 6641, 7336]
2026-03-07 16:08:41,702 | INFO | Selecting frames for question f2-6Mh6lyQQ_1 on video f2-6Mh6lyQQ.mp4: frames=331 tags=4
2026-03-07 16:08:42,686 | INFO | Selected 32 frames for question f2-6Mh6lyQQ_1: [71, 455, 1846, 1870, 1894, 1918, 1942, 2013, 2397, 3068, 3380, 3404, 3836, 3860, 3956, 3980, 4027, 4075, 4435, 4459, 4555, 4987, 5010, 5034, 5058, 5082, 5106, 5202, 5226, 5250, 5322, 5346]
2026-03-07 16:08:42,686 | INFO | Selecting frames for question uWBh0meTg08_0 on video uWBh0meTg08.mp4: frames=297 tags=4
2026-03-07 16:08:43,508 | INFO | Selected 32 frames for question uWBh0meTg08_0: [1020, 1500, 1530, 1560, 1620, 1650, 1710, 1740, 1770, 1800, 1830, 1860, 1890, 1920, 1980, 2010, 2040, 2070, 2100, 2130, 2280, 2400, 2940, 2970, 3000, 3030, 3120, 3480, 3870, 3930, 4950, 7500]
2026-03-07 16:08:43,508 | INFO | Selecting frames for question uWBh0meTg08_1 on video uWBh0meTg08.mp4: frames=297 tags=4
2026-03-07 16:08:44,330 | INFO | Selected 32 frames for question uWBh0meTg08_1: [930, 960, 990, 2400, 3930, 5550, 7200, 7230, 7260, 7290, 7320, 7350, 7380, 7410, 7440, 7470, 7500, 7620, 7770, 7800, 7830, 7890, 7920, 7980, 8010, 8070, 8100, 8130, 8160, 8220, 8250, 8280]
2026-03-07 16:08:44,330 | INFO | Selecting frames for question GawGUhl9zuQ_0 on video GawGUhl9zuQ.mp4: frames=340 tags=4
2026-03-07 16:08:45,386 | INFO | Selected 32 frames for question GawGUhl9zuQ_0: [0, 29, 419, 449, 479, 539, 569, 1108, 1168, 1198, 2277, 2577, 3866, 3896, 3926, 4015, 4045, 4075, 4105, 4135, 4165, 4195, 6143, 6233, 6293, 6323, 6803, 6833, 6863, 8241, 9890, 9980]
2026-03-07 16:08:45,386 | INFO | Selecting frames for question GawGUhl9zuQ_1 on video GawGUhl9zuQ.mp4: frames=340 tags=4
2026-03-07 16:08:46,464 | INFO | Selected 32 frames for question GawGUhl9zuQ_1: [0, 59, 89, 119, 449, 1048, 1078, 1108, 1138, 1168, 1228, 1318, 2577, 2607, 2997, 3776, 3806, 3866, 3926, 4135, 6323, 6533, 6773, 6833, 6863, 7192, 7762, 7972, 8091, 8151, 9590, 9650]
2026-03-07 16:08:46,464 | INFO | Selecting frames for question 2zZSMnGLGao_0 on video 2zZSMnGLGao.mp4: frames=463 tags=4
2026-03-07 16:08:48,433 | INFO | Selected 32 frames for question 2zZSMnGLGao_0: [2127, 2757, 5154, 5184, 5214, 5544, 5574, 6533, 6773, 7252, 7462, 7552, 7582, 7852, 7882, 7942, 7972, 8061, 8091, 8121, 8151, 8211, 8241, 8271, 8301, 8331, 8361, 8391, 8421, 8451, 8481, 8661]
2026-03-07 16:08:48,434 | INFO | Selecting frames for question 2zZSMnGLGao_1 on video 2zZSMnGLGao.mp4: frames=463 tags=4
2026-03-07 16:08:50,675 | INFO | Selected 32 frames for question 2zZSMnGLGao_1: [2127, 3776, 5754, 5994, 6053, 6203, 6233, 6773, 7792, 7852, 7882, 7942, 7972, 8001, 8031, 8061, 8091, 8121, 8151, 8211, 8241, 8271, 8301, 8331, 8391, 8421, 8451, 8481, 8571, 8631, 8691, 8781]
2026-03-07 16:08:50,676 | INFO | Selecting frames for question T57jVsvVVR0_0 on video T57jVsvVVR0.mp4: frames=263 tags=4
2026-03-07 16:08:51,294 | INFO | Selected 32 frames for question T57jVsvVVR0_0: [50, 700, 750, 800, 825, 850, 875, 1125, 1325, 1925, 1950, 2000, 2025, 2200, 2225, 2425, 2450, 2475, 2500, 2525, 2575, 2825, 4075, 4125, 4150, 5025, 5700, 6175, 6200, 6400, 6425, 6450]
2026-03-07 16:08:51,294 | INFO | Selecting frames for question mkqgTAe2_O4_0 on video mkqgTAe2_O4.mp4: frames=520 tags=4
2026-03-07 16:08:53,783 | INFO | Selected 32 frames for question mkqgTAe2_O4_0: [360, 1728, 1752, 1776, 1872, 2160, 2232, 2280, 2304, 2328, 2352, 2376, 2448, 2544, 2640, 5280, 6216, 6240, 6312, 6360, 6384, 6408, 6696, 6720, 6768, 6816, 8304, 8832, 8856, 8880, 9216, 10344]
2026-03-07 16:08:53,783 | INFO | Selecting frames for question mkqgTAe2_O4_1 on video mkqgTAe2_O4.mp4: frames=520 tags=4
2026-03-07 16:08:56,341 | INFO | Selected 32 frames for question mkqgTAe2_O4_1: [336, 360, 432, 1728, 1752, 1776, 1800, 1824, 2088, 2184, 2328, 2352, 2376, 2448, 2472, 2568, 2664, 2856, 2880, 4896, 5112, 6696, 6720, 6744, 6768, 6792, 8832, 9192, 9240, 10296, 10320, 10344]
2026-03-07 16:08:56,341 | INFO | Selecting frames for question lQODAJ_F5yE_0 on video lQODAJ_F5yE.mp4: frames=258 tags=4
2026-03-07 16:08:56,892 | INFO | Selected 32 frames for question lQODAJ_F5yE_0: [71, 215, 239, 287, 1030, 2973, 3116, 3140, 3164, 3188, 3236, 3260, 3956, 5226, 5322, 5346, 5370, 5394, 5418, 5466, 5490, 5514, 5946, 5970, 5994, 6017, 6041, 6065, 6089, 6113, 6137, 6161]
2026-03-07 16:08:56,892 | INFO | Selecting frames for question lQODAJ_F5yE_1 on video lQODAJ_F5yE.mp4: frames=258 tags=4
2026-03-07 16:08:57,429 | INFO | Selected 32 frames for question lQODAJ_F5yE_1: [119, 863, 887, 959, 983, 1006, 1030, 1438, 1894, 1918, 1942, 1966, 2469, 2517, 3116, 3140, 3164, 3188, 3956, 3980, 4027, 4075, 5226, 5250, 5322, 5394, 5490, 5538, 5634, 5658, 5946, 6065]
2026-03-07 16:08:57,430 | INFO | Selecting frames for question zkmoxOKhpvk_0 on video zkmoxOKhpvk.mp4: frames=541 tags=4
2026-03-07 16:09:00,185 | INFO | Selected 32 frames for question zkmoxOKhpvk_0: [270, 300, 330, 390, 420, 450, 480, 7200, 10290, 10320, 10350, 10380, 10410, 10440, 10470, 10500, 12390, 12420, 12450, 12480, 12720, 12750, 12780, 12810, 12840, 12870, 12900, 12930, 12960, 12990, 13020, 13050]
2026-03-07 16:09:00,186 | INFO | Selecting frames for question zkmoxOKhpvk_1 on video zkmoxOKhpvk.mp4: frames=541 tags=4
2026-03-07 16:09:03,040 | INFO | Selected 32 frames for question zkmoxOKhpvk_1: [780, 1860, 3990, 4020, 4050, 4200, 4530, 4620, 4650, 4680, 4710, 4800, 4920, 4950, 4980, 5010, 5040, 5070, 5130, 5160, 5190, 5220, 5250, 5280, 5310, 5340, 5370, 5970, 6780, 6810, 6960, 7020]
2026-03-07 16:09:03,040 | INFO | Selecting frames for question fp1r40w_PtA_0 on video fp1r40w_PtA.mp4: frames=402 tags=4
2026-03-07 16:09:04,536 | INFO | Selected 32 frames for question fp1r40w_PtA_0: [527, 551, 647, 1750, 4243, 4267, 4315, 4747, 4771, 4795, 4819, 4843, 4867, 4891, 4915, 4939, 5370, 5394, 5418, 6665, 6905, 6929, 6953, 7552, 8055, 8127, 8151, 8175, 8199, 8223, 8871, 9422]
2026-03-07 16:09:04,537 | INFO | Selecting frames for question fp1r40w_PtA_1 on video fp1r40w_PtA.mp4: frames=402 tags=4
2026-03-07 16:09:06,036 | INFO | Selected 32 frames for question fp1r40w_PtA_1: [1318, 1342, 1366, 1390, 1414, 1438, 1462, 5034, 5130, 5418, 6137, 6161, 6185, 6209, 6233, 6257, 6281, 6305, 6329, 6353, 6377, 7120, 7648, 7672, 7696, 7720, 7744, 7768, 7792, 7816, 7840, 7864]
2026-03-07 16:09:06,037 | INFO | Selecting frames for question Aw1_7wSaeKk_0 on video Aw1_7wSaeKk.mp4: frames=222 tags=4
2026-03-07 16:09:06,436 | INFO | Selected 32 frames for question Aw1_7wSaeKk_0: [0, 30, 60, 90, 120, 150, 180, 210, 240, 270, 300, 330, 360, 390, 420, 450, 480, 510, 540, 570, 600, 1680, 2220, 2250, 2640, 2670, 2730, 2760, 2910, 2940, 3300, 3360]
2026-03-07 16:09:06,437 | INFO | Selecting frames for question Aw1_7wSaeKk_1 on video Aw1_7wSaeKk.mp4: frames=222 tags=4
2026-03-07 16:09:06,938 | INFO | Selected 32 frames for question Aw1_7wSaeKk_1: [0, 30, 60, 90, 120, 150, 180, 210, 870, 900, 930, 960, 990, 1020, 1050, 1080, 1110, 1140, 1170, 1200, 1230, 1260, 1860, 2220, 2250, 2610, 3180, 3210, 3240, 3300, 3330, 3360]
2026-03-07 16:09:06,939 | INFO | Selecting frames for question DRIpznER-VQ_0 on video DRIpznER-VQ.mp4: frames=308 tags=4
2026-03-07 16:09:07,772 | INFO | Selected 32 frames for question DRIpznER-VQ_0: [335, 503, 527, 551, 575, 599, 1702, 2133, 2157, 2181, 2277, 2349, 3068, 3524, 3548, 3788, 4267, 4315, 4363, 4483, 4507, 4675, 4699, 5538, 5586, 5682, 5994, 6353, 6401, 6425, 6449, 7168]
2026-03-07 16:09:07,772 | INFO | Selecting frames for question iJgh2dnudIU_0 on video iJgh2dnudIU.mp4: frames=349 tags=4
2026-03-07 16:09:08,890 | INFO | Selected 32 frames for question iJgh2dnudIU_0: [1030, 1078, 1102, 2373, 2829, 3164, 4339, 4363, 4387, 4411, 4675, 4795, 5082, 5106, 5178, 5346, 5394, 5418, 5442, 5970, 5994, 6017, 6041, 6305, 6521, 6761, 6809, 6833, 7600, 7624, 7648, 7696]
2026-03-07 16:09:08,891 | INFO | Selecting frames for question iJgh2dnudIU_1 on video iJgh2dnudIU.mp4: frames=349 tags=4
2026-03-07 16:09:10,013 | INFO | Selected 32 frames for question iJgh2dnudIU_1: [1030, 1102, 1918, 2637, 2685, 2829, 3164, 3236, 3260, 4363, 4387, 4411, 4555, 4795, 4963, 4987, 5010, 5082, 5178, 5466, 5562, 5586, 5658, 5970, 6017, 6041, 7360, 7384, 7624, 7648, 7672, 7696]
2026-03-07 16:09:10,013 | INFO | Selecting frames for question ze66pbJYr18_0 on video ze66pbJYr18.mp4: frames=388 tags=4
2026-03-07 16:09:11,579 | INFO | Selected 32 frames for question ze66pbJYr18_0: [629, 659, 689, 719, 749, 1078, 4885, 8751, 8781, 8811, 8841, 8871, 8901, 8931, 8961, 8991, 9020, 9080, 9110, 9140, 9170, 9200, 9230, 9260, 9290, 9320, 9350, 9380, 9410, 9440, 9470, 11418]
2026-03-07 16:09:11,579 | INFO | Selecting frames for question ze66pbJYr18_1 on video ze66pbJYr18.mp4: frames=388 tags=4
2026-03-07 16:09:13,014 | INFO | Selected 32 frames for question ze66pbJYr18_1: [0, 329, 389, 419, 449, 2097, 2127, 2337, 2397, 2607, 3986, 4435, 5844, 5934, 5964, 5994, 6023, 6053, 6083, 6113, 6143, 6173, 6203, 6233, 6653, 11088, 11118, 11148, 11178, 11418, 11448, 11478]
2026-03-07 16:09:13,015 | INFO | Selecting frames for question AjF13uKVQa0_0 on video AjF13uKVQa0.mp4: frames=579 tags=4
2026-03-07 16:09:16,218 | INFO | Selected 32 frames for question AjF13uKVQa0_0: [1725, 6875, 7850, 7875, 7925, 7950, 7975, 8300, 8325, 8350, 8375, 8400, 8800, 8825, 9000, 9150, 9225, 9300, 9350, 9500, 9550, 9625, 9675, 10300, 11350, 12675, 12875, 13000, 13775, 13800, 13825, 13850]
2026-03-07 16:09:16,218 | INFO | Selecting frames for question AjF13uKVQa0_1 on video AjF13uKVQa0.mp4: frames=579 tags=4
2026-03-07 16:09:19,448 | INFO | Selected 32 frames for question AjF13uKVQa0_1: [3825, 7850, 7925, 8300, 8325, 8350, 8375, 8400, 8475, 8950, 9000, 9100, 9150, 9225, 9300, 9350, 9400, 9500, 9525, 9550, 9625, 9650, 9675, 9700, 9725, 9750, 9775, 9900, 11350, 11450, 11475, 12675]
2026-03-07 16:09:19,449 | INFO | Selecting frames for question X29dPzJIMbA_0 on video X29dPzJIMbA.mp4: frames=209 tags=4
2026-03-07 16:09:19,806 | INFO | Selected 32 frames for question X29dPzJIMbA_0: [149, 779, 809, 929, 2757, 2847, 2907, 3386, 3416, 3446, 3476, 3506, 3956, 3986, 4015, 4045, 4075, 4105, 4135, 4165, 4435, 4465, 4495, 4645, 4675, 4795, 5154, 5214, 5814, 5904, 5934, 5964]
2026-03-07 16:09:19,806 | INFO | Selecting frames for question X29dPzJIMbA_1 on video X29dPzJIMbA.mp4: frames=209 tags=4
2026-03-07 16:09:20,174 | INFO | Selected 32 frames for question X29dPzJIMbA_1: [0, 149, 449, 479, 929, 1288, 1318, 1348, 2097, 2637, 2667, 2907, 3536, 3566, 3596, 3626, 3656, 3866, 4225, 4255, 4795, 4915, 4945, 4975, 5004, 5244, 5304, 5334, 5364, 5694, 6143, 6173]
2026-03-07 16:09:20,174 | INFO | Selecting frames for question WM78_KqcrSY_0 on video WM78_KqcrSY.mp4: frames=490 tags=4
2026-03-07 16:09:22,618 | INFO | Selected 32 frames for question WM78_KqcrSY_0: [2970, 3570, 3600, 3630, 3660, 3690, 3720, 3750, 3780, 3810, 3840, 3870, 3900, 3930, 3960, 3990, 6840, 6900, 6930, 6960, 6990, 7020, 7050, 7080, 7110, 7140, 7170, 7200, 10320, 12180, 12840, 13020]
2026-03-07 16:09:22,618 | INFO | Selecting frames for question WM78_KqcrSY_1 on video WM78_KqcrSY.mp4: frames=490 tags=4
2026-03-07 16:09:24,842 | INFO | Selected 32 frames for question WM78_KqcrSY_1: [3570, 5520, 6210, 6780, 6810, 6840, 6870, 6900, 6930, 6960, 6990, 7020, 7440, 7470, 7500, 7530, 7560, 7590, 7620, 7650, 7680, 7710, 7740, 7770, 7800, 7830, 7860, 11040, 11130, 11160, 12840, 14400]
2026-03-07 16:09:24,843 | INFO | Selecting frames for question F8Ma1qs0Rkg_0 on video F8Ma1qs0Rkg.mp4: frames=494 tags=4
2026-03-07 16:09:27,138 | INFO | Selected 32 frames for question F8Ma1qs0Rkg_0: [875, 950, 1075, 1400, 2375, 2825, 2975, 3100, 3275, 3575, 4775, 5275, 5350, 5900, 5950, 6075, 7700, 8425, 8625, 9375, 9400, 9700, 9800, 9825, 10125, 10200, 10425, 11000, 11350, 11725, 11750, 12050]
2026-03-07 16:09:27,139 | INFO | Selecting frames for question F8Ma1qs0Rkg_1 on video F8Ma1qs0Rkg.mp4: frames=494 tags=4
2026-03-07 16:09:29,408 | INFO | Selected 32 frames for question F8Ma1qs0Rkg_1: [2425, 2825, 3800, 5725, 5900, 7700, 9700, 9725, 10125, 10200, 10500, 11200, 11225, 11275, 11300, 11350, 11375, 11400, 11425, 11450, 11475, 11550, 11625, 11650, 11700, 11750, 11800, 11850, 11875, 11925, 11975, 12000]
2026-03-07 16:09:29,409 | INFO | Selecting frames for question AYMdAVxALP4_0 on video AYMdAVxALP4.mp4: frames=379 tags=4
2026-03-07 16:09:30,929 | INFO | Selected 32 frames for question AYMdAVxALP4_0: [29, 329, 359, 389, 419, 479, 539, 1678, 1858, 2367, 2397, 2427, 2457, 2487, 2517, 2547, 2577, 2607, 2847, 3356, 3626, 3866, 3896, 4405, 5274, 5814, 5844, 5934, 6353, 6953, 9380, 9410]
2026-03-07 16:09:30,930 | INFO | Selecting frames for question AYMdAVxALP4_1 on video AYMdAVxALP4.mp4: frames=379 tags=4
2026-03-07 16:09:32,670 | INFO | Selected 32 frames for question AYMdAVxALP4_1: [0, 749, 779, 899, 929, 959, 3206, 3296, 3326, 5424, 7042, 7072, 7702, 7972, 8001, 8031, 8061, 8091, 8121, 8151, 8181, 8211, 8241, 8271, 8301, 8331, 8751, 8781, 8931, 9200, 9860, 10069]
2026-03-07 16:09:32,670 | INFO | Selecting frames for question cc0T2vtuJtc_0 on video cc0T2vtuJtc.mp4: frames=246 tags=4
2026-03-07 16:09:33,251 | INFO | Selected 32 frames for question cc0T2vtuJtc_0: [180, 990, 2430, 2460, 2490, 2520, 2550, 2610, 2640, 2670, 2880, 3480, 3540, 3570, 3630, 3660, 3750, 3990, 4050, 4080, 4110, 4440, 4770, 4800, 4830, 4890, 4950, 4980, 5910, 5940, 6150, 6720]
2026-03-07 16:09:33,252 | INFO | Selecting frames for question cc0T2vtuJtc_1 on video cc0T2vtuJtc.mp4: frames=246 tags=4
2026-03-07 16:09:34,005 | INFO | Selected 32 frames for question cc0T2vtuJtc_1: [450, 480, 510, 540, 630, 660, 690, 720, 750, 780, 1860, 2100, 2220, 2280, 2340, 2400, 2430, 2940, 2970, 3000, 3090, 3330, 3480, 3510, 4440, 4980, 5250, 5520, 5550, 5670, 6870, 6930]
2026-03-07 16:09:34,005 | INFO | Selecting frames for question WmrwQMFZLqI_0 on video WmrwQMFZLqI.mp4: frames=504 tags=4
2026-03-07 16:09:36,628 | INFO | Selected 32 frames for question WmrwQMFZLqI_0: [3116, 3140, 3164, 3308, 3332, 3356, 3380, 3404, 3428, 3452, 3884, 3908, 3932, 3956, 3980, 4003, 4867, 4939, 5298, 5370, 5442, 5562, 5826, 5850, 5874, 5898, 6137, 8559, 8679, 8703, 8751, 8775]
2026-03-07 16:09:36,628 | INFO | Selecting frames for question WmrwQMFZLqI_1 on video WmrwQMFZLqI.mp4: frames=504 tags=4
2026-03-07 16:09:39,712 | INFO | Selected 32 frames for question WmrwQMFZLqI_1: [767, 1174, 1486, 1582, 2445, 2469, 2493, 4315, 6233, 6329, 6377, 6401, 6449, 6497, 6521, 6545, 6569, 6593, 6881, 6905, 6929, 7024, 7048, 7072, 7120, 7144, 7168, 7192, 7240, 7288, 7384, 9710]
2026-03-07 16:09:39,713 | INFO | Selecting frames for question 6Lb1PyJxVQM_0 on video 6Lb1PyJxVQM.mp4: frames=394 tags=4
2026-03-07 16:09:41,537 | INFO | Selected 32 frames for question 6Lb1PyJxVQM_0: [0, 431, 671, 863, 887, 911, 1006, 1030, 1054, 1078, 1102, 1342, 1390, 1414, 1438, 1462, 1510, 1750, 1774, 1798, 1822, 1846, 1870, 2205, 3764, 9278, 9302, 9326, 9350, 9374, 9398, 9422]
2026-03-07 16:09:41,538 | INFO | Selecting frames for question 6Lb1PyJxVQM_1 on video 6Lb1PyJxVQM.mp4: frames=394 tags=4
2026-03-07 16:09:43,577 | INFO | Selected 32 frames for question 6Lb1PyJxVQM_1: [2565, 3020, 3932, 4075, 4099, 4171, 4459, 5034, 7216, 7240, 7360, 7648, 7696, 7720, 7744, 7792, 7840, 7864, 7984, 8103, 8175, 8199, 8223, 8247, 8439, 8511, 8607, 8631, 8655, 8679, 8727, 8775]
2026-03-07 16:09:43,577 | INFO | Selecting frames for question BtaVRhoLpC0_0 on video BtaVRhoLpC0.mp4: frames=190 tags=4
2026-03-07 16:09:43,995 | INFO | Selected 32 frames for question BtaVRhoLpC0_0: [0, 200, 425, 650, 800, 950, 975, 1075, 1100, 1125, 1225, 1325, 1375, 1550, 1575, 1600, 1625, 1725, 1775, 1900, 1950, 1975, 2000, 2025, 2050, 2075, 2100, 2125, 2150, 2350, 2425, 2500]
2026-03-07 16:09:43,996 | INFO | Selecting frames for question BtaVRhoLpC0_1 on video BtaVRhoLpC0.mp4: frames=190 tags=4
2026-03-07 16:09:44,446 | INFO | Selected 32 frames for question BtaVRhoLpC0_1: [25, 50, 100, 125, 150, 200, 225, 250, 275, 300, 500, 525, 550, 575, 600, 625, 975, 1175, 1225, 1300, 1350, 2350, 3400, 3975, 4025, 4100, 4175, 4200, 4225, 4250, 4275, 4300]
2026-03-07 16:09:44,446 | INFO | Selecting frames for question ozpGTw6DrXs_0 on video ozpGTw6DrXs.mp4: frames=495 tags=4
2026-03-07 16:09:47,633 | INFO | Selected 32 frames for question ozpGTw6DrXs_0: [0, 29, 59, 89, 119, 149, 1738, 1828, 3296, 3326, 3356, 3716, 3746, 3776, 5724, 5754, 5784, 6083, 6263, 6983, 9350, 9380, 9500, 9680, 11658, 11748, 13066, 13456, 14655, 14685, 14715, 14805]
2026-03-07 16:09:47,634 | INFO | Selecting frames for question ozpGTw6DrXs_1 on video ozpGTw6DrXs.mp4: frames=495 tags=4
2026-03-07 16:09:50,752 | INFO | Selected 32 frames for question ozpGTw6DrXs_1: [869, 2517, 2727, 4015, 4135, 4525, 4555, 4615, 4645, 4675, 4885, 5274, 5364, 6743, 7252, 7282, 7312, 7342, 9170, 9200, 9230, 9320, 9380, 9500, 9920, 10009, 10639, 10939, 10999, 11118, 13066, 13876]
2026-03-07 16:09:50,753 | INFO | Selecting frames for question XR3Ov2nQ39s_0 on video XR3Ov2nQ39s.mp4: frames=591 tags=4
2026-03-07 16:09:55,277 | INFO | Selected 32 frames for question XR3Ov2nQ39s_0: [1290, 3180, 3210, 3270, 3300, 3330, 3360, 3390, 3420, 3450, 9990, 10020, 10050, 10080, 10110, 10140, 10320, 10350, 10380, 10440, 10470, 12120, 12150, 12180, 12210, 12360, 17370, 17490, 17520, 17580, 17610, 17640]
2026-03-07 16:09:55,279 | INFO | Selecting frames for question XR3Ov2nQ39s_1 on video XR3Ov2nQ39s.mp4: frames=591 tags=4
2026-03-07 16:09:59,960 | INFO | Selected 32 frames for question XR3Ov2nQ39s_1: [1290, 2580, 3210, 3270, 3390, 3420, 3450, 6720, 6780, 6810, 7800, 7860, 9630, 9660, 9990, 10020, 10320, 10350, 10380, 10410, 10440, 10470, 10860, 10980, 11430, 12120, 12150, 12180, 12210, 13770, 15780, 17370]
2026-03-07 16:09:59,961 | INFO | Selecting frames for question _qepWb_NVj4_0 on video _qepWb_NVj4.mp4: frames=460 tags=4
2026-03-07 16:10:02,359 | INFO | Selected 32 frames for question _qepWb_NVj4_0: [239, 389, 1798, 1828, 2277, 2307, 2997, 3386, 4045, 4255, 4315, 4345, 4375, 4405, 4435, 5664, 6053, 6203, 7372, 7522, 7552, 8901, 9980, 10009, 10369, 10399, 10969, 11208, 11238, 11268, 12737, 13096]
2026-03-07 16:10:02,364 | INFO | Selecting frames for question _qepWb_NVj4_1 on video _qepWb_NVj4.mp4: frames=460 tags=4
2026-03-07 16:10:04,840 | INFO | Selected 32 frames for question _qepWb_NVj4_1: [3386, 3716, 4045, 4075, 4255, 4285, 4345, 4375, 7672, 7702, 7732, 9590, 9620, 9650, 9980, 10339, 10369, 10399, 10489, 10519, 10549, 10609, 10639, 10669, 10699, 10729, 11238, 11268, 12737, 13096, 13216, 13246]
2026-03-07 16:10:04,841 | INFO | Selecting frames for question z6HTO2SOxUc_0 on video z6HTO2SOxUc.mp4: frames=277 tags=4
2026-03-07 16:10:05,789 | INFO | Selected 32 frames for question z6HTO2SOxUc_0: [647, 887, 1534, 1558, 1870, 2205, 2229, 2253, 2301, 2325, 2637, 2877, 2925, 3020, 3884, 3908, 3932, 3956, 4267, 4291, 4315, 4651, 4747, 4867, 4963, 5322, 5370, 5442, 5658, 5754, 5802, 5922]
2026-03-07 16:10:05,790 | INFO | Selecting frames for question z6HTO2SOxUc_1 on video z6HTO2SOxUc.mp4: frames=277 tags=4
2026-03-07 16:10:06,705 | INFO | Selected 32 frames for question z6HTO2SOxUc_1: [71, 95, 143, 167, 359, 383, 407, 431, 887, 2661, 2709, 2901, 2925, 3020, 4267, 4291, 5634, 5658, 5754, 5802, 5850, 5874, 5922, 5946, 5970, 6089, 6329, 6401, 6425, 6449, 6473, 6497]
2026-03-07 16:10:06,706 | INFO | Selecting frames for question Jaw7eWzgWr0_0 on video Jaw7eWzgWr0.mp4: frames=248 tags=4
2026-03-07 16:10:07,455 | INFO | Selected 32 frames for question Jaw7eWzgWr0_0: [551, 575, 599, 623, 935, 2637, 3524, 4795, 4819, 4843, 4867, 4915, 4939, 4963, 5010, 5058, 5082, 5106, 5130, 5154, 5178, 5202, 5226, 5274, 5298, 5322, 5418, 5442, 5466, 5586, 5610, 5634]
2026-03-07 16:10:07,456 | INFO | Selecting frames for question Jaw7eWzgWr0_1 on video Jaw7eWzgWr0.mp4: frames=248 tags=4
2026-03-07 16:10:08,262 | INFO | Selected 32 frames for question Jaw7eWzgWr0_1: [551, 575, 599, 623, 935, 959, 983, 1558, 1582, 1606, 1630, 1654, 2445, 2469, 2493, 2517, 2613, 2637, 3500, 3524, 3548, 3572, 3596, 4963, 4987, 5058, 5082, 5106, 5130, 5154, 5202, 5418]
2026-03-07 16:10:08,263 | INFO | Selecting frames for question 9m4wi5gPdHg_0 on video 9m4wi5gPdHg.mp4: frames=302 tags=4
2026-03-07 16:10:10,011 | INFO | Selected 32 frames for question 9m4wi5gPdHg_0: [0, 216, 648, 672, 1104, 1176, 1200, 1248, 2112, 2136, 2160, 2184, 2208, 2232, 2256, 2280, 4248, 4344, 4368, 4392, 4416, 4440, 4464, 4488, 5592, 5616, 5664, 5688, 5712, 6000, 6024, 6048]
2026-03-07 16:10:10,012 | INFO | Selecting frames for question 9m4wi5gPdHg_1 on video 9m4wi5gPdHg.mp4: frames=302 tags=4
2026-03-07 16:10:10,797 | INFO | Selected 32 frames for question 9m4wi5gPdHg_1: [144, 216, 936, 960, 984, 1008, 1200, 1632, 2136, 2160, 3264, 3288, 3312, 3336, 3360, 3384, 4392, 4416, 4440, 4464, 4488, 4776, 5184, 5472, 5520, 5544, 5712, 5736, 5760, 5784, 5808, 6840]
2026-03-07 16:10:10,797 | INFO | Selecting frames for question a_8G0PzVFbc_0 on video a_8G0PzVFbc.mp4: frames=532 tags=4
2026-03-07 16:10:13,549 | INFO | Selected 32 frames for question a_8G0PzVFbc_0: [311, 1678, 1822, 1846, 1918, 1942, 1966, 2013, 2037, 2973, 3068, 3092, 3116, 3308, 3332, 3404, 10237, 10285, 10309, 10333, 10357, 10381, 10429, 10453, 10621, 10669, 10693, 10717, 10741, 10765, 12083, 12131]
2026-03-07 16:10:13,549 | INFO | Selecting frames for question a_8G0PzVFbc_1 on video a_8G0PzVFbc.mp4: frames=532 tags=4
2026-03-07 16:10:16,145 | INFO | Selected 32 frames for question a_8G0PzVFbc_1: [1318, 1342, 1414, 1438, 1510, 1534, 1582, 1606, 1630, 1654, 1678, 1702, 1726, 2445, 2469, 2493, 2517, 2541, 2565, 2589, 2613, 2637, 2661, 2973, 3116, 3476, 5658, 5682, 5706, 10237, 10285, 10333]
2026-03-07 16:10:16,145 | INFO | Selecting frames for question 97nEBjiQI1M_0 on video 97nEBjiQI1M.mp4: frames=381 tags=4
2026-03-07 16:10:17,538 | INFO | Selected 32 frames for question 97nEBjiQI1M_0: [25, 50, 75, 100, 250, 275, 300, 550, 600, 625, 2425, 2475, 3225, 3450, 3475, 3500, 3875, 3925, 3950, 4000, 4025, 4050, 4125, 4200, 4225, 4250, 4400, 5575, 5600, 7075, 7350, 7475]
2026-03-07 16:10:17,538 | INFO | Selecting frames for question 97nEBjiQI1M_1 on video 97nEBjiQI1M.mp4: frames=381 tags=4
2026-03-07 16:10:18,996 | INFO | Selected 32 frames for question 97nEBjiQI1M_1: [200, 2025, 2075, 2100, 2650, 2675, 2700, 2725, 2750, 2775, 2800, 2825, 2850, 2875, 2900, 2925, 2950, 2975, 3000, 3025, 3050, 3075, 3100, 3125, 3150, 3175, 3200, 3625, 5500, 6200, 6425, 8400]
2026-03-07 16:10:18,996 | INFO | Selecting frames for question KlZpZVphLrc_0 on video KlZpZVphLrc.mp4: frames=341 tags=4
2026-03-07 16:10:20,173 | INFO | Selected 32 frames for question KlZpZVphLrc_0: [1200, 3925, 4300, 5575, 5600, 5725, 7050, 7125, 7350, 7725, 7750, 7775, 7825, 7850, 7975, 8000, 8025, 8050, 8075, 8100, 8125, 8150, 8175, 8200, 8225, 8250, 8275, 8300, 8325, 8350, 8400, 8425]
2026-03-07 16:10:20,173 | INFO | Selecting frames for question KlZpZVphLrc_1 on video KlZpZVphLrc.mp4: frames=341 tags=4
2026-03-07 16:10:21,267 | INFO | Selected 32 frames for question KlZpZVphLrc_1: [0, 50, 100, 125, 4300, 5350, 5425, 5600, 5725, 5825, 5850, 6175, 6725, 6750, 6775, 6825, 6850, 6875, 6900, 6925, 8100, 8125, 8150, 8175, 8200, 8225, 8250, 8275, 8300, 8325, 8350, 8475]
2026-03-07 16:10:21,267 | INFO | Selecting frames for question AxciimuEZAc_0 on video AxciimuEZAc.mp4: frames=254 tags=4
2026-03-07 16:10:21,861 | INFO | Selected 32 frames for question AxciimuEZAc_0: [143, 167, 191, 215, 239, 1174, 1198, 1222, 1246, 1270, 1822, 1846, 1870, 1918, 1942, 3116, 3188, 3236, 3620, 3692, 4219, 4699, 4723, 4747, 4771, 4795, 5418, 5442, 5466, 5490, 5514, 5610]
2026-03-07 16:10:21,861 | INFO | Selecting frames for question AxciimuEZAc_1 on video AxciimuEZAc.mp4: frames=254 tags=4
2026-03-07 16:10:22,444 | INFO | Selected 32 frames for question AxciimuEZAc_1: [143, 167, 1174, 1198, 1222, 1246, 1270, 1462, 1822, 1846, 1870, 1918, 1942, 3020, 3044, 3092, 3116, 3620, 3644, 4651, 4675, 4699, 4723, 4747, 4771, 4795, 5418, 5442, 5466, 5490, 5514, 5610]
2026-03-07 16:10:22,444 | INFO | Selecting frames for question kk-iRzLv81o_0 on video kk-iRzLv81o.mp4: frames=447 tags=4
2026-03-07 16:10:24,325 | INFO | Selected 32 frames for question kk-iRzLv81o_0: [1872, 1944, 1968, 1992, 2016, 2040, 2064, 2784, 3744, 5760, 6336, 6696, 6720, 6744, 6768, 6792, 6936, 6960, 6984, 7008, 7032, 7056, 7080, 7128, 7152, 7176, 7200, 7224, 7248, 7392, 7440, 7848]
2026-03-07 16:10:24,326 | INFO | Selecting frames for question kk-iRzLv81o_1 on video kk-iRzLv81o.mp4: frames=447 tags=4
2026-03-07 16:10:26,237 | INFO | Selected 32 frames for question kk-iRzLv81o_1: [3000, 3048, 3072, 3096, 3120, 3168, 3192, 3384, 3408, 3432, 3456, 3480, 3504, 3528, 3552, 3576, 3600, 3624, 3648, 5760, 7032, 7848, 7896, 7968, 8232, 9000, 9024, 9048, 9072, 9096, 9120, 9216]
2026-03-07 16:10:26,237 | INFO | Selecting frames for question Fo97qfO-9_g_0 on video Fo97qfO-9_g.mp4: frames=451 tags=4
2026-03-07 16:10:28,219 | INFO | Selected 32 frames for question Fo97qfO-9_g_0: [0, 1288, 1318, 5694, 5724, 5754, 5784, 5844, 5874, 5904, 5934, 5964, 5994, 7282, 7312, 7342, 7372, 7402, 7432, 8031, 8061, 8121, 10369, 10399, 10429, 10459, 10489, 10519, 10819, 10849, 10879, 10999]
2026-03-07 16:10:28,220 | INFO | Selecting frames for question Fo97qfO-9_g_1 on video Fo97qfO-9_g.mp4: frames=451 tags=4
2026-03-07 16:10:30,224 | INFO | Selected 32 frames for question Fo97qfO-9_g_1: [5694, 5724, 5754, 5784, 5814, 5844, 5874, 5904, 5934, 5964, 5994, 7282, 7312, 7342, 7372, 7402, 7432, 8031, 8061, 8091, 8121, 10369, 10399, 10429, 10459, 10489, 10519, 10609, 10819, 10849, 10879, 10999]
2026-03-07 16:10:30,225 | INFO | Selecting frames for question qbA42wQoWAs_0 on video qbA42wQoWAs.mp4: frames=454 tags=4
2026-03-07 16:10:32,261 | INFO | Selected 32 frames for question qbA42wQoWAs_0: [2565, 2589, 3092, 3404, 3812, 4123, 4147, 4171, 4195, 4219, 4267, 4291, 4315, 4339, 4363, 4387, 4411, 4435, 4459, 4507, 4531, 4555, 4579, 4603, 4723, 4939, 4987, 5058, 5130, 5178, 5202, 6641]
2026-03-07 16:10:32,261 | INFO | Selecting frames for question qbA42wQoWAs_1 on video qbA42wQoWAs.mp4: frames=454 tags=4
2026-03-07 16:10:34,347 | INFO | Selected 32 frames for question qbA42wQoWAs_1: [7528, 7960, 8319, 8343, 8367, 8391, 8463, 8559, 8631, 8775, 8799, 8823, 8847, 8871, 8895, 8919, 8967, 8991, 9014, 9062, 9158, 9878, 9926, 9950, 9974, 10021, 10045, 10069, 10093, 10117, 10165, 10261]
2026-03-07 16:10:34,348 | INFO | Selecting frames for question lojHyp1k0gE_0 on video lojHyp1k0gE.mp4: frames=466 tags=4
2026-03-07 16:10:36,444 | INFO | Selected 32 frames for question lojHyp1k0gE_0: [2133, 3524, 3548, 3572, 3596, 3620, 3644, 3692, 3740, 3764, 3788, 3812, 3836, 3860, 3884, 3908, 3932, 3956, 3980, 4003, 4099, 4123, 4147, 4171, 4195, 4603, 4627, 4675, 4723, 4987, 5034, 5130]
2026-03-07 16:10:36,445 | INFO | Selecting frames for question lojHyp1k0gE_1 on video lojHyp1k0gE.mp4: frames=466 tags=4
2026-03-07 16:10:38,823 | INFO | Selected 32 frames for question lojHyp1k0gE_1: [5202, 5250, 5298, 5346, 5394, 5418, 5850, 6785, 6809, 6833, 6857, 6881, 6905, 6929, 6953, 6977, 7000, 8895, 8943, 9230, 9254, 9278, 9302, 9326, 9350, 9374, 9398, 9422, 10357, 10453, 10525, 10549]
2026-03-07 16:10:38,824 | INFO | Selecting frames for question gtX_oRpLClY_0 on video gtX_oRpLClY.mp4: frames=236 tags=4
2026-03-07 16:10:39,523 | INFO | Selected 32 frames for question gtX_oRpLClY_0: [360, 840, 1230, 1620, 1770, 1920, 1950, 1980, 2010, 2040, 2790, 2880, 2910, 3510, 3840, 3990, 4320, 4620, 4740, 5580, 5760, 5790, 5910, 5940, 6060, 6210, 6570, 6630, 6660, 6810, 6840, 6900]
2026-03-07 16:10:39,523 | INFO | Selecting frames for question UN3ICsfqKEY_0 on video UN3ICsfqKEY.mp4: frames=518 tags=4
2026-03-07 16:10:42,702 | INFO | Selected 32 frames for question UN3ICsfqKEY_0: [29, 1588, 3596, 4495, 4585, 5304, 5334, 5364, 5454, 5514, 5544, 5634, 5754, 5874, 5904, 5964, 5994, 6023, 6053, 6113, 6143, 6233, 6263, 6473, 6533, 6923, 7372, 7402, 8061, 8781, 9170, 9590]
2026-03-07 16:10:42,703 | INFO | Selecting frames for question UN3ICsfqKEY_1 on video UN3ICsfqKEY.mp4: frames=518 tags=4
2026-03-07 16:10:45,260 | INFO | Selected 32 frames for question UN3ICsfqKEY_1: [29, 119, 3596, 3626, 4495, 5334, 5364, 5454, 5754, 5994, 6113, 6233, 6263, 6353, 6383, 6533, 6923, 6983, 8061, 8151, 8871, 8901, 8931, 8961, 9020, 9050, 9170, 9200, 9230, 9260, 9590, 13846]
2026-03-07 16:10:45,261 | INFO | Selecting frames for question yXXhrMqfMlk_0 on video yXXhrMqfMlk.mp4: frames=317 tags=4
2026-03-07 16:10:46,150 | INFO | Selected 32 frames for question yXXhrMqfMlk_0: [95, 335, 359, 383, 407, 791, 815, 1366, 1390, 1510, 1582, 1606, 1630, 1654, 1702, 1726, 1750, 1774, 1894, 1966, 2013, 2061, 2085, 2205, 2229, 2253, 2277, 2301, 2349, 2373, 4459, 5394]
2026-03-07 16:10:46,150 | INFO | Selecting frames for question yXXhrMqfMlk_1 on video yXXhrMqfMlk.mp4: frames=317 tags=4
2026-03-07 16:10:47,314 | INFO | Selected 32 frames for question yXXhrMqfMlk_1: [815, 935, 959, 1030, 1198, 1582, 2517, 2709, 3308, 3692, 3908, 4075, 4123, 4219, 4315, 4363, 4579, 4627, 5346, 5394, 5418, 5466, 6665, 6689, 6713, 6737, 6761, 6785, 6809, 6833, 7288, 7552]
2026-03-07 16:10:47,314 | INFO | Selecting frames for question Z7Cox6lPW3c_0 on video Z7Cox6lPW3c.mp4: frames=208 tags=4
2026-03-07 16:10:47,806 | INFO | Selected 32 frames for question Z7Cox6lPW3c_0: [0, 29, 59, 89, 119, 149, 269, 299, 479, 1408, 3536, 3566, 3596, 3626, 3656, 3686, 3716, 3746, 3806, 3836, 3866, 3896, 3926, 3956, 3986, 4015, 4165, 4195, 4225, 4735, 4855, 5934]
2026-03-07 16:10:47,806 | INFO | Selecting frames for question Z7Cox6lPW3c_1 on video Z7Cox6lPW3c.mp4: frames=208 tags=4
2026-03-07 16:10:48,267 | INFO | Selected 32 frames for question Z7Cox6lPW3c_1: [299, 479, 569, 629, 659, 689, 869, 1438, 3536, 3566, 3596, 3986, 4015, 4045, 4165, 4195, 4225, 4735, 4765, 4795, 4825, 4855, 5274, 5364, 5994, 6023, 6053, 6083, 6113, 6143, 6173, 6203]
2026-03-07 16:10:48,268 | INFO | Selecting frames for question D0RyFh0hnkQ_0 on video D0RyFh0hnkQ.mp4: frames=521 tags=4
2026-03-07 16:10:50,810 | INFO | Selected 32 frames for question D0RyFh0hnkQ_0: [3225, 3300, 3325, 8025, 8625, 8650, 8675, 8700, 8725, 8750, 9700, 10775, 10800, 10825, 10850, 10875, 10900, 10925, 10950, 10975, 11000, 11025, 11150, 11175, 11200, 11225, 11250, 11300, 11350, 11450, 12050, 12775]
2026-03-07 16:10:50,811 | INFO | Selecting frames for question 2edlqFUTDVc_0 on video 2edlqFUTDVc.mp4: frames=355 tags=4
2026-03-07 16:10:52,034 | INFO | Selected 32 frames for question 2edlqFUTDVc_0: [47, 119, 191, 551, 1774, 1870, 1894, 2061, 2085, 2109, 2133, 2157, 2181, 2205, 2229, 3788, 4075, 4627, 5514, 6185, 6257, 6449, 6473, 6497, 6521, 6545, 6569, 6593, 6617, 6641, 7744, 7936]
2026-03-07 16:10:52,034 | INFO | Selecting frames for question 2edlqFUTDVc_1 on video 2edlqFUTDVc.mp4: frames=355 tags=4
2026-03-07 16:10:53,242 | INFO | Selected 32 frames for question 2edlqFUTDVc_1: [191, 1966, 1990, 2277, 2301, 4075, 4099, 4123, 4147, 4195, 5514, 5538, 6425, 6449, 6473, 6497, 6521, 6545, 6569, 6593, 6617, 6641, 6665, 6689, 6713, 6737, 6761, 6785, 6809, 6833, 6857, 6881]
2026-03-07 16:10:53,242 | INFO | Selecting frames for question hf4WUOagFAw_0 on video hf4WUOagFAw.mp4: frames=216 tags=4
2026-03-07 16:10:53,638 | INFO | Selected 32 frames for question hf4WUOagFAw_0: [329, 359, 389, 2457, 2487, 2637, 2757, 2787, 2817, 2937, 2967, 3326, 3356, 3416, 3596, 3866, 4075, 4285, 4615, 4825, 4915, 5034, 5094, 5124, 5184, 5634, 5664, 5754, 5784, 5904, 6233, 6323]
2026-03-07 16:10:53,638 | INFO | Selecting frames for question hf4WUOagFAw_1 on video hf4WUOagFAw.mp4: frames=216 tags=4
2026-03-07 16:10:54,113 | INFO | Selected 32 frames for question hf4WUOagFAw_1: [359, 389, 569, 899, 929, 1108, 2097, 2157, 2187, 2637, 2667, 2727, 4045, 4105, 4315, 4465, 4495, 4585, 4885, 5034, 5094, 5274, 5454, 5484, 5724, 5754, 5874, 5904, 6173, 6203, 6233, 6353]
2026-03-07 16:10:54,114 | INFO | Selecting frames for question zTeDF7mQ88A_0 on video zTeDF7mQ88A.mp4: frames=270 tags=4
2026-03-07 16:10:54,812 | INFO | Selected 32 frames for question zTeDF7mQ88A_0: [0, 180, 1050, 1950, 1980, 2010, 2040, 2130, 2340, 2370, 2400, 2430, 2880, 5130, 5160, 5190, 5220, 5250, 5280, 5310, 5340, 5370, 5400, 6030, 6300, 6330, 6360, 6390, 6420, 6450, 6480, 6510]
2026-03-07 16:10:54,813 | INFO | Selecting frames for question zTeDF7mQ88A_1 on video zTeDF7mQ88A.mp4: frames=270 tags=4
2026-03-07 16:10:55,568 | INFO | Selected 32 frames for question zTeDF7mQ88A_1: [4410, 4440, 4470, 4500, 4530, 4560, 4590, 4620, 4650, 4680, 4710, 4890, 4920, 4950, 4980, 5040, 5070, 5100, 5130, 5160, 5190, 5220, 5250, 5280, 5310, 5340, 5370, 6270, 6420, 6900, 6930, 6960]
2026-03-07 16:10:55,568 | INFO | Selecting frames for question yl-6-Yzt--A_0 on video yl-6-Yzt--A.mp4: frames=349 tags=4
2026-03-07 16:10:56,717 | INFO | Selected 32 frames for question yl-6-Yzt--A_0: [749, 779, 1108, 1138, 1258, 1288, 2877, 2907, 2937, 2997, 3026, 3746, 3806, 3836, 3866, 4135, 4165, 4195, 4225, 4675, 4705, 4735, 4765, 4795, 4825, 4855, 6263, 6293, 6323, 6353, 6383, 6413]
2026-03-07 16:10:56,717 | INFO | Selecting frames for question md3LVlEzFBU_0 on video md3LVlEzFBU.mp4: frames=294 tags=4
2026-03-07 16:10:57,479 | INFO | Selected 32 frames for question md3LVlEzFBU_0: [24, 48, 72, 96, 1272, 2040, 2640, 2688, 3024, 3048, 3072, 3120, 3192, 3240, 3264, 4416, 4560, 4728, 4776, 4824, 5544, 5568, 5832, 5952, 5976, 6000, 6024, 6048, 6072, 6096, 6120, 6144]
2026-03-07 16:10:57,483 | INFO | Selecting frames for question md3LVlEzFBU_1 on video md3LVlEzFBU.mp4: frames=294 tags=4
2026-03-07 16:10:58,406 | INFO | Selected 32 frames for question md3LVlEzFBU_1: [1056, 1128, 1152, 1704, 1872, 3288, 3960, 4080, 4104, 4176, 4200, 4872, 4992, 5016, 5040, 5280, 5304, 5328, 5352, 5400, 5448, 5472, 5496, 5544, 5568, 6288, 6408, 6480, 6504, 6528, 6552, 6576]
2026-03-07 16:10:58,407 | INFO | Selecting frames for question 7MemY9jOmuk_0 on video 7MemY9jOmuk.mp4: frames=551 tags=4
2026-03-07 16:11:01,590 | INFO | Selected 32 frames for question 7MemY9jOmuk_0: [0, 25, 50, 75, 100, 125, 150, 175, 200, 225, 250, 275, 300, 325, 350, 375, 400, 425, 450, 475, 500, 525, 550, 575, 600, 5625, 9300, 9325, 13625, 13650, 13700, 13725]
2026-03-07 16:11:01,590 | INFO | Selecting frames for question 7MemY9jOmuk_1 on video 7MemY9jOmuk.mp4: frames=551 tags=4
2026-03-07 16:11:04,641 | INFO | Selected 32 frames for question 7MemY9jOmuk_1: [0, 25, 50, 600, 2650, 2675, 2700, 2725, 2750, 2775, 2800, 2825, 2850, 2875, 2900, 2925, 2950, 2975, 3000, 3025, 3050, 3350, 3375, 3400, 4725, 5775, 5900, 6250, 6275, 6300, 6325, 6350]
2026-03-07 16:11:04,642 | INFO | Selecting frames for question N4VtpYgZLVg_0 on video N4VtpYgZLVg.mp4: frames=569 tags=4
2026-03-07 16:11:07,937 | INFO | Selected 32 frames for question N4VtpYgZLVg_0: [1486, 1510, 1678, 1702, 1726, 1750, 1966, 2133, 2157, 2661, 2685, 2997, 3068, 10405, 10429, 10477, 10549, 10621, 10645, 10669, 10693, 10717, 10741, 10765, 10981, 11052, 11124, 11172, 11196, 11244, 11388, 11412]
2026-03-07 16:11:07,939 | INFO | Selecting frames for question N4VtpYgZLVg_1 on video N4VtpYgZLVg.mp4: frames=569 tags=4
2026-03-07 16:11:11,825 | INFO | Selected 32 frames for question N4VtpYgZLVg_1: [0, 2685, 2853, 2877, 2901, 3116, 3212, 4099, 4123, 5058, 5082, 8487, 8511, 8535, 8559, 8607, 8631, 8655, 8727, 8751, 8775, 8799, 8823, 8847, 8943, 8967, 9062, 9134, 9158, 9230, 9254, 13186]
2026-03-07 16:11:11,826 | INFO | Selecting frames for question 6d-EVupvWzU_0 on video 6d-EVupvWzU.mp4: frames=427 tags=4
2026-03-07 16:11:14,123 | INFO | Selected 32 frames for question 6d-EVupvWzU_0: [989, 1018, 3686, 3776, 4165, 4615, 4645, 4675, 4705, 4735, 4765, 5064, 6803, 6833, 6863, 7012, 7072, 7762, 8871, 8901, 8991, 9020, 9290, 10699, 10729, 11208, 11718, 12107, 12137, 12167, 12197, 12287]
2026-03-07 16:11:14,124 | INFO | Selecting frames for question 6d-EVupvWzU_1 on video 6d-EVupvWzU.mp4: frames=427 tags=4
2026-03-07 16:11:15,993 | INFO | Selected 32 frames for question 6d-EVupvWzU_1: [3476, 4165, 4315, 4615, 4645, 4675, 4705, 4735, 4765, 4975, 5064, 6383, 6803, 7072, 7762, 8871, 8901, 8991, 9020, 9200, 9290, 9920, 11028, 11208, 11268, 11298, 11628, 11688, 11718, 11868, 12137, 12587]
2026-03-07 16:11:15,994 | INFO | Selecting frames for question 4QSmRYQBfN4_0 on video 4QSmRYQBfN4.mp4: frames=17 tags=4
2026-03-07 16:11:15,994 | INFO | Selected 17 frames for question 4QSmRYQBfN4_0: [0, 23, 47, 71, 95, 119, 143, 167, 191, 215, 239, 263, 287, 311, 335, 359, 383]
2026-03-07 16:11:15,994 | INFO | Selecting frames for question RQOdl64DtdI_0 on video RQOdl64DtdI.mp4: frames=52 tags=4
2026-03-07 16:11:16,020 | INFO | Selected 32 frames for question RQOdl64DtdI_0: [0, 24, 48, 96, 120, 144, 168, 192, 216, 240, 264, 288, 312, 360, 408, 432, 456, 480, 504, 576, 624, 648, 672, 696, 720, 744, 768, 792, 960, 1176, 1200, 1224]
2026-03-07 16:11:16,021 | INFO | Selecting frames for question vix2_R79-l4_0 on video vix2_R79-l4.mp4: frames=22 tags=4
2026-03-07 16:11:16,022 | INFO | Selected 22 frames for question vix2_R79-l4_0: [0, 25, 50, 75, 100, 125, 150, 175, 200, 225, 250, 275, 300, 325, 350, 375, 400, 425, 450, 475, 500, 525]
2026-03-07 16:11:16,022 | INFO | Selecting frames for question gyV6EqgiPNg_0 on video gyV6EqgiPNg.mp4: frames=46 tags=4
2026-03-07 16:11:16,042 | INFO | Selected 32 frames for question gyV6EqgiPNg_0: [0, 25, 50, 75, 100, 125, 150, 175, 200, 225, 250, 275, 300, 325, 350, 500, 550, 600, 650, 675, 700, 725, 750, 800, 825, 850, 875, 900, 1050, 1075, 1100, 1125]
2026-03-07 16:11:16,042 | INFO | Selecting frames for question M-YfPangEfA_0 on video M-YfPangEfA.mp4: frames=24 tags=4
2026-03-07 16:11:16,043 | INFO | Selected 24 frames for question M-YfPangEfA_0: [0, 23, 47, 71, 95, 119, 143, 167, 191, 215, 239, 263, 287, 311, 335, 359, 383, 407, 431, 455, 479, 503, 527, 551]
2026-03-07 16:11:16,043 | INFO | Selecting frames for question Kz8_rwVn094_0 on video Kz8_rwVn094.mp4: frames=17 tags=4
2026-03-07 16:11:16,043 | INFO | Selected 17 frames for question Kz8_rwVn094_0: [0, 25, 50, 75, 100, 125, 150, 175, 200, 225, 250, 275, 300, 325, 350, 375, 400]
2026-03-07 16:11:16,043 | INFO | Selecting frames for question TxbSa3ux8SU_0 on video TxbSa3ux8SU.mp4: frames=18 tags=4
2026-03-07 16:11:16,044 | INFO | Selected 18 frames for question TxbSa3ux8SU_0: [0, 23, 47, 71, 95, 119, 143, 167, 191, 215, 239, 263, 287, 311, 335, 359, 383, 407]
2026-03-07 16:11:16,044 | INFO | Selecting frames for question iHNjWhx3EaI_0 on video iHNjWhx3EaI.mp4: frames=34 tags=4
2026-03-07 16:11:16,053 | INFO | Selected 32 frames for question iHNjWhx3EaI_0: [0, 29, 59, 89, 119, 149, 179, 209, 239, 269, 299, 329, 359, 389, 419, 449, 479, 509, 539, 569, 599, 629, 659, 689, 719, 809, 839, 869, 899, 929, 959, 989]
2026-03-07 16:11:16,053 | INFO | Selecting frames for question UbcWAfHo5j0_0 on video UbcWAfHo5j0.mp4: frames=47 tags=4
2026-03-07 16:11:16,076 | INFO | Selected 32 frames for question UbcWAfHo5j0_0: [75, 275, 300, 325, 350, 375, 400, 425, 450, 475, 500, 525, 550, 575, 600, 625, 650, 675, 775, 800, 825, 900, 925, 950, 975, 1000, 1025, 1050, 1075, 1100, 1125, 1150]
2026-03-07 16:11:16,076 | INFO | Selecting frames for question uDZrl35yeZE_0 on video uDZrl35yeZE.mp4: frames=18 tags=4
2026-03-07 16:11:16,076 | INFO | Selected 18 frames for question uDZrl35yeZE_0: [0, 29, 59, 89, 119, 149, 179, 209, 239, 269, 299, 329, 359, 389, 419, 449, 479, 509]
2026-03-07 16:11:16,077 | INFO | Selecting frames for question US5Oz0q0BVE_0 on video US5Oz0q0BVE.mp4: frames=20 tags=4
2026-03-07 16:11:16,077 | INFO | Selected 20 frames for question US5Oz0q0BVE_0: [0, 23, 47, 71, 95, 119, 143, 167, 191, 215, 239, 263, 287, 311, 335, 359, 383, 407, 431, 455]
2026-03-07 16:11:16,077 | INFO | Selecting frames for question lcEaHk8f4Co_0 on video lcEaHk8f4Co.mp4: frames=44 tags=4
2026-03-07 16:11:16,096 | INFO | Selected 32 frames for question lcEaHk8f4Co_0: [0, 30, 60, 90, 120, 150, 180, 210, 240, 330, 360, 390, 420, 450, 480, 510, 540, 570, 600, 630, 660, 690, 720, 750, 780, 840, 870, 900, 930, 990, 1200, 1290]
2026-03-07 16:11:16,096 | INFO | Selecting frames for question i6C6r2g4Y7Q_0 on video i6C6r2g4Y7Q.mp4: frames=22 tags=4
2026-03-07 16:11:16,097 | INFO | Selected 22 frames for question i6C6r2g4Y7Q_0: [0, 29, 59, 89, 119, 149, 179, 209, 239, 269, 299, 329, 359, 389, 419, 449, 479, 509, 539, 569, 599, 629]
2026-03-07 16:11:16,097 | INFO | Selecting frames for question W94Rth-aIkc_0 on video W94Rth-aIkc.mp4: frames=23 tags=4
2026-03-07 16:11:16,097 | INFO | Selected 23 frames for question W94Rth-aIkc_0: [0, 29, 59, 89, 119, 149, 179, 209, 239, 269, 299, 329, 359, 389, 419, 449, 479, 509, 539, 569, 599, 629, 659]
2026-03-07 16:11:16,098 | INFO | Selecting frames for question k194yU67Zik_0 on video k194yU67Zik.mp4: frames=33 tags=4
2026-03-07 16:11:16,107 | INFO | Selected 32 frames for question k194yU67Zik_0: [0, 23, 47, 71, 95, 119, 143, 167, 191, 215, 239, 263, 287, 311, 335, 359, 383, 407, 431, 455, 479, 503, 527, 575, 599, 623, 647, 671, 695, 719, 743, 767]
2026-03-07 16:11:16,107 | INFO | Selecting frames for question v-7zF3Y0yJs_0 on video v-7zF3Y0yJs.mp4: frames=32 tags=4
2026-03-07 16:11:16,107 | INFO | Selected 32 frames for question v-7zF3Y0yJs_0: [0, 29, 59, 89, 119, 149, 179, 209, 239, 269, 299, 329, 359, 389, 419, 449, 479, 509, 539, 569, 599, 629, 659, 689, 719, 749, 779, 809, 839, 869, 899, 929]
2026-03-07 16:11:16,107 | INFO | Selecting frames for question PCz04UJFaUY_0 on video PCz04UJFaUY.mp4: frames=16 tags=4
2026-03-07 16:11:16,108 | INFO | Selected 16 frames for question PCz04UJFaUY_0: [0, 30, 60, 90, 120, 150, 180, 210, 240, 270, 300, 330, 360, 390, 420, 450]
2026-03-07 16:11:16,108 | INFO | Selecting frames for question I2Fyzav8MxE_0 on video I2Fyzav8MxE.mp4: frames=21 tags=4
2026-03-07 16:11:16,108 | INFO | Selected 21 frames for question I2Fyzav8MxE_0: [0, 23, 47, 71, 95, 119, 143, 167, 191, 215, 239, 263, 287, 311, 335, 359, 383, 407, 431, 455, 479]
2026-03-07 16:11:16,108 | INFO | Selecting frames for question SFfWUrsg4gE_0 on video SFfWUrsg4gE.mp4: frames=54 tags=4
2026-03-07 16:11:16,137 | INFO | Selected 32 frames for question SFfWUrsg4gE_0: [0, 23, 47, 71, 143, 167, 191, 215, 239, 263, 311, 335, 599, 647, 671, 719, 815, 839, 887, 911, 935, 959, 1007, 1079, 1103, 1127, 1151, 1175, 1199, 1222, 1246, 1270]
2026-03-07 16:11:16,138 | INFO | Selecting frames for question j7kxn5CsHnw_0 on video j7kxn5CsHnw.mp4: frames=35 tags=4
2026-03-07 16:11:16,147 | INFO | Selected 32 frames for question j7kxn5CsHnw_0: [0, 30, 60, 90, 120, 150, 180, 210, 240, 270, 300, 330, 360, 390, 420, 450, 480, 510, 540, 570, 600, 630, 660, 690, 720, 810, 840, 870, 900, 930, 960, 990]
2026-03-07 16:11:16,148 | INFO | Selecting frames for question Yh48p5efBTk_0 on video Yh48p5efBTk.mp4: frames=19 tags=4
2026-03-07 16:11:16,148 | INFO | Selected 19 frames for question Yh48p5efBTk_0: [0, 29, 59, 89, 119, 149, 179, 209, 239, 269, 299, 329, 359, 389, 419, 449, 479, 509, 539]
2026-03-07 16:11:16,148 | INFO | Selecting frames for question iJk-HMfO4yQ_0 on video iJk-HMfO4yQ.mp4: frames=51 tags=4
2026-03-07 16:11:16,174 | INFO | Selected 32 frames for question iJk-HMfO4yQ_0: [0, 75, 350, 400, 425, 450, 475, 500, 525, 550, 575, 600, 625, 650, 675, 700, 725, 750, 775, 800, 825, 850, 875, 925, 950, 975, 1000, 1025, 1150, 1200, 1225, 1250]
2026-03-07 16:11:16,175 | INFO | Selecting frames for question QeXuzEwC9z4_0 on video QeXuzEwC9z4.mp4: frames=42 tags=4
2026-03-07 16:11:16,191 | INFO | Selected 32 frames for question QeXuzEwC9z4_0: [50, 75, 125, 200, 275, 300, 325, 400, 425, 450, 475, 500, 525, 550, 575, 600, 625, 650, 675, 700, 725, 750, 800, 825, 850, 875, 900, 925, 950, 975, 1000, 1025]
2026-03-07 16:11:16,191 | INFO | Selecting frames for question hznvV2bBkX4_0 on video hznvV2bBkX4.mp4: frames=49 tags=4
2026-03-07 16:11:16,215 | INFO | Selected 32 frames for question hznvV2bBkX4_0: [0, 23, 47, 95, 119, 143, 383, 431, 455, 479, 503, 527, 551, 575, 599, 623, 647, 671, 695, 719, 743, 767, 791, 815, 839, 863, 887, 911, 935, 959, 983, 1007]
2026-03-07 16:11:16,215 | INFO | Selecting frames for question GZc0P3Apfx4_0 on video GZc0P3Apfx4.mp4: frames=49 tags=4
2026-03-07 16:11:16,238 | INFO | Selected 32 frames for question GZc0P3Apfx4_0: [329, 509, 539, 569, 599, 629, 659, 689, 719, 749, 779, 809, 839, 869, 899, 929, 959, 989, 1048, 1078, 1108, 1138, 1168, 1198, 1228, 1258, 1288, 1318, 1348, 1378, 1408, 1438]
2026-03-07 16:11:16,239 | INFO | Selecting frames for question HWyDOQrYtCk_0 on video HWyDOQrYtCk.mp4: frames=39 tags=4
2026-03-07 16:11:16,252 | INFO | Selected 32 frames for question HWyDOQrYtCk_0: [90, 120, 150, 180, 210, 240, 270, 360, 390, 420, 450, 480, 510, 540, 570, 600, 630, 660, 720, 750, 780, 810, 840, 870, 900, 930, 960, 990, 1050, 1080, 1110, 1140]
2026-03-07 16:11:16,252 | INFO | Selecting frames for question lNReCCShKJQ_0 on video lNReCCShKJQ.mp4: frames=22 tags=4
2026-03-07 16:11:16,252 | INFO | Selected 22 frames for question lNReCCShKJQ_0: [0, 25, 50, 75, 100, 125, 150, 175, 200, 225, 250, 275, 300, 325, 350, 375, 400, 425, 450, 475, 500, 525]
2026-03-07 16:11:16,252 | INFO | Selecting frames for question DxxVla1CRvU_0 on video DxxVla1CRvU.mp4: frames=14 tags=4
2026-03-07 16:11:16,253 | INFO | Selected 14 frames for question DxxVla1CRvU_0: [0, 29, 59, 89, 119, 149, 179, 209, 239, 269, 299, 329, 359, 389]
2026-03-07 16:11:16,253 | INFO | Selecting frames for question SAkgZJllNzw_0 on video SAkgZJllNzw.mp4: frames=46 tags=4
2026-03-07 16:11:16,272 | INFO | Selected 32 frames for question SAkgZJllNzw_0: [209, 239, 419, 449, 479, 509, 539, 569, 599, 629, 659, 689, 719, 749, 779, 809, 839, 869, 899, 929, 959, 989, 1018, 1048, 1108, 1138, 1168, 1198, 1258, 1288, 1318, 1348]
2026-03-07 16:11:16,273 | INFO | Selecting frames for question ixAU3l0sX_o_0 on video ixAU3l0sX_o.mp4: frames=41 tags=4
2026-03-07 16:11:16,288 | INFO | Selected 32 frames for question ixAU3l0sX_o_0: [0, 71, 95, 119, 143, 167, 191, 215, 239, 263, 287, 311, 335, 359, 383, 407, 431, 455, 479, 503, 599, 623, 647, 671, 695, 719, 743, 767, 791, 815, 887, 959]
2026-03-07 16:11:16,288 | INFO | Selecting frames for question Owmy5Vu3BnA_0 on video Owmy5Vu3BnA.mp4: frames=23 tags=4
2026-03-07 16:11:16,288 | INFO | Selected 23 frames for question Owmy5Vu3BnA_0: [0, 29, 59, 89, 119, 149, 179, 209, 239, 269, 299, 329, 359, 389, 419, 449, 479, 509, 539, 569, 599, 629, 659]
2026-03-07 16:11:16,288 | INFO | Selecting frames for question XAAqKoQM8Qc_0 on video XAAqKoQM8Qc.mp4: frames=25 tags=4
2026-03-07 16:11:16,288 | INFO | Selected 25 frames for question XAAqKoQM8Qc_0: [0, 24, 48, 72, 96, 120, 144, 168, 192, 216, 240, 264, 288, 312, 336, 360, 384, 408, 432, 456, 480, 504, 528, 552, 576]
2026-03-07 16:11:16,288 | INFO | Selecting frames for question GwcXYTX2GmA_0 on video GwcXYTX2GmA.mp4: frames=31 tags=4
2026-03-07 16:11:16,288 | INFO | Selected 31 frames for question GwcXYTX2GmA_0: [0, 23, 47, 71, 95, 119, 143, 167, 191, 215, 239, 263, 287, 311, 335, 359, 383, 407, 431, 455, 479, 503, 527, 551, 575, 599, 623, 647, 671, 695, 719]
2026-03-07 16:11:16,288 | INFO | Selecting frames for question LQ-mwO30_68_0 on video LQ-mwO30_68.mp4: frames=26 tags=4
2026-03-07 16:11:16,288 | INFO | Selected 26 frames for question LQ-mwO30_68_0: [0, 30, 60, 90, 120, 150, 180, 210, 240, 270, 300, 330, 360, 390, 420, 450, 480, 510, 540, 570, 600, 630, 660, 690, 720, 750]
2026-03-07 16:11:16,288 | INFO | Selecting frames for question StLBHguzO8s_0 on video StLBHguzO8s.mp4: frames=47 tags=4
2026-03-07 16:11:16,310 | INFO | Selected 32 frames for question StLBHguzO8s_0: [0, 23, 47, 143, 191, 215, 263, 287, 311, 335, 359, 431, 455, 551, 599, 647, 671, 695, 719, 743, 767, 791, 815, 839, 863, 887, 911, 935, 959, 983, 1007, 1055]
2026-03-07 16:11:16,310 | INFO | Selecting frames for question -iCLYpeghJs_0 on video -iCLYpeghJs.mp4: frames=41 tags=4
2026-03-07 16:11:16,325 | INFO | Selected 32 frames for question -iCLYpeghJs_0: [0, 23, 47, 71, 95, 119, 143, 167, 191, 215, 239, 263, 335, 359, 431, 455, 479, 503, 527, 623, 647, 671, 695, 719, 743, 767, 791, 839, 863, 887, 935, 959]
2026-03-07 16:11:16,325 | INFO | Selecting frames for question oKX6y9-zTfI_0 on video oKX6y9-zTfI.mp4: frames=20 tags=4
2026-03-07 16:11:16,325 | INFO | Selected 20 frames for question oKX6y9-zTfI_0: [0, 30, 60, 90, 120, 150, 180, 210, 240, 270, 300, 330, 360, 390, 420, 450, 480, 510, 540, 570]
2026-03-07 16:11:16,325 | INFO | Selecting frames for question ie9NxdgNe0g_0 on video ie9NxdgNe0g.mp4: frames=35 tags=4
2026-03-07 16:11:16,334 | INFO | Selected 32 frames for question ie9NxdgNe0g_0: [0, 25, 50, 75, 100, 125, 150, 175, 200, 225, 250, 275, 300, 325, 350, 375, 400, 425, 450, 475, 500, 525, 550, 575, 600, 625, 650, 675, 700, 725, 750, 775]
2026-03-07 16:11:16,335 | INFO | Selecting frames for question luRqMb5qfhM_0 on video luRqMb5qfhM.mp4: frames=36 tags=4
2026-03-07 16:11:16,343 | INFO | Selected 32 frames for question luRqMb5qfhM_0: [0, 25, 50, 100, 125, 175, 200, 250, 275, 300, 350, 375, 400, 425, 450, 475, 500, 525, 550, 575, 600, 625, 650, 675, 700, 725, 750, 775, 800, 825, 850, 875]
2026-03-07 16:11:16,343 | INFO | Selecting frames for question 8ew0d0JmsfA_0 on video 8ew0d0JmsfA.mp4: frames=39 tags=4
2026-03-07 16:11:16,352 | INFO | Selected 32 frames for question 8ew0d0JmsfA_0: [0, 24, 48, 72, 96, 120, 144, 168, 192, 216, 240, 264, 288, 312, 336, 528, 552, 576, 600, 624, 648, 672, 696, 720, 744, 768, 792, 816, 840, 864, 888, 912]
2026-03-07 16:11:16,355 | INFO | Selecting frames for question aCPNlZ7bvRc_0 on video aCPNlZ7bvRc.mp4: frames=38 tags=4
2026-03-07 16:11:16,363 | INFO | Selected 32 frames for question aCPNlZ7bvRc_0: [0, 24, 48, 72, 96, 120, 144, 168, 192, 216, 264, 288, 312, 336, 360, 456, 528, 552, 576, 600, 624, 648, 672, 696, 720, 744, 768, 792, 816, 840, 864, 888]
2026-03-07 16:11:16,363 | INFO | Selecting frames for question mYotOV3Q51g_0 on video mYotOV3Q51g.mp4: frames=44 tags=4
2026-03-07 16:11:16,375 | INFO | Selected 32 frames for question mYotOV3Q51g_0: [0, 23, 47, 71, 95, 119, 143, 167, 191, 215, 239, 263, 287, 311, 335, 359, 383, 407, 431, 455, 503, 527, 551, 575, 599, 623, 647, 695, 791, 815, 887, 959]
2026-03-07 16:11:16,375 | INFO | Selecting frames for question tYqDvtknII4_0 on video tYqDvtknII4.mp4: frames=47 tags=4
2026-03-07 16:11:16,390 | INFO | Selected 32 frames for question tYqDvtknII4_0: [0, 29, 59, 89, 119, 149, 179, 209, 239, 269, 299, 329, 359, 389, 419, 509, 539, 899, 929, 959, 989, 1018, 1048, 1078, 1108, 1138, 1168, 1198, 1228, 1258, 1288, 1318]
2026-03-07 16:11:16,390 | INFO | Selecting frames for question e-EtQHH4aWE_0 on video e-EtQHH4aWE.mp4: frames=23 tags=4
2026-03-07 16:11:16,390 | INFO | Selected 23 frames for question e-EtQHH4aWE_0: [0, 24, 48, 72, 96, 120, 144, 168, 192, 216, 240, 264, 288, 312, 336, 360, 384, 408, 432, 456, 480, 504, 528]
2026-03-07 16:11:16,390 | INFO | Selecting frames for question Jim_NG0PYpc_0 on video Jim_NG0PYpc.mp4: frames=43 tags=4
2026-03-07 16:11:16,404 | INFO | Selected 32 frames for question Jim_NG0PYpc_0: [0, 23, 47, 71, 95, 119, 143, 167, 191, 215, 239, 263, 335, 479, 503, 527, 551, 575, 599, 623, 647, 671, 719, 791, 839, 863, 887, 911, 935, 959, 983, 1007]
2026-03-07 16:11:16,405 | INFO | Selecting frames for question 3t_Knk7FWT8_0 on video 3t_Knk7FWT8.mp4: frames=15 tags=4
2026-03-07 16:11:16,405 | INFO | Selected 15 frames for question 3t_Knk7FWT8_0: [0, 25, 50, 75, 100, 125, 150, 175, 200, 225, 250, 275, 300, 325, 350]
2026-03-07 16:11:16,405 | INFO | Selecting frames for question DX-mYMYf8jI_0 on video DX-mYMYf8jI.mp4: frames=57 tags=4
2026-03-07 16:11:16,427 | INFO | Selected 32 frames for question DX-mYMYf8jI_0: [0, 23, 47, 71, 119, 167, 191, 287, 359, 383, 407, 431, 455, 479, 503, 527, 551, 575, 623, 695, 719, 743, 839, 887, 911, 935, 983, 1031, 1079, 1103, 1151, 1342]
2026-03-07 16:11:16,427 | INFO | Selecting frames for question nvG2YMWiwqU_0 on video nvG2YMWiwqU.mp4: frames=59 tags=4
2026-03-07 16:11:16,451 | INFO | Selected 32 frames for question nvG2YMWiwqU_0: [23, 239, 263, 311, 335, 359, 383, 407, 479, 503, 527, 551, 575, 599, 623, 647, 695, 743, 767, 1007, 1031, 1055, 1079, 1199, 1222, 1246, 1270, 1294, 1318, 1342, 1366, 1390]
2026-03-07 16:11:16,451 | INFO | Selecting frames for question TXiX3NO5f5w_0 on video TXiX3NO5f5w.mp4: frames=36 tags=4
2026-03-07 16:11:16,461 | INFO | Selected 32 frames for question TXiX3NO5f5w_0: [0, 59, 88, 118, 147, 177, 206, 236, 265, 295, 324, 354, 413, 501, 531, 560, 590, 619, 649, 678, 708, 737, 767, 796, 826, 855, 885, 914, 944, 973, 1003, 1032]
2026-03-07 16:11:16,461 | INFO | Selecting frames for question oO8OJZFZT9s_0 on video oO8OJZFZT9s.mp4: frames=33 tags=4
2026-03-07 16:11:16,469 | INFO | Selected 32 frames for question oO8OJZFZT9s_0: [0, 23, 47, 71, 95, 143, 167, 191, 215, 239, 263, 287, 311, 335, 359, 383, 407, 431, 455, 479, 503, 527, 551, 575, 599, 623, 647, 671, 695, 719, 743, 767]
2026-03-07 16:11:16,469 | INFO | Selecting frames for question wGWbI3BHVM8_0 on video wGWbI3BHVM8.mp4: frames=37 tags=4
2026-03-07 16:11:16,477 | INFO | Selected 32 frames for question wGWbI3BHVM8_0: [0, 24, 48, 72, 96, 120, 144, 192, 240, 288, 312, 336, 360, 384, 408, 432, 456, 528, 552, 576, 600, 624, 648, 672, 696, 720, 744, 768, 792, 816, 840, 864]
2026-03-07 16:11:16,477 | INFO | Selecting frames for question _1kZe-2kiuQ_0 on video _1kZe-2kiuQ.mp4: frames=58 tags=4
2026-03-07 16:11:16,500 | INFO | Selected 32 frames for question _1kZe-2kiuQ_0: [0, 47, 71, 95, 167, 215, 239, 263, 287, 311, 335, 359, 383, 407, 431, 575, 647, 671, 695, 719, 743, 767, 791, 839, 863, 1007, 1246, 1270, 1294, 1318, 1342, 1366]
2026-03-07 16:11:16,501 | INFO | Selecting frames for question TynnVVRNZGs_0 on video TynnVVRNZGs.mp4: frames=37 tags=4
2026-03-07 16:11:16,510 | INFO | Selected 32 frames for question TynnVVRNZGs_0: [0, 29, 89, 119, 149, 209, 239, 269, 299, 329, 359, 389, 449, 479, 509, 539, 569, 599, 629, 659, 719, 749, 779, 839, 869, 899, 929, 959, 989, 1018, 1048, 1078]
2026-03-07 16:11:16,510 | INFO | Selecting frames for question fLn06p2HtAc_0 on video fLn06p2HtAc.mp4: frames=58 tags=4
2026-03-07 16:11:16,538 | INFO | Selected 32 frames for question fLn06p2HtAc_0: [96, 120, 144, 168, 192, 216, 240, 264, 456, 480, 504, 528, 552, 576, 696, 720, 744, 768, 792, 816, 840, 1032, 1056, 1080, 1104, 1128, 1152, 1176, 1200, 1224, 1248, 1272]
2026-03-07 16:11:16,538 | INFO | Selecting frames for question nBWB-h68E4k_0 on video nBWB-h68E4k.mp4: frames=59 tags=4
2026-03-07 16:11:16,562 | INFO | Selected 32 frames for question nBWB-h68E4k_0: [0, 25, 75, 100, 125, 475, 625, 675, 725, 750, 775, 800, 825, 850, 875, 900, 925, 950, 975, 1000, 1100, 1125, 1150, 1175, 1225, 1275, 1300, 1350, 1375, 1400, 1425, 1450]
2026-03-07 16:11:16,562 | INFO | Selecting frames for question vP-fQu22bng_0 on video vP-fQu22bng.mp4: frames=32 tags=4
2026-03-07 16:11:16,562 | INFO | Selected 32 frames for question vP-fQu22bng_0: [0, 25, 50, 75, 100, 125, 150, 175, 200, 225, 250, 275, 300, 325, 350, 375, 400, 425, 450, 475, 500, 525, 550, 575, 600, 625, 650, 675, 700, 725, 750, 775]
2026-03-07 16:11:16,562 | INFO | Selecting frames for question byaqQClCO-Y_0 on video byaqQClCO-Y.mp4: frames=36 tags=4
2026-03-07 16:11:16,569 | INFO | Selected 32 frames for question byaqQClCO-Y_0: [0, 30, 60, 90, 120, 150, 180, 210, 240, 270, 300, 330, 360, 390, 420, 450, 480, 510, 540, 570, 600, 630, 660, 690, 720, 750, 780, 810, 840, 870, 930, 1050]
2026-03-07 16:11:16,570 | INFO | Selecting frames for question yU9fGAEcxJY_0 on video yU9fGAEcxJY.mp4: frames=54 tags=4
2026-03-07 16:11:16,589 | INFO | Selected 32 frames for question yU9fGAEcxJY_0: [0, 23, 47, 71, 167, 191, 335, 359, 431, 503, 551, 575, 599, 623, 647, 695, 719, 743, 767, 791, 839, 863, 959, 983, 1007, 1031, 1055, 1079, 1103, 1127, 1222, 1246]
2026-03-07 16:11:16,589 | INFO | Selecting frames for question m1mGerQhdHA_0 on video m1mGerQhdHA.mp4: frames=33 tags=4
2026-03-07 16:11:16,595 | INFO | Selected 32 frames for question m1mGerQhdHA_0: [0, 30, 60, 90, 120, 150, 180, 210, 240, 270, 300, 330, 360, 390, 420, 450, 480, 510, 540, 570, 600, 630, 660, 690, 750, 780, 810, 840, 870, 900, 930, 960]
2026-03-07 16:11:16,595 | INFO | Selecting frames for question oiBhGhROP5o_0 on video oiBhGhROP5o.mp4: frames=15 tags=4
2026-03-07 16:11:16,595 | INFO | Selected 15 frames for question oiBhGhROP5o_0: [0, 30, 60, 90, 120, 150, 180, 210, 240, 270, 300, 330, 360, 390, 420]
2026-03-07 16:11:16,595 | INFO | Selecting frames for question SYqEMs0EYoI_0 on video SYqEMs0EYoI.mp4: frames=47 tags=4
2026-03-07 16:11:16,615 | INFO | Selected 32 frames for question SYqEMs0EYoI_0: [0, 30, 120, 150, 180, 210, 270, 300, 330, 360, 390, 420, 450, 480, 630, 660, 690, 720, 750, 780, 810, 840, 900, 990, 1020, 1080, 1110, 1140, 1170, 1200, 1230, 1350]
2026-03-07 16:11:16,616 | INFO | Selecting frames for question Z9JSvDVMSm0_0 on video Z9JSvDVMSm0.mp4: frames=28 tags=4
2026-03-07 16:11:16,616 | INFO | Selected 28 frames for question Z9JSvDVMSm0_0: [0, 25, 50, 75, 100, 125, 150, 175, 200, 225, 250, 275, 300, 325, 350, 375, 400, 425, 450, 475, 500, 525, 550, 575, 600, 625, 650, 675]
2026-03-07 16:11:16,616 | INFO | Selecting frames for question 3b_v1KO_U8A_0 on video 3b_v1KO_U8A.mp4: frames=54 tags=4
2026-03-07 16:11:16,640 | INFO | Selected 32 frames for question 3b_v1KO_U8A_0: [0, 29, 119, 299, 329, 359, 389, 419, 449, 569, 959, 989, 1018, 1048, 1078, 1108, 1138, 1168, 1198, 1228, 1258, 1288, 1318, 1348, 1378, 1408, 1438, 1468, 1498, 1528, 1558, 1588]
2026-03-07 16:11:16,640 | INFO | Selecting frames for question kMryvefpcF8_0 on video kMryvefpcF8.mp4: frames=32 tags=4
2026-03-07 16:11:16,640 | INFO | Selected 32 frames for question kMryvefpcF8_0: [0, 24, 48, 72, 96, 120, 144, 168, 192, 216, 240, 264, 288, 312, 336, 360, 384, 408, 432, 456, 480, 504, 528, 552, 576, 600, 624, 648, 672, 696, 720, 744]
2026-03-07 16:11:16,640 | INFO | Selecting frames for question NIxyQQfuVoc_0 on video NIxyQQfuVoc.mp4: frames=44 tags=4
2026-03-07 16:11:16,652 | INFO | Selected 32 frames for question NIxyQQfuVoc_0: [95, 239, 263, 287, 311, 335, 359, 383, 407, 431, 455, 479, 503, 527, 551, 575, 599, 623, 647, 671, 695, 719, 743, 839, 863, 887, 911, 935, 959, 983, 1007, 1031]
2026-03-07 16:11:16,652 | INFO | Selecting frames for question HvSEKzpSdzw_0 on video HvSEKzpSdzw.mp4: frames=38 tags=4
2026-03-07 16:11:16,662 | INFO | Selected 32 frames for question HvSEKzpSdzw_0: [23, 71, 95, 119, 143, 167, 215, 239, 263, 287, 311, 335, 359, 383, 407, 455, 479, 551, 575, 599, 623, 647, 671, 695, 719, 743, 767, 791, 815, 839, 863, 887]
2026-03-07 16:11:16,662 | INFO | Selecting frames for question tCnelzIAHA0_0 on video tCnelzIAHA0.mp4: frames=24 tags=4
2026-03-07 16:11:16,662 | INFO | Selected 24 frames for question tCnelzIAHA0_0: [0, 29, 59, 89, 119, 149, 179, 209, 239, 269, 299, 329, 359, 389, 419, 449, 479, 509, 539, 569, 599, 629, 659, 689]
2026-03-07 16:11:16,662 | INFO | Selecting frames for question 7Q8d8Vvk6oo_0 on video 7Q8d8Vvk6oo.mp4: frames=44 tags=4
2026-03-07 16:11:16,676 | INFO | Selected 32 frames for question 7Q8d8Vvk6oo_0: [95, 239, 263, 287, 311, 335, 359, 383, 407, 431, 455, 479, 503, 527, 551, 575, 599, 623, 647, 671, 695, 719, 743, 767, 791, 815, 839, 863, 887, 911, 935, 959]
2026-03-07 16:11:16,676 | INFO | Selecting frames for question i8TJ7RgimNM_0 on video i8TJ7RgimNM.mp4: frames=33 tags=4
2026-03-07 16:11:16,685 | INFO | Selected 32 frames for question i8TJ7RgimNM_0: [0, 23, 47, 71, 95, 119, 143, 167, 215, 239, 263, 287, 311, 335, 359, 383, 407, 431, 455, 479, 503, 527, 551, 575, 599, 623, 647, 671, 695, 719, 743, 767]
2026-03-07 16:11:16,685 | INFO | Selecting frames for question m7sL8LuMD8Q_0 on video m7sL8LuMD8Q.mp4: frames=16 tags=4
2026-03-07 16:11:16,685 | INFO | Selected 16 frames for question m7sL8LuMD8Q_0: [0, 23, 47, 71, 95, 119, 143, 167, 191, 215, 239, 263, 287, 311, 335, 359]
2026-03-07 16:11:16,685 | INFO | Selecting frames for question oCXKARwr6PA_0 on video oCXKARwr6PA.mp4: frames=12 tags=4
2026-03-07 16:11:16,685 | INFO | Selected 12 frames for question oCXKARwr6PA_0: [0, 24, 48, 72, 96, 120, 144, 168, 192, 216, 240, 264]
2026-03-07 16:11:16,685 | INFO | Selecting frames for question IuVyCbtGBFQ_0 on video IuVyCbtGBFQ.mp4: frames=14 tags=4
2026-03-07 16:11:16,685 | INFO | Selected 14 frames for question IuVyCbtGBFQ_0: [0, 23, 47, 71, 95, 119, 143, 167, 191, 215, 239, 263, 287, 311]
2026-03-07 16:11:16,685 | INFO | Selecting frames for question -if_Wg43vTk_0 on video -if_Wg43vTk.mp4: frames=9 tags=4
2026-03-07 16:11:16,685 | INFO | Selected 9 frames for question -if_Wg43vTk_0: [0, 23, 47, 71, 95, 119, 143, 167, 191]
2026-03-07 16:11:16,685 | INFO | Selecting frames for question kFHVBCEwC3w_0 on video kFHVBCEwC3w.mp4: frames=13 tags=4
2026-03-07 16:11:16,686 | INFO | Selected 13 frames for question kFHVBCEwC3w_0: [0, 25, 50, 75, 100, 125, 150, 175, 200, 225, 250, 275, 300]
2026-03-07 16:11:16,686 | INFO | Selecting frames for question WHxBO7XecSY_0 on video WHxBO7XecSY.mp4: frames=12 tags=4
2026-03-07 16:11:16,686 | INFO | Selected 12 frames for question WHxBO7XecSY_0: [0, 23, 47, 71, 95, 119, 143, 167, 191, 215, 239, 263]
2026-03-07 16:11:16,686 | INFO | Selecting frames for question alEV01SMFNk_0 on video alEV01SMFNk.mp4: frames=11 tags=4
2026-03-07 16:11:16,686 | INFO | Selected 11 frames for question alEV01SMFNk_0: [0, 23, 47, 71, 95, 119, 143, 167, 191, 215, 239]
2026-03-07 16:11:16,686 | INFO | Selecting frames for question FoeeEQ0VVFE_0 on video FoeeEQ0VVFE.mp4: frames=11 tags=4
2026-03-07 16:11:16,686 | INFO | Selected 11 frames for question FoeeEQ0VVFE_0: [0, 24, 48, 72, 96, 120, 144, 168, 192, 216, 240]
2026-03-07 16:11:16,686 | INFO | Selecting frames for question GHScTyR2OgQ_0 on video GHScTyR2OgQ.mp4: frames=9 tags=4
2026-03-07 16:11:16,686 | INFO | Selected 9 frames for question GHScTyR2OgQ_0: [0, 25, 50, 75, 100, 125, 150, 175, 200]
2026-03-07 16:11:16,686 | INFO | Selecting frames for question mHARxee4EzQ_0 on video mHARxee4EzQ.mp4: frames=13 tags=4
2026-03-07 16:11:16,686 | INFO | Selected 13 frames for question mHARxee4EzQ_0: [0, 23, 47, 71, 95, 119, 143, 167, 191, 215, 239, 263, 287]
2026-03-07 16:11:16,686 | INFO | Selecting frames for question _hODR1cR9lo_0 on video _hODR1cR9lo.mp4: frames=13 tags=4
2026-03-07 16:11:16,686 | INFO | Selected 13 frames for question _hODR1cR9lo_0: [0, 29, 59, 89, 119, 149, 179, 209, 239, 269, 299, 329, 359]
2026-03-07 16:11:16,686 | INFO | Selecting frames for question 8wbNEJjBa0k_0 on video 8wbNEJjBa0k.mp4: frames=13 tags=4
2026-03-07 16:11:16,686 | INFO | Selected 13 frames for question 8wbNEJjBa0k_0: [0, 23, 47, 71, 95, 119, 143, 167, 191, 215, 239, 263, 287]
2026-03-07 16:11:16,686 | INFO | Selecting frames for question g7zuBUMBr2E_0 on video g7zuBUMBr2E.mp4: frames=13 tags=4
2026-03-07 16:11:16,686 | INFO | Selected 13 frames for question g7zuBUMBr2E_0: [0, 23, 47, 71, 95, 119, 143, 167, 191, 215, 239, 263, 287]
2026-03-07 16:11:16,686 | INFO | Selecting frames for question fySqsm5kNl4_0 on video fySqsm5kNl4.mp4: frames=14 tags=4
2026-03-07 16:11:16,686 | INFO | Selected 14 frames for question fySqsm5kNl4_0: [0, 30, 60, 90, 120, 150, 180, 210, 240, 270, 300, 330, 360, 390]
2026-03-07 16:11:16,686 | INFO | Selecting frames for question pJuq8D1NGJQ_0 on video pJuq8D1NGJQ.mp4: frames=8 tags=4
2026-03-07 16:11:16,686 | INFO | Selected 8 frames for question pJuq8D1NGJQ_0: [0, 29, 59, 89, 119, 149, 179, 209]
2026-03-07 16:11:16,686 | INFO | Selecting frames for question QUtk5xEw1mQ_0 on video QUtk5xEw1mQ.mp4: frames=8 tags=4
2026-03-07 16:11:16,686 | INFO | Selected 8 frames for question QUtk5xEw1mQ_0: [0, 29, 59, 89, 119, 149, 179, 209]
2026-03-07 16:11:16,686 | INFO | Selecting frames for question cceTeD4JADU_0 on video cceTeD4JADU.mp4: frames=10 tags=4
2026-03-07 16:11:16,686 | INFO | Selected 10 frames for question cceTeD4JADU_0: [0, 29, 59, 89, 119, 149, 179, 209, 239, 269]
2026-03-07 16:11:16,687 | INFO | Selecting frames for question LKQK0lud4fo_0 on video LKQK0lud4fo.mp4: frames=10 tags=4
2026-03-07 16:11:16,687 | INFO | Selected 10 frames for question LKQK0lud4fo_0: [0, 23, 47, 71, 95, 119, 143, 167, 191, 215]
2026-03-07 16:11:16,687 | INFO | Selecting frames for question anrKq6HgPvs_0 on video anrKq6HgPvs.mp4: frames=10 tags=4
2026-03-07 16:11:16,687 | INFO | Selected 10 frames for question anrKq6HgPvs_0: [0, 25, 50, 75, 100, 125, 150, 175, 200, 225]
2026-03-07 16:11:16,687 | INFO | Selecting frames for question 5Ugjg2ru5QQ_0 on video 5Ugjg2ru5QQ.mp4: frames=11 tags=4
2026-03-07 16:11:16,687 | INFO | Selected 11 frames for question 5Ugjg2ru5QQ_0: [0, 25, 50, 75, 100, 125, 150, 175, 200, 225, 250]
2026-03-07 16:11:16,687 | INFO | Selecting frames for question 14ot4DrXdds_0 on video 14ot4DrXdds.mp4: frames=8 tags=4
2026-03-07 16:11:16,687 | INFO | Selected 8 frames for question 14ot4DrXdds_0: [0, 29, 59, 89, 119, 149, 179, 209]
2026-03-07 16:11:16,687 | INFO | Selecting frames for question aqGQw1bXFN4_0 on video aqGQw1bXFN4.mp4: frames=12 tags=4
2026-03-07 16:11:16,687 | INFO | Selected 12 frames for question aqGQw1bXFN4_0: [0, 30, 60, 90, 120, 150, 180, 210, 240, 270, 300, 330]
2026-03-07 16:11:16,687 | INFO | Selecting frames for question bgklOaBBmB8_0 on video bgklOaBBmB8.mp4: frames=12 tags=4
2026-03-07 16:11:16,687 | INFO | Selected 12 frames for question bgklOaBBmB8_0: [0, 29, 59, 89, 119, 149, 179, 209, 239, 269, 299, 329]
2026-03-07 16:11:16,687 | INFO | Selecting frames for question -QSAotqKqX8_0 on video -QSAotqKqX8.mp4: frames=8 tags=4
2026-03-07 16:11:16,687 | INFO | Selected 8 frames for question -QSAotqKqX8_0: [0, 29, 59, 89, 119, 149, 179, 209]
2026-03-07 16:11:16,687 | INFO | Selecting frames for question FH1L2Dq6964_0 on video FH1L2Dq6964.mp4: frames=8 tags=4
2026-03-07 16:11:16,687 | INFO | Selected 8 frames for question FH1L2Dq6964_0: [0, 23, 47, 71, 95, 119, 143, 167]
2026-03-07 16:11:16,687 | INFO | Selecting frames for question npLd4WTSQsM_0 on video npLd4WTSQsM.mp4: frames=14 tags=4
2026-03-07 16:11:16,687 | INFO | Selected 14 frames for question npLd4WTSQsM_0: [0, 30, 60, 90, 120, 150, 180, 210, 240, 270, 300, 330, 360, 390]
2026-03-07 16:11:16,687 | INFO | Selecting frames for question 59iv6EYWNn8_0 on video 59iv6EYWNn8.mp4: frames=9 tags=4
2026-03-07 16:11:16,687 | INFO | Selected 9 frames for question 59iv6EYWNn8_0: [0, 25, 50, 75, 100, 125, 150, 175, 200]
2026-03-07 16:11:16,687 | INFO | Selecting frames for question PS0gXPNBZy8_0 on video PS0gXPNBZy8.mp4: frames=9 tags=4
2026-03-07 16:11:16,687 | INFO | Selected 9 frames for question PS0gXPNBZy8_0: [0, 23, 47, 71, 95, 119, 143, 167, 191]
2026-03-07 16:11:16,687 | INFO | Selecting frames for question l3vxOGgAM2g_0 on video l3vxOGgAM2g.mp4: frames=8 tags=4
2026-03-07 16:11:16,687 | INFO | Selected 8 frames for question l3vxOGgAM2g_0: [0, 29, 59, 89, 119, 149, 179, 209]
2026-03-07 16:11:16,687 | INFO | Selecting frames for question ZfapKqwklG4_0 on video ZfapKqwklG4.mp4: frames=13 tags=4
2026-03-07 16:11:16,687 | INFO | Selected 13 frames for question ZfapKqwklG4_0: [0, 24, 48, 72, 96, 120, 144, 168, 192, 216, 240, 264, 288]
2026-03-07 16:11:16,687 | INFO | Selecting frames for question SH7Unhifaj0_0 on video SH7Unhifaj0.mp4: frames=13 tags=4
2026-03-07 16:11:16,687 | INFO | Selected 13 frames for question SH7Unhifaj0_0: [0, 29, 59, 89, 119, 149, 179, 209, 239, 269, 299, 329, 359]
2026-03-07 16:11:16,687 | INFO | Selecting frames for question Msz128EJeWE_0 on video Msz128EJeWE.mp4: frames=11 tags=4
2026-03-07 16:11:16,688 | INFO | Selected 11 frames for question Msz128EJeWE_0: [0, 23, 47, 71, 95, 119, 143, 167, 191, 215, 239]
2026-03-07 16:11:16,688 | INFO | Selecting frames for question 6Z7AAcD8rbo_0 on video 6Z7AAcD8rbo.mp4: frames=13 tags=4
2026-03-07 16:11:16,688 | INFO | Selected 13 frames for question 6Z7AAcD8rbo_0: [0, 23, 47, 71, 95, 119, 143, 167, 191, 215, 239, 263, 287]
2026-03-07 16:11:16,688 | INFO | Selecting frames for question 9aWPbYosJUw_0 on video 9aWPbYosJUw.mp4: frames=12 tags=4
2026-03-07 16:11:16,688 | INFO | Selected 12 frames for question 9aWPbYosJUw_0: [0, 25, 50, 75, 100, 125, 150, 175, 200, 225, 250, 275]
2026-03-07 16:11:16,688 | INFO | Selecting frames for question JuthlQ2Zo38_0 on video JuthlQ2Zo38.mp4: frames=13 tags=4
2026-03-07 16:11:16,688 | INFO | Selected 13 frames for question JuthlQ2Zo38_0: [0, 25, 50, 75, 100, 125, 150, 175, 200, 225, 250, 275, 300]
2026-03-07 16:11:16,688 | INFO | Selecting frames for question iHzypa15yRA_0 on video iHzypa15yRA.mp4: frames=13 tags=4
2026-03-07 16:11:16,688 | INFO | Selected 13 frames for question iHzypa15yRA_0: [0, 25, 50, 75, 100, 125, 150, 175, 200, 225, 250, 275, 300]
2026-03-07 16:11:16,688 | INFO | Selecting frames for question Scne0ls23MA_0 on video Scne0ls23MA.mp4: frames=9 tags=4
2026-03-07 16:11:16,688 | INFO | Selected 9 frames for question Scne0ls23MA_0: [0, 30, 60, 90, 120, 150, 180, 210, 240]
2026-03-07 16:11:16,688 | INFO | Selecting frames for question WLl3SeraTV0_0 on video WLl3SeraTV0.mp4: frames=11 tags=4
2026-03-07 16:11:16,688 | INFO | Selected 11 frames for question WLl3SeraTV0_0: [0, 23, 47, 71, 95, 119, 143, 167, 191, 215, 239]
2026-03-07 16:11:16,688 | INFO | Selecting frames for question kbRtl58u_kk_0 on video kbRtl58u_kk.mp4: frames=8 tags=4
2026-03-07 16:11:16,688 | INFO | Selected 8 frames for question kbRtl58u_kk_0: [0, 29, 59, 89, 119, 149, 179, 209]
2026-03-07 16:11:16,688 | INFO | Selecting frames for question pZ-9hGQNHuA_0 on video pZ-9hGQNHuA.mp4: frames=12 tags=4
2026-03-07 16:11:16,688 | INFO | Selected 12 frames for question pZ-9hGQNHuA_0: [0, 23, 47, 71, 95, 119, 143, 167, 191, 215, 239, 263]
2026-03-07 16:11:16,688 | INFO | Selecting frames for question GZFL58_pXPg_0 on video GZFL58_pXPg.mp4: frames=8 tags=4
2026-03-07 16:11:16,688 | INFO | Selected 8 frames for question GZFL58_pXPg_0: [0, 23, 47, 71, 95, 119, 143, 167]
2026-03-07 16:11:16,688 | INFO | Selecting frames for question F2i-LchFVCU_0 on video F2i-LchFVCU.mp4: frames=13 tags=4
2026-03-07 16:11:16,688 | INFO | Selected 13 frames for question F2i-LchFVCU_0: [0, 29, 59, 89, 119, 149, 179, 209, 239, 269, 299, 329, 359]
2026-03-07 16:11:16,688 | INFO | Selecting frames for question FOMS_yqdN1o_0 on video FOMS_yqdN1o.mp4: frames=10 tags=4
2026-03-07 16:11:16,688 | INFO | Selected 10 frames for question FOMS_yqdN1o_0: [0, 23, 47, 71, 95, 119, 143, 167, 191, 215]
2026-03-07 16:11:16,688 | INFO | Selecting frames for question YvM4rzSxX1U_0 on video YvM4rzSxX1U.mp4: frames=14 tags=4
2026-03-07 16:11:16,688 | INFO | Selected 14 frames for question YvM4rzSxX1U_0: [0, 30, 60, 90, 120, 150, 180, 210, 240, 270, 300, 330, 360, 390]
2026-03-07 16:11:16,688 | INFO | Selecting frames for question M5Umm-ltnao_0 on video M5Umm-ltnao.mp4: frames=13 tags=4
2026-03-07 16:11:16,688 | INFO | Selected 13 frames for question M5Umm-ltnao_0: [0, 29, 59, 89, 119, 149, 179, 209, 239, 269, 299, 329, 359]
2026-03-07 16:11:16,688 | INFO | Selecting frames for question _kQXNFG664Y_0 on video _kQXNFG664Y.mp4: frames=8 tags=4
2026-03-07 16:11:16,689 | INFO | Selected 8 frames for question _kQXNFG664Y_0: [0, 25, 50, 75, 100, 125, 150, 175]
2026-03-07 16:11:16,689 | INFO | Selecting frames for question h2RbVVz3NZc_0 on video h2RbVVz3NZc.mp4: frames=13 tags=4
2026-03-07 16:11:16,689 | INFO | Selected 13 frames for question h2RbVVz3NZc_0: [0, 29, 59, 89, 119, 149, 179, 209, 239, 269, 299, 329, 359]
2026-03-07 16:11:16,689 | INFO | Selecting frames for question UbgwG8fcIu0_0 on video UbgwG8fcIu0.mp4: frames=9 tags=4
2026-03-07 16:11:16,689 | INFO | Selected 9 frames for question UbgwG8fcIu0_0: [0, 25, 50, 75, 100, 125, 150, 175, 200]
2026-03-07 16:11:16,689 | INFO | Selecting frames for question GAoK4XjssrM_0 on video GAoK4XjssrM.mp4: frames=9 tags=4
2026-03-07 16:11:16,689 | INFO | Selected 9 frames for question GAoK4XjssrM_0: [0, 29, 59, 89, 119, 149, 179, 209, 239]
2026-03-07 16:11:16,689 | INFO | Selecting frames for question jbPR2SJuFHg_0 on video jbPR2SJuFHg.mp4: frames=9 tags=4
2026-03-07 16:11:16,689 | INFO | Selected 9 frames for question jbPR2SJuFHg_0: [0, 23, 47, 71, 95, 119, 143, 167, 191]
2026-03-07 16:11:16,689 | INFO | Selecting frames for question XvJqVKi8i_I_0 on video XvJqVKi8i_I.mp4: frames=12 tags=4
2026-03-07 16:11:16,689 | INFO | Selected 12 frames for question XvJqVKi8i_I_0: [0, 23, 47, 71, 95, 119, 143, 167, 191, 215, 239, 263]
2026-03-07 16:11:16,689 | INFO | Selecting frames for question PE32sjfN-uM_0 on video PE32sjfN-uM.mp4: frames=9 tags=4
2026-03-07 16:11:16,689 | INFO | Selected 9 frames for question PE32sjfN-uM_0: [0, 25, 50, 75, 100, 125, 150, 175, 200]
2026-03-07 16:11:16,689 | INFO | Selecting frames for question 2F7d7aUCmUU_0 on video 2F7d7aUCmUU.mp4: frames=8 tags=4
2026-03-07 16:11:16,689 | INFO | Selected 8 frames for question 2F7d7aUCmUU_0: [0, 23, 47, 71, 95, 119, 143, 167]
2026-03-07 16:11:16,689 | INFO | Selecting frames for question mB7NW91REF4_0 on video mB7NW91REF4.mp4: frames=13 tags=4
2026-03-07 16:11:16,689 | INFO | Selected 13 frames for question mB7NW91REF4_0: [0, 29, 59, 89, 119, 149, 179, 209, 239, 269, 299, 329, 359]
2026-03-07 16:11:16,689 | INFO | Selecting frames for question UM0VOrAtnPA_0 on video UM0VOrAtnPA.mp4: frames=8 tags=4
2026-03-07 16:11:16,689 | INFO | Selected 8 frames for question UM0VOrAtnPA_0: [0, 23, 47, 71, 95, 119, 143, 167]
2026-03-07 16:11:16,689 | INFO | Selecting frames for question BkCbbFn21LY_0 on video BkCbbFn21LY.mp4: frames=11 tags=4
2026-03-07 16:11:16,689 | INFO | Selected 11 frames for question BkCbbFn21LY_0: [0, 30, 60, 90, 120, 150, 180, 210, 240, 270, 300]
2026-03-07 16:11:16,689 | INFO | Selecting frames for question H7gnsO4UZmU_0 on video H7gnsO4UZmU.mp4: frames=13 tags=4
2026-03-07 16:11:16,689 | INFO | Selected 13 frames for question H7gnsO4UZmU_0: [0, 30, 60, 90, 120, 150, 180, 210, 240, 270, 300, 330, 360]
2026-03-07 16:11:16,689 | INFO | Selecting frames for question W8w09l_mmT4_0 on video W8w09l_mmT4.mp4: frames=9 tags=4
2026-03-07 16:11:16,689 | INFO | Selected 9 frames for question W8w09l_mmT4_0: [0, 23, 47, 71, 95, 119, 143, 167, 191]
2026-03-07 16:11:16,689 | INFO | Selecting frames for question 7PqVVjEW0LM_0 on video 7PqVVjEW0LM.mp4: frames=10 tags=4
2026-03-07 16:11:16,689 | INFO | Selected 10 frames for question 7PqVVjEW0LM_0: [0, 23, 47, 71, 95, 119, 143, 167, 191, 215]
2026-03-07 16:11:16,689 | INFO | Selecting frames for question NS2V_OHYkvA_0 on video NS2V_OHYkvA.mp4: frames=9 tags=4
2026-03-07 16:11:16,689 | INFO | Selected 9 frames for question NS2V_OHYkvA_0: [0, 29, 59, 89, 119, 149, 179, 209, 239]
2026-03-07 16:11:16,690 | INFO | Selecting frames for question iDFDxwPTjeU_0 on video iDFDxwPTjeU.mp4: frames=13 tags=4
2026-03-07 16:11:16,690 | INFO | Selected 13 frames for question iDFDxwPTjeU_0: [0, 25, 50, 75, 100, 125, 150, 175, 200, 225, 250, 275, 300]
2026-03-07 16:11:16,690 | INFO | Selecting frames for question 18rZLZqg6C8_0 on video 18rZLZqg6C8.mp4: frames=8 tags=4
2026-03-07 16:11:16,690 | INFO | Selected 8 frames for question 18rZLZqg6C8_0: [0, 24, 48, 72, 96, 120, 144, 168]
2026-03-07 16:11:16,690 | INFO | Selecting frames for question AU0UJVNZMvA_0 on video AU0UJVNZMvA.mp4: frames=14 tags=4
2026-03-07 16:11:16,690 | INFO | Selected 14 frames for question AU0UJVNZMvA_0: [0, 25, 50, 75, 100, 125, 150, 175, 200, 225, 250, 275, 300, 325]
2026-03-07 16:11:16,690 | INFO | Selecting frames for question u-vYvqxHejY_0 on video u-vYvqxHejY.mp4: frames=8 tags=4
2026-03-07 16:11:16,690 | INFO | Selected 8 frames for question u-vYvqxHejY_0: [0, 23, 47, 71, 95, 119, 143, 167]
2026-03-07 16:11:16,690 | INFO | Selecting frames for question KFqlW0APKRA_0 on video KFqlW0APKRA.mp4: frames=14 tags=4
2026-03-07 16:11:16,690 | INFO | Selected 14 frames for question KFqlW0APKRA_0: [0, 23, 47, 71, 95, 119, 143, 167, 191, 215, 239, 263, 287, 311]
2026-03-07 16:11:16,690 | INFO | Selecting frames for question Ge5SjsgaA4o_0 on video Ge5SjsgaA4o.mp4: frames=8 tags=4
2026-03-07 16:11:16,690 | INFO | Selected 8 frames for question Ge5SjsgaA4o_0: [0, 23, 47, 71, 95, 119, 143, 167]
2026-03-07 16:11:16,690 | INFO | Selecting frames for question tygk9-aneC4_0 on video tygk9-aneC4.mp4: frames=14 tags=4
2026-03-07 16:11:16,690 | INFO | Selected 14 frames for question tygk9-aneC4_0: [0, 29, 59, 89, 119, 149, 179, 209, 239, 269, 299, 329, 359, 389]
2026-03-07 16:11:16,690 | INFO | Selecting frames for question CFm3bc9gqYE_0 on video CFm3bc9gqYE.mp4: frames=9 tags=4
2026-03-07 16:11:16,690 | INFO | Selected 9 frames for question CFm3bc9gqYE_0: [0, 24, 48, 72, 96, 120, 144, 168, 192]
2026-03-07 16:11:16,690 | INFO | Selecting frames for question mOiEOs3ZlT8_0 on video mOiEOs3ZlT8.mp4: frames=12 tags=4
2026-03-07 16:11:16,690 | INFO | Selected 12 frames for question mOiEOs3ZlT8_0: [0, 23, 47, 71, 95, 119, 143, 167, 191, 215, 239, 263]
2026-03-07 16:11:16,690 | INFO | Selecting frames for question QpDL3mopnWM_0 on video QpDL3mopnWM.mp4: frames=14 tags=4
2026-03-07 16:11:16,690 | INFO | Selected 14 frames for question QpDL3mopnWM_0: [0, 23, 47, 71, 95, 119, 143, 167, 191, 215, 239, 263, 287, 311]
2026-03-07 16:11:16,690 | INFO | Selecting frames for question 9yQV0t5meo4_0 on video 9yQV0t5meo4.mp4: frames=9 tags=4
2026-03-07 16:11:16,690 | INFO | Selected 9 frames for question 9yQV0t5meo4_0: [0, 29, 59, 89, 119, 149, 179, 209, 239]
2026-03-07 16:11:16,690 | INFO | Selecting frames for question 8urCPp_yhWs_0 on video 8urCPp_yhWs.mp4: frames=9 tags=4
2026-03-07 16:11:16,690 | INFO | Selected 9 frames for question 8urCPp_yhWs_0: [0, 30, 60, 90, 120, 150, 180, 210, 240]
2026-03-07 16:11:16,690 | INFO | Selecting frames for question Lf7uW4xK2bc_0 on video Lf7uW4xK2bc.mp4: frames=8 tags=4
2026-03-07 16:11:16,690 | INFO | Selected 8 frames for question Lf7uW4xK2bc_0: [0, 23, 47, 71, 95, 119, 143, 167]
2026-03-07 16:11:16,690 | INFO | Selecting frames for question Lk9ZihSgjdo_0 on video Lk9ZihSgjdo.mp4: frames=12 tags=4
2026-03-07 16:11:16,690 | INFO | Selected 12 frames for question Lk9ZihSgjdo_0: [0, 23, 47, 71, 95, 119, 143, 167, 191, 215, 239, 263]
2026-03-07 16:11:16,690 | INFO | Selecting frames for question NWOF4GqpWaw_0 on video NWOF4GqpWaw.mp4: frames=13 tags=4
2026-03-07 16:11:16,691 | INFO | Selected 13 frames for question NWOF4GqpWaw_0: [0, 29, 59, 89, 119, 149, 179, 209, 239, 269, 299, 329, 359]
2026-03-07 16:11:16,691 | INFO | Selecting frames for question TARe4G-SXfk_0 on video TARe4G-SXfk.mp4: frames=13 tags=4
2026-03-07 16:11:16,691 | INFO | Selected 13 frames for question TARe4G-SXfk_0: [0, 23, 47, 71, 95, 119, 143, 167, 191, 215, 239, 263, 287]
2026-03-07 16:11:16,691 | INFO | Selecting frames for question 3Qv2K_0GEE0_0 on video 3Qv2K_0GEE0.mp4: frames=8 tags=4
2026-03-07 16:11:16,691 | INFO | Selected 8 frames for question 3Qv2K_0GEE0_0: [0, 30, 60, 90, 120, 150, 180, 210]
2026-03-07 16:11:16,691 | INFO | Selecting frames for question dxjKdnJFmLs_0 on video dxjKdnJFmLs.mp4: frames=11 tags=4
2026-03-07 16:11:16,691 | INFO | Selected 11 frames for question dxjKdnJFmLs_0: [0, 29, 59, 89, 119, 149, 179, 209, 239, 269, 299]
2026-03-07 16:11:16,691 | INFO | Selecting frames for question bH1Q9AM5vik_0 on video bH1Q9AM5vik.mp4: frames=11 tags=4
2026-03-07 16:11:16,691 | INFO | Selected 11 frames for question bH1Q9AM5vik_0: [0, 25, 50, 75, 100, 125, 150, 175, 200, 225, 250]
2026-03-07 16:11:16,691 | INFO | Selecting frames for question 1IpgyV9u5nE_0 on video 1IpgyV9u5nE.mp4: frames=8 tags=4
2026-03-07 16:11:16,691 | INFO | Selected 8 frames for question 1IpgyV9u5nE_0: [0, 29, 59, 89, 119, 149, 179, 209]
2026-03-07 16:11:16,691 | INFO | Selecting frames for question V0h7rJShw0g_0 on video V0h7rJShw0g.mp4: frames=13 tags=4
2026-03-07 16:11:16,691 | INFO | Selected 13 frames for question V0h7rJShw0g_0: [0, 29, 59, 89, 119, 149, 179, 209, 239, 269, 299, 329, 359]
2026-03-07 16:11:16,691 | INFO | Selecting frames for question GKgl3aJr5Xw_0 on video GKgl3aJr5Xw.mp4: frames=13 tags=4
2026-03-07 16:11:16,691 | INFO | Selected 13 frames for question GKgl3aJr5Xw_0: [0, 30, 60, 90, 120, 150, 180, 210, 240, 270, 300, 330, 360]
2026-03-07 16:11:16,691 | INFO | Selecting frames for question il_wMYlDQ6I_0 on video il_wMYlDQ6I.mp4: frames=12 tags=4
2026-03-07 16:11:16,691 | INFO | Selected 12 frames for question il_wMYlDQ6I_0: [0, 30, 60, 90, 120, 150, 180, 210, 240, 270, 300, 330]
2026-03-07 16:11:16,691 | INFO | Selecting frames for question 3ZRVpYPFOl0_0 on video 3ZRVpYPFOl0.mp4: frames=13 tags=4
2026-03-07 16:11:16,691 | INFO | Selected 13 frames for question 3ZRVpYPFOl0_0: [0, 24, 48, 72, 96, 120, 144, 168, 192, 216, 240, 264, 288]
2026-03-07 16:11:16,691 | INFO | Selecting frames for question OLO19ZtdRwQ_0 on video OLO19ZtdRwQ.mp4: frames=9 tags=4
2026-03-07 16:11:16,691 | INFO | Selected 9 frames for question OLO19ZtdRwQ_0: [0, 29, 59, 89, 119, 149, 179, 209, 239]
2026-03-07 16:11:16,691 | INFO | Selecting frames for question gJuOMPiixUA_0 on video gJuOMPiixUA.mp4: frames=8 tags=4
2026-03-07 16:11:16,691 | INFO | Selected 8 frames for question gJuOMPiixUA_0: [0, 23, 47, 71, 95, 119, 143, 167]
2026-03-07 16:11:16,691 | INFO | Selecting frames for question bDpgz_2Piqg_0 on video bDpgz_2Piqg.mp4: frames=13 tags=4
2026-03-07 16:11:16,691 | INFO | Selected 13 frames for question bDpgz_2Piqg_0: [0, 25, 50, 75, 100, 125, 150, 175, 200, 225, 250, 275, 300]
2026-03-07 16:11:16,691 | INFO | Selecting frames for question e_nAKiSutiA_0 on video e_nAKiSutiA.mp4: frames=13 tags=4
2026-03-07 16:11:16,691 | INFO | Selected 13 frames for question e_nAKiSutiA_0: [0, 23, 47, 71, 95, 119, 143, 167, 191, 215, 239, 263, 287]
2026-03-07 16:11:16,691 | INFO | Selecting frames for question H_b5d-rLXJU_0 on video H_b5d-rLXJU.mp4: frames=10 tags=4
2026-03-07 16:11:16,691 | INFO | Selected 10 frames for question H_b5d-rLXJU_0: [0, 29, 59, 89, 119, 149, 179, 209, 239, 269]
2026-03-07 16:11:16,692 | INFO | Selecting frames for question anQ5KFW8Gn4_0 on video anQ5KFW8Gn4.mp4: frames=12 tags=4
2026-03-07 16:11:16,692 | INFO | Selected 12 frames for question anQ5KFW8Gn4_0: [0, 23, 47, 71, 95, 119, 143, 167, 191, 215, 239, 263]
2026-03-07 16:11:16,692 | INFO | Selecting frames for question Vn-z0qXp9bQ_0 on video Vn-z0qXp9bQ.mp4: frames=10 tags=4
2026-03-07 16:11:16,692 | INFO | Selected 10 frames for question Vn-z0qXp9bQ_0: [0, 23, 47, 71, 95, 119, 143, 167, 191, 215]
2026-03-07 16:11:16,692 | INFO | Selecting frames for question rVGE6xhfVJE_0 on video rVGE6xhfVJE.mp4: frames=11 tags=4
2026-03-07 16:11:16,692 | INFO | Selected 11 frames for question rVGE6xhfVJE_0: [0, 30, 60, 90, 120, 150, 180, 210, 240, 270, 300]
2026-03-07 16:11:16,692 | INFO | Selecting frames for question ZL07dkaoHOg_0 on video ZL07dkaoHOg.mp4: frames=13 tags=4
2026-03-07 16:11:16,692 | INFO | Selected 13 frames for question ZL07dkaoHOg_0: [0, 24, 48, 72, 96, 120, 144, 168, 192, 216, 240, 264, 288]
2026-03-07 16:11:16,692 | INFO | Selecting frames for question g_kziK-UOSU_0 on video g_kziK-UOSU.mp4: frames=10 tags=4
2026-03-07 16:11:16,692 | INFO | Selected 10 frames for question g_kziK-UOSU_0: [0, 29, 59, 89, 119, 149, 179, 209, 239, 269]
2026-03-07 16:11:16,692 | INFO | Selecting frames for question VPcdtoldWCA_0 on video VPcdtoldWCA.mp4: frames=8 tags=4
2026-03-07 16:11:16,692 | INFO | Selected 8 frames for question VPcdtoldWCA_0: [0, 29, 59, 89, 119, 149, 179, 209]
2026-03-07 16:11:16,692 | INFO | Selecting frames for question K24dFfIM0gI_0 on video K24dFfIM0gI.mp4: frames=10 tags=4
2026-03-07 16:11:16,692 | INFO | Selected 10 frames for question K24dFfIM0gI_0: [0, 25, 50, 75, 100, 125, 150, 175, 200, 225]
2026-03-07 16:11:16,692 | INFO | Selecting frames for question qksR2Zvd-FM_0 on video qksR2Zvd-FM.mp4: frames=917 tags=4
2026-03-07 16:11:25,230 | INFO | Selected 32 frames for question qksR2Zvd-FM_0: [1080, 1104, 8376, 9552, 9768, 11280, 13392, 13416, 13440, 13464, 13488, 13512, 13536, 13560, 13584, 13608, 13632, 13656, 13680, 15048, 15240, 15312, 15984, 16104, 16488, 16728, 17808, 17976, 18000, 18720, 18768, 18792]
2026-03-07 16:11:25,230 | INFO | Selecting frames for question qksR2Zvd-FM_1 on video qksR2Zvd-FM.mp4: frames=917 tags=4
2026-03-07 16:11:33,723 | INFO | Selected 32 frames for question qksR2Zvd-FM_1: [2496, 4896, 4920, 4944, 4968, 4992, 5016, 5040, 5064, 5088, 5112, 5136, 5160, 5184, 5208, 5232, 5256, 5280, 5832, 14232, 15120, 16896, 16992, 17040, 20304, 21048, 21312, 21336, 21360, 21384, 21408, 21432]
2026-03-07 16:11:33,724 | INFO | Selecting frames for question qksR2Zvd-FM_2 on video qksR2Zvd-FM.mp4: frames=917 tags=4
2026-03-07 16:11:44,445 | INFO | Selected 32 frames for question qksR2Zvd-FM_2: [744, 2280, 2400, 2424, 2448, 2496, 2568, 2640, 2784, 2808, 2832, 2856, 2904, 4896, 4920, 4992, 5016, 5040, 5160, 5208, 5232, 5256, 5280, 10176, 21024, 21264, 21288, 21312, 21336, 21384, 21408, 21432]
2026-03-07 16:11:44,446 | INFO | Selecting frames for question rwL_XPw46zQ_0 on video rwL_XPw46zQ.mp4: frames=1623 tags=4
2026-03-07 16:12:14,357 | INFO | Selected 32 frames for question rwL_XPw46zQ_0: [1728, 4992, 6456, 6504, 6528, 6552, 6576, 6600, 6624, 8208, 16872, 16920, 18792, 20400, 20424, 20448, 20472, 20496, 20520, 20880, 22560, 22584, 22608, 22632, 22656, 27192, 35592, 35688, 35880, 35904, 35928, 35976]
2026-03-07 16:12:14,358 | INFO | Selecting frames for question rwL_XPw46zQ_1 on video rwL_XPw46zQ.mp4: frames=1623 tags=4
2026-03-07 16:12:42,067 | INFO | Selected 32 frames for question rwL_XPw46zQ_1: [1728, 4992, 6456, 6504, 6528, 6552, 6576, 6600, 6624, 8208, 16872, 16920, 18792, 20400, 20424, 20448, 20472, 20496, 20520, 20880, 22560, 22584, 22608, 22632, 22656, 27192, 35592, 35688, 35880, 35904, 35928, 35976]
2026-03-07 16:12:42,068 | INFO | Selecting frames for question rwL_XPw46zQ_2 on video rwL_XPw46zQ.mp4: frames=1623 tags=4
2026-03-07 16:13:10,884 | INFO | Selected 32 frames for question rwL_XPw46zQ_2: [1728, 4992, 6456, 6504, 6528, 6552, 6576, 6600, 6624, 8208, 16872, 16920, 18792, 20400, 20424, 20448, 20472, 20496, 20520, 20880, 22560, 22584, 22608, 22632, 22656, 27192, 35592, 35688, 35880, 35904, 35928, 35976]
2026-03-07 16:13:10,884 | INFO | Selecting frames for question VFXJnbnN5ro_0 on video VFXJnbnN5ro.mp4: frames=1214 tags=4
2026-03-07 16:13:27,211 | INFO | Selected 32 frames for question VFXJnbnN5ro_0: [4015, 4045, 4075, 4105, 4135, 4165, 7012, 7042, 7072, 7102, 14205, 14235, 14805, 14865, 14895, 14925, 14985, 15134, 15164, 20349, 20379, 20409, 20439, 20469, 20499, 20529, 20559, 20589, 20649, 25924, 26793, 26823]
2026-03-07 16:13:27,212 | INFO | Selecting frames for question VFXJnbnN5ro_1 on video VFXJnbnN5ro.mp4: frames=1214 tags=4
2026-03-07 16:13:43,833 | INFO | Selected 32 frames for question VFXJnbnN5ro_1: [329, 359, 389, 659, 1108, 1138, 1168, 1198, 1228, 1258, 1318, 1378, 1468, 1738, 1768, 1798, 7252, 7342, 7372, 7402, 7432, 7462, 7492, 7522, 20289, 20319, 26883, 26943, 29610, 29640, 29880, 29910]
2026-03-07 16:13:43,835 | INFO | Selecting frames for question VFXJnbnN5ro_2 on video VFXJnbnN5ro.mp4: frames=1214 tags=4
2026-03-07 16:14:01,776 | INFO | Selected 32 frames for question VFXJnbnN5ro_2: [3596, 11118, 11148, 11178, 13996, 14025, 14055, 14085, 14115, 14145, 14175, 15254, 15284, 15764, 18161, 18191, 19000, 25234, 25354, 25504, 29250, 29280, 29310, 29340, 29370, 32697, 32727, 32757, 32787, 33086, 33146, 33176]
2026-03-07 16:14:01,777 | INFO | Selecting frames for question zJ2uPZfkYMk_0 on video zJ2uPZfkYMk.mp4: frames=1460 tags=4
2026-03-07 16:14:28,422 | INFO | Selected 32 frames for question zJ2uPZfkYMk_0: [263, 287, 311, 335, 575, 599, 623, 2037, 2757, 2829, 2949, 2973, 4891, 8151, 8271, 8415, 8559, 8775, 9014, 9710, 10765, 11940, 12107, 14145, 14361, 14721, 14985, 15296, 18917, 18989, 20043, 34573]
2026-03-07 16:14:28,423 | INFO | Selecting frames for question zJ2uPZfkYMk_1 on video zJ2uPZfkYMk.mp4: frames=1460 tags=4
2026-03-07 16:14:54,391 | INFO | Selected 32 frames for question zJ2uPZfkYMk_1: [0, 7432, 8151, 8559, 8775, 10693, 10717, 10837, 11388, 11532, 13498, 13930, 14361, 14721, 14769, 15296, 15968, 21602, 21626, 21650, 23064, 23448, 24455, 26085, 26781, 27284, 27332, 27644, 27812, 28339, 29442, 34597]
2026-03-07 16:14:54,393 | INFO | Selecting frames for question zJ2uPZfkYMk_2 on video zJ2uPZfkYMk.mp4: frames=1460 tags=4
2026-03-07 16:15:20,323 | INFO | Selected 32 frames for question zJ2uPZfkYMk_2: [2037, 2061, 2085, 4819, 5754, 5970, 7744, 8175, 8199, 8415, 8463, 8487, 12755, 12779, 12803, 12827, 12947, 12971, 13066, 15176, 15296, 16255, 19828, 19852, 19876, 19900, 26085, 26181, 26205, 26229, 26253, 26781]
2026-03-07 16:15:20,323 | INFO | Selecting frames for question mqtJErix0ss_0 on video mqtJErix0ss.mp4: frames=981 tags=4
2026-03-07 16:15:30,273 | INFO | Selected 32 frames for question mqtJErix0ss_0: [250, 4250, 4775, 6025, 6500, 10475, 10575, 10625, 10750, 10800, 10825, 10875, 12400, 12450, 12475, 12500, 15375, 15475, 19450, 19950, 19975, 20050, 22475, 22500, 22975, 23075, 23100, 23175, 24000, 24050, 24100, 24125]
2026-03-07 16:15:30,274 | INFO | Selecting frames for question mqtJErix0ss_1 on video mqtJErix0ss.mp4: frames=981 tags=4
2026-03-07 16:15:40,217 | INFO | Selected 32 frames for question mqtJErix0ss_1: [11850, 14600, 14625, 14675, 14700, 14900, 14925, 15025, 15050, 15075, 15100, 15500, 15525, 15550, 15575, 15750, 15775, 15850, 15875, 19450, 19725, 19925, 21875, 21900, 21925, 21950, 21975, 22000, 22025, 22050, 22075, 22100]
2026-03-07 16:15:40,217 | INFO | Selecting frames for question mqtJErix0ss_2 on video mqtJErix0ss.mp4: frames=981 tags=4
2026-03-07 16:15:51,607 | INFO | Selected 32 frames for question mqtJErix0ss_2: [500, 7150, 7175, 7825, 11850, 12625, 12650, 12675, 12700, 12725, 12750, 12775, 12800, 12825, 12875, 12975, 13025, 13050, 13075, 13500, 16950, 19450, 19925, 21875, 21900, 21925, 21950, 21975, 22000, 22025, 22050, 22075]
2026-03-07 16:15:51,608 | INFO | Selecting frames for question sEiyR7-0FOA_0 on video sEiyR7-0FOA.mp4: frames=2853 tags=4
2026-03-07 16:17:28,307 | INFO | Selected 32 frames for question sEiyR7-0FOA_0: [6120, 16392, 16416, 16464, 16488, 16512, 16536, 16560, 16584, 16608, 17112, 17136, 17160, 17184, 17208, 17232, 17256, 23256, 25776, 25800, 25824, 56688, 56784, 56832, 66792, 66816, 66840, 66864, 66888, 66912, 67080, 67128]
2026-03-07 16:17:28,309 | INFO | Selecting frames for question sEiyR7-0FOA_1 on video sEiyR7-0FOA.mp4: frames=2853 tags=4
2026-03-07 16:18:56,581 | INFO | Selected 32 frames for question sEiyR7-0FOA_1: [1080, 7608, 25176, 28200, 28440, 38856, 44472, 44496, 44520, 44544, 44568, 44640, 44664, 44688, 44808, 44976, 45000, 45024, 45360, 45384, 45408, 45432, 45456, 45480, 45648, 45696, 52992, 53184, 53208, 64752, 64824, 64896]
2026-03-07 16:18:56,583 | INFO | Selecting frames for question sEiyR7-0FOA_2 on video sEiyR7-0FOA.mp4: frames=2853 tags=4
2026-03-07 16:20:33,726 | INFO | Selected 32 frames for question sEiyR7-0FOA_2: [6648, 6696, 6720, 12504, 12600, 12672, 12696, 12720, 12816, 14400, 17112, 17136, 17160, 17184, 17208, 17232, 17256, 20592, 28776, 57216, 66792, 66816, 66840, 66864, 66888, 66912, 66936, 66960, 66984, 67008, 67032, 67080]
2026-03-07 16:20:33,726 | INFO | Selecting frames for question LlqsCCa6y58_0 on video LlqsCCa6y58.mp4: frames=1810 tags=4
2026-03-07 16:21:08,055 | INFO | Selected 32 frames for question LlqsCCa6y58_0: [0, 47, 4363, 4387, 4411, 4435, 4459, 4483, 4507, 4531, 4555, 4579, 4603, 4627, 4651, 4675, 4699, 4723, 4747, 4771, 4795, 4819, 4843, 4867, 4891, 4915, 4939, 4963, 5370, 5394, 21338, 21674]
2026-03-07 16:21:08,055 | INFO | Selecting frames for question LlqsCCa6y58_1 on video LlqsCCa6y58.mp4: frames=1810 tags=4
2026-03-07 16:21:39,322 | INFO | Selected 32 frames for question LlqsCCa6y58_1: [935, 7672, 7744, 22825, 25462, 26781, 27404, 27452, 27524, 28243, 28651, 31720, 31744, 32271, 32295, 32319, 32343, 32367, 32391, 32415, 32439, 32463, 32799, 32823, 32847, 32919, 39512, 40111, 40831, 40855, 41454, 41550]
2026-03-07 16:21:39,323 | INFO | Selecting frames for question LlqsCCa6y58_2 on video LlqsCCa6y58.mp4: frames=1810 tags=4
2026-03-07 16:22:10,598 | INFO | Selected 32 frames for question LlqsCCa6y58_2: [2109, 2133, 2157, 2229, 3068, 3092, 3116, 3140, 3164, 3260, 6233, 6257, 6281, 7408, 7432, 7768, 16351, 21338, 27404, 31432, 32031, 37090, 39560, 39608, 39704, 39728, 39752, 39776, 39800, 39848, 41382, 41406]
2026-03-07 16:22:10,599 | INFO | Selecting frames for question mS1QPVgBDQo_0 on video mS1QPVgBDQo.mp4: frames=1950 tags=4
2026-03-07 16:22:47,135 | INFO | Selected 32 frames for question mS1QPVgBDQo_0: [689, 749, 899, 3986, 4195, 4255, 4495, 7102, 7132, 9230, 9320, 14955, 15104, 15134, 15464, 16633, 17802, 19360, 19480, 19840, 19960, 20139, 20259, 20679, 20949, 20979, 26253, 26343, 26493, 27812, 28921, 29910]
2026-03-07 16:22:47,135 | INFO | Selecting frames for question mS1QPVgBDQo_1 on video mS1QPVgBDQo.mp4: frames=1950 tags=4
2026-03-07 16:23:25,175 | INFO | Selected 32 frames for question mS1QPVgBDQo_1: [689, 4255, 9320, 14955, 15074, 15464, 16633, 17622, 17892, 17982, 19360, 19390, 19960, 20649, 20679, 20709, 20949, 21218, 21338, 24065, 26253, 26343, 26373, 26403, 26433, 26493, 27002, 27812, 28141, 28891, 28921, 31318]
2026-03-07 16:23:25,177 | INFO | Selecting frames for question mS1QPVgBDQo_2 on video mS1QPVgBDQo.mp4: frames=1950 tags=4
2026-03-07 16:24:05,458 | INFO | Selected 32 frames for question mS1QPVgBDQo_2: [899, 2037, 2847, 3386, 4075, 4135, 4165, 4195, 4225, 4255, 4495, 4735, 4765, 4825, 8901, 20649, 20829, 24575, 24845, 25384, 25774, 28501, 28561, 28621, 28711, 28741, 28771, 28801, 28831, 35994, 48731, 58021]
2026-03-07 16:24:05,459 | INFO | Selecting frames for question hg2Q_O5b9w4_0 on video hg2Q_O5b9w4.mp4: frames=1724 tags=4
2026-03-07 16:24:34,982 | INFO | Selected 32 frames for question hg2Q_O5b9w4_0: [12480, 12504, 14496, 16152, 16560, 16584, 16608, 21672, 21792, 21816, 21840, 21864, 21888, 21912, 22488, 22584, 22608, 22632, 23712, 27504, 27936, 27960, 27984, 28008, 28032, 28056, 28080, 28104, 28128, 28152, 28176, 31824]
2026-03-07 16:24:34,982 | INFO | Selecting frames for question hg2Q_O5b9w4_1 on video hg2Q_O5b9w4.mp4: frames=1724 tags=4
2026-03-07 16:25:03,319 | INFO | Selected 32 frames for question hg2Q_O5b9w4_1: [3720, 3744, 3768, 3792, 4320, 4344, 4368, 4392, 4416, 4440, 4464, 4488, 4512, 4536, 4560, 4584, 4608, 4632, 4656, 4680, 8688, 8712, 8736, 12480, 12504, 22584, 28224, 35016, 35568, 40248, 40272, 40296]
2026-03-07 16:25:03,320 | INFO | Selecting frames for question hg2Q_O5b9w4_2 on video hg2Q_O5b9w4.mp4: frames=1724 tags=4
2026-03-07 16:25:31,433 | INFO | Selected 32 frames for question hg2Q_O5b9w4_2: [2952, 2976, 3000, 3024, 3048, 3072, 3096, 3120, 3144, 3168, 3192, 3216, 3240, 3264, 3720, 8952, 9048, 14424, 14448, 14472, 14496, 16200, 16224, 16248, 16392, 16416, 22584, 22608, 22656, 35568, 35592, 35616]
2026-03-07 16:25:31,434 | INFO | Selecting frames for question CGngv8vTQOs_0 on video CGngv8vTQOs.mp4: frames=922 tags=4
2026-03-07 16:25:40,311 | INFO | Selected 32 frames for question CGngv8vTQOs_0: [575, 600, 625, 750, 775, 800, 850, 875, 1100, 1125, 1150, 5300, 5475, 5500, 5525, 5550, 5575, 5600, 5850, 7950, 10225, 10250, 10275, 10550, 10575, 10600, 10625, 14200, 14550, 14575, 15600, 21150]
2026-03-07 16:25:40,312 | INFO | Selecting frames for question CGngv8vTQOs_1 on video CGngv8vTQOs.mp4: frames=922 tags=4
2026-03-07 16:25:48,425 | INFO | Selected 32 frames for question CGngv8vTQOs_1: [1150, 6325, 6350, 14775, 14825, 14900, 14925, 14950, 15050, 15075, 15100, 15125, 15275, 15300, 15325, 15350, 15400, 15425, 15475, 15550, 15700, 15825, 15850, 15875, 16025, 16050, 16075, 16100, 16125, 19925, 21775, 22100]
2026-03-07 16:25:48,425 | INFO | Selecting frames for question CGngv8vTQOs_2 on video CGngv8vTQOs.mp4: frames=922 tags=4
2026-03-07 16:25:56,237 | INFO | Selected 32 frames for question CGngv8vTQOs_2: [775, 14825, 14850, 14925, 14950, 15375, 16125, 19775, 20200, 22250, 22275, 22350, 22375, 22425, 22450, 22500, 22525, 22600, 22625, 22650, 22725, 22750, 22775, 22800, 22825, 22850, 22875, 22900, 22925, 22950, 22975, 23025]
2026-03-07 16:25:56,238 | INFO | Selecting frames for question 8Gl6iy7OEM4_0 on video 8Gl6iy7OEM4.mp4: frames=1598 tags=4
2026-03-07 16:26:22,573 | INFO | Selected 32 frames for question 8Gl6iy7OEM4_0: [335, 6113, 6161, 6185, 6473, 6689, 6713, 6737, 6761, 6785, 6929, 6953, 6977, 7000, 7024, 7336, 7360, 8151, 8175, 8223, 8703, 8799, 8823, 8847, 8919, 8991, 9038, 13978, 17190, 30833, 30857, 30881]
2026-03-07 16:26:22,574 | INFO | Selecting frames for question 8Gl6iy7OEM4_1 on video 8Gl6iy7OEM4.mp4: frames=1598 tags=4
2026-03-07 16:26:48,378 | INFO | Selected 32 frames for question 8Gl6iy7OEM4_1: [287, 335, 6281, 6473, 6521, 6689, 6713, 6737, 6761, 6785, 8175, 8199, 8223, 8655, 8679, 8703, 8751, 8775, 8799, 8823, 8847, 8919, 9038, 10837, 13546, 14289, 14313, 14361, 14385, 14553, 17550, 30737]
2026-03-07 16:26:48,378 | INFO | Selecting frames for question 8Gl6iy7OEM4_2 on video 8Gl6iy7OEM4.mp4: frames=1598 tags=4
2026-03-07 16:27:13,899 | INFO | Selected 32 frames for question 8Gl6iy7OEM4_2: [0, 23, 47, 95, 239, 263, 287, 311, 335, 527, 551, 623, 671, 695, 719, 743, 767, 791, 4915, 8943, 8967, 24623, 24695, 25918, 28003, 28723, 28843, 29082, 29322, 34789, 34909, 36539]
2026-03-07 16:27:13,900 | INFO | Selecting frames for question Bwnkg6GbXwU_0 on video Bwnkg6GbXwU.mp4: frames=1299 tags=4
2026-03-07 16:27:30,418 | INFO | Selected 32 frames for question Bwnkg6GbXwU_0: [2397, 2427, 2457, 2487, 2517, 2547, 2577, 2637, 3866, 3986, 12317, 20799, 22357, 22897, 24635, 25234, 25264, 25294, 25324, 25384, 25414, 25444, 25474, 25504, 25534, 25564, 25594, 25624, 25654, 25684, 25714, 25744]
2026-03-07 16:27:30,419 | INFO | Selecting frames for question Bwnkg6GbXwU_1 on video Bwnkg6GbXwU.mp4: frames=1299 tags=4
2026-03-07 16:27:47,213 | INFO | Selected 32 frames for question Bwnkg6GbXwU_1: [4345, 7042, 7072, 7102, 7162, 7192, 10399, 10429, 10459, 10489, 10519, 10549, 10579, 11088, 11388, 11448, 11478, 11538, 11598, 11808, 11838, 11868, 11898, 11928, 11958, 17952, 17982, 22897, 22957, 31558, 31588, 31618]
2026-03-07 16:27:47,214 | INFO | Selecting frames for question Bwnkg6GbXwU_2 on video Bwnkg6GbXwU.mp4: frames=1299 tags=4
2026-03-07 16:28:03,711 | INFO | Selected 32 frames for question Bwnkg6GbXwU_2: [1768, 3656, 3806, 7222, 7252, 7282, 11088, 11238, 11268, 11358, 14205, 17442, 17472, 17502, 24935, 25024, 29190, 33206, 33446, 33476, 33506, 33536, 37642, 38211, 38691, 38721, 38751, 38781, 38811, 38841, 38871, 38901]
2026-03-07 16:28:03,711 | INFO | Selecting frames for question -eRimFrm6kQ_0 on video -eRimFrm6kQ.mp4: frames=1540 tags=4
2026-03-07 16:28:26,397 | INFO | Selected 32 frames for question -eRimFrm6kQ_0: [719, 767, 791, 3332, 3428, 3476, 5130, 5154, 7048, 8055, 9998, 10021, 11052, 11076, 13858, 21386, 21410, 21434, 21458, 21986, 22033, 22057, 22081, 22105, 25030, 28459, 28771, 28795, 28819, 28843, 29130, 29994]
2026-03-07 16:28:26,398 | INFO | Selecting frames for question -eRimFrm6kQ_1 on video -eRimFrm6kQ.mp4: frames=1540 tags=4
2026-03-07 16:28:50,623 | INFO | Selected 32 frames for question -eRimFrm6kQ_1: [791, 9566, 9590, 9638, 9662, 16471, 21794, 21842, 28651, 28675, 31552, 32151, 32199, 32223, 32247, 32271, 32799, 32823, 32895, 33014, 33038, 33086, 33134, 33206, 33350, 35964, 36227, 36251, 36275, 36299, 36323, 36347]
2026-03-07 16:28:50,624 | INFO | Selecting frames for question -eRimFrm6kQ_2 on video -eRimFrm6kQ.mp4: frames=1540 tags=4
2026-03-07 16:29:15,711 | INFO | Selected 32 frames for question -eRimFrm6kQ_2: [1318, 1630, 9566, 9590, 9614, 9638, 9662, 10117, 11676, 11700, 11724, 11748, 11796, 11844, 12275, 12299, 12323, 12347, 22153, 22201, 22225, 22273, 22297, 22321, 22345, 22369, 22441, 28963, 36059, 36083, 36107, 36371]
2026-03-07 16:29:15,711 | INFO | Selecting frames for question acAWfzV__XI_0 on video acAWfzV__XI.mp4: frames=1078 tags=4
2026-03-07 16:29:29,495 | INFO | Selected 32 frames for question acAWfzV__XI_0: [300, 330, 450, 480, 510, 540, 570, 600, 630, 720, 750, 780, 810, 840, 870, 1020, 1110, 1170, 1290, 1350, 1410, 3930, 6360, 6390, 7320, 7350, 7590, 7710, 7830, 8130, 26550, 32130]
2026-03-07 16:29:29,497 | INFO | Selecting frames for question acAWfzV__XI_1 on video acAWfzV__XI.mp4: frames=1078 tags=4
2026-03-07 16:29:40,363 | INFO | Selected 32 frames for question acAWfzV__XI_1: [0, 90, 450, 480, 540, 2310, 6270, 6330, 6360, 6480, 6750, 6900, 6930, 6990, 7110, 7170, 7200, 7230, 7320, 7350, 8070, 8190, 9300, 9780, 9810, 14160, 15630, 19260, 22680, 27180, 32280, 32310]
2026-03-07 16:29:40,363 | INFO | Selecting frames for question acAWfzV__XI_2 on video acAWfzV__XI.mp4: frames=1078 tags=4
2026-03-07 16:29:51,909 | INFO | Selected 32 frames for question acAWfzV__XI_2: [90, 480, 570, 870, 1020, 2040, 2070, 6330, 7620, 15120, 19260, 19830, 27450, 27510, 27630, 27720, 27750, 28020, 28590, 28620, 28920, 29010, 29250, 29280, 31080, 31110, 31380, 31560, 31650, 31680, 31710, 31740]
2026-03-07 16:29:51,909 | INFO | Selecting frames for question RN2g9sRuJhA_0 on video RN2g9sRuJhA.mp4: frames=988 tags=4
2026-03-07 16:30:01,412 | INFO | Selected 32 frames for question RN2g9sRuJhA_0: [7642, 8211, 9200, 9290, 9440, 9470, 9530, 9560, 9590, 9620, 9650, 9740, 9800, 14205, 14235, 14265, 14325, 14355, 14445, 14565, 15044, 15074, 15674, 15704, 15734, 17142, 17262, 17292, 24095, 27872, 27902, 28981]
2026-03-07 16:30:01,413 | INFO | Selecting frames for question RN2g9sRuJhA_1 on video RN2g9sRuJhA.mp4: frames=988 tags=4
2026-03-07 16:30:11,429 | INFO | Selected 32 frames for question RN2g9sRuJhA_1: [3986, 4045, 9800, 14745, 15044, 15074, 15674, 15704, 15734, 24095, 27362, 27812, 27872, 27902, 28021, 28051, 28081, 28111, 28261, 28471, 28981, 29070, 29100, 29130, 29280, 29310, 29370, 29400, 29460, 29520, 29550, 29580]
2026-03-07 16:30:11,430 | INFO | Selecting frames for question RN2g9sRuJhA_2 on video RN2g9sRuJhA.mp4: frames=988 tags=4
2026-03-07 16:30:22,652 | INFO | Selected 32 frames for question RN2g9sRuJhA_2: [899, 3206, 3386, 3806, 3926, 3986, 4015, 4045, 4405, 4465, 8211, 9560, 9800, 14205, 14235, 14325, 14355, 14445, 14745, 15044, 15674, 15704, 15734, 16963, 20709, 20769, 20799, 22837, 23496, 25474, 27692, 27902]
2026-03-07 16:30:22,653 | INFO | Selecting frames for question FnKDgC9aNu0_0 on video FnKDgC9aNu0.mp4: frames=3468 tags=4
2026-03-07 16:32:24,792 | INFO | Selected 32 frames for question FnKDgC9aNu0_0: [50, 350, 375, 6050, 6400, 6525, 6900, 6975, 7000, 7025, 7050, 7075, 7100, 7125, 7600, 7800, 9575, 34275, 34375, 34450, 34575, 35925, 36400, 36700, 37025, 43525, 43650, 59125, 61750, 61875, 66550, 67350]
2026-03-07 16:32:24,794 | INFO | Selecting frames for question FnKDgC9aNu0_1 on video FnKDgC9aNu0.mp4: frames=3468 tags=4
2026-03-07 16:34:25,122 | INFO | Selected 32 frames for question FnKDgC9aNu0_1: [7075, 19175, 19200, 19225, 19250, 19275, 21150, 22375, 22400, 22425, 22450, 22475, 22675, 25950, 36300, 36400, 36475, 36700, 37025, 43525, 43550, 43575, 43600, 43650, 43675, 43700, 43725, 43775, 43800, 43825, 43900, 44025]
2026-03-07 16:34:25,124 | INFO | Selecting frames for question FnKDgC9aNu0_2 on video FnKDgC9aNu0.mp4: frames=3468 tags=4
2026-03-07 16:36:26,234 | INFO | Selected 32 frames for question FnKDgC9aNu0_2: [1075, 1100, 1125, 2725, 3150, 6150, 7075, 13825, 21150, 21950, 22625, 22675, 25825, 28675, 37025, 54425, 54450, 54525, 73200, 73250, 73300, 73450, 73550, 74100, 74125, 74550, 85275, 85550, 85575, 85650, 85700, 86175]
2026-03-07 16:36:26,235 | INFO | Selecting frames for question o2F-N42Ufo4_0 on video o2F-N42Ufo4.mp4: frames=1130 tags=4
2026-03-07 16:36:38,780 | INFO | Selected 32 frames for question o2F-N42Ufo4_0: [1080, 1740, 1860, 2850, 5160, 5220, 10110, 10620, 11880, 11910, 12150, 12360, 14190, 14520, 16080, 16110, 16140, 17820, 17940, 18330, 18930, 18960, 20400, 20670, 20700, 20730, 20790, 20820, 20850, 28350, 29700, 32310]
2026-03-07 16:36:38,780 | INFO | Selecting frames for question o2F-N42Ufo4_1 on video o2F-N42Ufo4.mp4: frames=1130 tags=4
2026-03-07 16:36:53,406 | INFO | Selected 32 frames for question o2F-N42Ufo4_1: [1500, 2850, 4470, 5160, 5280, 6090, 6420, 8220, 9480, 10110, 10620, 11880, 11910, 12150, 12360, 13560, 14190, 14520, 16080, 16560, 17100, 17250, 18330, 20400, 23220, 26760, 28350, 29700, 31410, 31740, 31770, 32310]
2026-03-07 16:36:53,407 | INFO | Selecting frames for question o2F-N42Ufo4_2 on video o2F-N42Ufo4.mp4: frames=1130 tags=4
2026-03-07 16:37:05,912 | INFO | Selected 32 frames for question o2F-N42Ufo4_2: [690, 1740, 2160, 2280, 2610, 2850, 5160, 6120, 6420, 16380, 16410, 17250, 17490, 17520, 19650, 19680, 20640, 20670, 20700, 20730, 20820, 20850, 23220, 25500, 30360, 30450, 30480, 30510, 30540, 31620, 31680, 32310]
2026-03-07 16:37:05,913 | INFO | Selecting frames for question XVXczyheik0_0 on video XVXczyheik0.mp4: frames=967 tags=4
2026-03-07 16:37:14,864 | INFO | Selected 32 frames for question XVXczyheik0_0: [0, 120, 150, 180, 210, 9300, 9360, 9390, 9420, 9510, 16290, 16320, 16410, 17100, 17130, 17160, 17190, 17220, 17250, 25350, 25380, 25410, 25440, 25560, 25770, 25800, 25830, 26820, 26850, 26880, 27000, 28710]
2026-03-07 16:37:14,865 | INFO | Selecting frames for question XVXczyheik0_1 on video XVXczyheik0.mp4: frames=967 tags=4
2026-03-07 16:37:24,140 | INFO | Selected 32 frames for question XVXczyheik0_1: [6120, 6150, 6180, 6210, 6240, 6270, 6300, 6330, 6360, 6450, 6480, 6600, 6630, 6660, 6690, 6720, 6750, 6780, 6810, 6840, 6870, 6900, 6930, 6960, 6990, 7020, 7050, 7080, 25170, 25200, 25290, 25560]
2026-03-07 16:37:24,141 | INFO | Selecting frames for question XVXczyheik0_2 on video XVXczyheik0.mp4: frames=967 tags=4
2026-03-07 16:37:33,381 | INFO | Selected 32 frames for question XVXczyheik0_2: [0, 60, 120, 150, 180, 210, 240, 7800, 9360, 9390, 9420, 9450, 16170, 16290, 16320, 16410, 16830, 16860, 17100, 17130, 17160, 17190, 17220, 17250, 25590, 25770, 25800, 25830, 26580, 26850, 26880, 28380]
2026-03-07 16:37:33,382 | INFO | Selecting frames for question LfUsGv-ESbc_0 on video LfUsGv-ESbc.mp4: frames=2009 tags=4
2026-03-07 16:38:15,148 | INFO | Selected 32 frames for question LfUsGv-ESbc_0: [2670, 2850, 5370, 5400, 7410, 12420, 12450, 24180, 28320, 31500, 36450, 36810, 36840, 36870, 37050, 37080, 37110, 37140, 37440, 37470, 37500, 37530, 37560, 38430, 39150, 52530, 52560, 52590, 60150, 60180, 60210, 60240]
2026-03-07 16:38:15,149 | INFO | Selecting frames for question LfUsGv-ESbc_1 on video LfUsGv-ESbc.mp4: frames=2009 tags=4
2026-03-07 16:39:00,644 | INFO | Selected 32 frames for question LfUsGv-ESbc_1: [5370, 6240, 10050, 12420, 12690, 28890, 31500, 36450, 36780, 36810, 36840, 36870, 36900, 36930, 37440, 37470, 37500, 37530, 37560, 37620, 39120, 39150, 40500, 48210, 55140, 55200, 55230, 55260, 60150, 60180, 60210, 60240]
2026-03-07 16:39:00,645 | INFO | Selecting frames for question LfUsGv-ESbc_2 on video LfUsGv-ESbc.mp4: frames=2009 tags=4
2026-03-07 16:39:40,766 | INFO | Selected 32 frames for question LfUsGv-ESbc_2: [2790, 2820, 2850, 5370, 28320, 32400, 32430, 32460, 32490, 32520, 36450, 36480, 39780, 39810, 39840, 39870, 39900, 39930, 39960, 39990, 40020, 51360, 51480, 51570, 51600, 51630, 54000, 54120, 59640, 60150, 60180, 60210]
2026-03-07 16:39:40,766 | INFO | Selecting frames for question L-XGTMusZvc_0 on video L-XGTMusZvc.mp4: frames=916 tags=4
2026-03-07 16:39:49,239 | INFO | Selected 32 frames for question L-XGTMusZvc_0: [2280, 2400, 2430, 2490, 6030, 6210, 6600, 6630, 6660, 13710, 16620, 21720, 21750, 21780, 21810, 21840, 21870, 21900, 21930, 21960, 21990, 22020, 22050, 22080, 22110, 22140, 22170, 22200, 22470, 22830, 22860, 26130]
2026-03-07 16:39:49,240 | INFO | Selecting frames for question L-XGTMusZvc_1 on video L-XGTMusZvc.mp4: frames=916 tags=4
2026-03-07 16:39:57,321 | INFO | Selected 32 frames for question L-XGTMusZvc_1: [2280, 2490, 4350, 6600, 8400, 8430, 8460, 8490, 8520, 9960, 17730, 20310, 20400, 20430, 20460, 20490, 20520, 20550, 20640, 20670, 20700, 20730, 20760, 20910, 20940, 20970, 21000, 21030, 22590, 22650, 22680, 22770]
2026-03-07 16:39:57,321 | INFO | Selecting frames for question L-XGTMusZvc_2 on video L-XGTMusZvc.mp4: frames=916 tags=4
2026-03-07 16:40:05,788 | INFO | Selected 32 frames for question L-XGTMusZvc_2: [2430, 2490, 3480, 6600, 7170, 7200, 7230, 7290, 7320, 7350, 7380, 7410, 7440, 7470, 7500, 8400, 8430, 8460, 8490, 8520, 13860, 16320, 16560, 17490, 17520, 17640, 17670, 17700, 17730, 17760, 17790, 20430]
2026-03-07 16:40:05,789 | INFO | Selecting frames for question 8MkL3W6wU3g_0 on video 8MkL3W6wU3g.mp4: frames=1735 tags=4
2026-03-07 16:40:37,352 | INFO | Selected 32 frames for question 8MkL3W6wU3g_0: [1588, 1618, 2967, 4915, 4945, 4975, 6773, 7612, 7642, 7702, 9500, 12287, 12317, 12467, 12617, 14625, 17292, 17322, 17352, 17382, 17412, 17442, 26073, 26673, 26793, 26823, 27452, 27482, 27512, 27572, 33626, 36083]
2026-03-07 16:40:37,353 | INFO | Selecting frames for question 8MkL3W6wU3g_1 on video 8MkL3W6wU3g.mp4: frames=1735 tags=4
2026-03-07 16:41:07,081 | INFO | Selected 32 frames for question 8MkL3W6wU3g_1: [2757, 3266, 7522, 13426, 13456, 16363, 16423, 21338, 21368, 21398, 21818, 27512, 28831, 29970, 30059, 30089, 30119, 30239, 30299, 30329, 30359, 31018, 34855, 38331, 38361, 39350, 41448, 41478, 41508, 42677, 46393, 50139]
2026-03-07 16:41:07,082 | INFO | Selecting frames for question 8MkL3W6wU3g_2 on video 8MkL3W6wU3g.mp4: frames=1735 tags=4
2026-03-07 16:41:38,332 | INFO | Selected 32 frames for question 8MkL3W6wU3g_2: [5634, 9110, 9230, 44415, 44445, 44475, 44505, 44535, 45944, 45974, 46003, 46033, 46063, 46093, 46213, 46843, 46873, 46903, 48221, 48341, 48371, 48401, 48461, 48491, 48521, 48551, 48581, 48641, 49960, 49990, 50019, 50049]
2026-03-07 16:41:38,334 | INFO | Selecting frames for question 2ekjGl8yWZk_0 on video 2ekjGl8yWZk.mp4: frames=1390 tags=4
2026-03-07 16:42:00,685 | INFO | Selected 32 frames for question 2ekjGl8yWZk_0: [0, 29, 59, 89, 119, 149, 179, 269, 299, 329, 359, 389, 419, 22957, 39200, 40909, 40939, 40969, 40999, 41028, 41058, 41088, 41118, 41298, 41328, 41358, 41388, 41418, 41478, 41508, 41538, 41568]
2026-03-07 16:42:00,686 | INFO | Selecting frames for question 2ekjGl8yWZk_1 on video 2ekjGl8yWZk.mp4: frames=1390 tags=4
2026-03-07 16:42:20,687 | INFO | Selected 32 frames for question 2ekjGl8yWZk_1: [1168, 9080, 21338, 21368, 21398, 22027, 22057, 22087, 22117, 22147, 22177, 22207, 22237, 27002, 27032, 27092, 27122, 27152, 27182, 27212, 27242, 27272, 27722, 27752, 28831, 34945, 34975, 35004, 35034, 35064, 35904, 38871]
2026-03-07 16:42:20,688 | INFO | Selecting frames for question 2ekjGl8yWZk_2 on video 2ekjGl8yWZk.mp4: frames=1390 tags=4
2026-03-07 16:42:39,796 | INFO | Selected 32 frames for question 2ekjGl8yWZk_2: [1018, 13036, 17142, 17172, 17322, 17352, 21158, 21188, 21218, 21248, 21338, 21368, 21398, 22117, 26373, 27002, 27032, 27092, 27122, 27152, 27182, 27212, 27242, 27272, 28831, 34945, 34975, 35004, 35034, 35064, 36143, 40789]
2026-03-07 16:42:39,797 | INFO | Selecting frames for question _BDzMutoy6A_0 on video _BDzMutoy6A.mp4: frames=937 tags=4
2026-03-07 16:42:48,350 | INFO | Selected 32 frames for question _BDzMutoy6A_0: [1582, 1822, 2349, 3116, 3188, 3380, 4987, 5010, 5034, 5106, 6353, 6761, 6785, 6857, 6881, 6905, 7576, 7600, 7624, 7648, 7912, 7936, 8439, 9254, 9278, 10693, 12203, 12251, 15656, 20643, 20739, 20955]
2026-03-07 16:42:48,350 | INFO | Selecting frames for question _BDzMutoy6A_1 on video _BDzMutoy6A.mp4: frames=937 tags=4
2026-03-07 16:42:56,986 | INFO | Selected 32 frames for question _BDzMutoy6A_1: [263, 287, 311, 911, 935, 959, 1006, 1030, 1054, 4603, 4627, 4675, 4723, 4939, 7336, 7384, 8079, 8439, 8631, 8679, 8727, 8751, 10957, 10981, 11028, 12707, 13882, 13930, 14409, 14433, 20019, 20163]
2026-03-07 16:42:56,986 | INFO | Selecting frames for question _BDzMutoy6A_2 on video _BDzMutoy6A.mp4: frames=937 tags=4
2026-03-07 16:43:05,956 | INFO | Selected 32 frames for question _BDzMutoy6A_2: [6425, 12155, 12179, 12203, 12227, 12251, 12419, 12491, 12515, 15224, 15800, 15824, 20283, 20331, 20451, 20499, 20523, 20643, 20883, 20907, 20931, 20955, 21122, 21146, 21170, 21194, 21314, 21338, 21434, 21458, 21482, 21506]
2026-03-07 16:43:05,956 | INFO | Selecting frames for question crmV4OduHYA_0 on video crmV4OduHYA.mp4: frames=1233 tags=4
2026-03-07 16:43:20,876 | INFO | Selected 32 frames for question crmV4OduHYA_0: [0, 23, 47, 71, 95, 119, 239, 263, 287, 311, 335, 359, 383, 407, 431, 455, 479, 503, 14385, 27452, 29058, 29082, 29106, 29130, 29226, 29298, 29322, 29346, 29370, 29394, 29418, 29442]
2026-03-07 16:43:20,877 | INFO | Selecting frames for question crmV4OduHYA_1 on video crmV4OduHYA.mp4: frames=1233 tags=4
2026-03-07 16:43:36,691 | INFO | Selected 32 frames for question crmV4OduHYA_1: [0, 23, 47, 71, 95, 119, 143, 167, 191, 215, 239, 263, 287, 311, 383, 407, 431, 479, 503, 13114, 16327, 21770, 25222, 28555, 29058, 29082, 29106, 29130, 29346, 29370, 29394, 29418]
2026-03-07 16:43:36,691 | INFO | Selecting frames for question crmV4OduHYA_2 on video crmV4OduHYA.mp4: frames=1233 tags=4
2026-03-07 16:43:52,459 | INFO | Selected 32 frames for question crmV4OduHYA_2: [14769, 26541, 26565, 26589, 26613, 26637, 26685, 26709, 26733, 26949, 26973, 26997, 27188, 27212, 27236, 27260, 27284, 27308, 27332, 27356, 27380, 27404, 27428, 27452, 29154, 29178, 29202, 29226, 29250, 29274, 29298, 29322]
2026-03-07 16:43:52,459 | INFO | Selecting frames for question i327DBSS_iE_0 on video i327DBSS_iE.mp4: frames=905 tags=4
2026-03-07 16:44:00,163 | INFO | Selected 32 frames for question i327DBSS_iE_0: [1500, 11070, 11100, 11280, 15960, 15990, 16020, 16050, 16080, 16110, 16140, 16170, 16200, 16230, 16260, 16800, 16830, 16890, 16920, 16950, 16980, 17850, 20280, 20340, 20370, 20430, 25290, 26160, 26220, 26250, 26280, 26700]
2026-03-07 16:44:00,164 | INFO | Selecting frames for question i327DBSS_iE_1 on video i327DBSS_iE.mp4: frames=905 tags=4
2026-03-07 16:44:08,231 | INFO | Selected 32 frames for question i327DBSS_iE_1: [19320, 19350, 19470, 19500, 19530, 19560, 19590, 19620, 19650, 19680, 19710, 19740, 19770, 19800, 19830, 19860, 19890, 19920, 19950, 19980, 20010, 20220, 20250, 20280, 20310, 20340, 20370, 20400, 20430, 20460, 21990, 22050]
2026-03-07 16:44:08,232 | INFO | Selecting frames for question i327DBSS_iE_2 on video i327DBSS_iE.mp4: frames=905 tags=4
2026-03-07 16:44:16,354 | INFO | Selected 32 frames for question i327DBSS_iE_2: [2250, 22830, 22860, 22890, 22920, 22950, 22980, 23010, 23040, 23340, 23910, 23940, 23970, 24000, 24030, 24060, 24090, 24210, 24240, 24270, 24300, 24360, 24750, 24780, 24810, 24870, 24960, 25080, 25110, 25140, 25170, 25680]
2026-03-07 16:44:16,355 | INFO | Selecting frames for question d-GKQeu4S6M_0 on video d-GKQeu4S6M.mp4: frames=1257 tags=4
2026-03-07 16:44:32,586 | INFO | Selected 32 frames for question d-GKQeu4S6M_0: [2097, 15194, 27302, 27332, 27392, 27422, 27452, 27482, 27542, 27572, 27602, 27632, 27662, 27692, 27722, 27752, 27782, 27812, 27842, 27872, 27902, 27932, 27962, 27992, 28171, 28201, 28231, 28261, 28291, 30569, 34705, 34735]
2026-03-07 16:44:32,587 | INFO | Selecting frames for question d-GKQeu4S6M_1 on video d-GKQeu4S6M.mp4: frames=1257 tags=4
2026-03-07 16:44:49,741 | INFO | Selected 32 frames for question d-GKQeu4S6M_1: [0, 29, 59, 89, 119, 149, 179, 2877, 4195, 4225, 4255, 4285, 4315, 4705, 13606, 20469, 24545, 27302, 34705, 34735, 37042, 37072, 37102, 37132, 37162, 37192, 37222, 37252, 37282, 37312, 37342, 37372]
2026-03-07 16:44:49,742 | INFO | Selecting frames for question d-GKQeu4S6M_2 on video d-GKQeu4S6M.mp4: frames=1257 tags=4
2026-03-07 16:45:07,724 | INFO | Selected 32 frames for question d-GKQeu4S6M_2: [509, 2727, 2757, 2787, 2817, 2847, 2877, 2907, 4165, 4195, 4225, 4255, 4285, 4315, 4375, 4405, 4645, 4675, 4705, 4765, 4825, 13966, 20469, 27302, 34705, 34735, 37042, 37072, 37102, 37132, 37342, 37372]
2026-03-07 16:45:07,725 | INFO | Selecting frames for question P9hDA0u6FO0_0 on video P9hDA0u6FO0.mp4: frames=1995 tags=4
2026-03-07 16:45:50,516 | INFO | Selected 32 frames for question P9hDA0u6FO0_0: [4150, 4250, 4400, 7050, 8450, 8475, 9050, 9125, 10050, 17675, 18275, 18300, 24100, 24125, 27100, 31175, 31225, 36050, 36075, 38575, 38600, 40400, 42150, 42775, 43000, 44850, 49200, 49225, 49250, 49275, 49300, 49325]
2026-03-07 16:45:50,517 | INFO | Selecting frames for question P9hDA0u6FO0_1 on video P9hDA0u6FO0.mp4: frames=1995 tags=4
2026-03-07 16:46:31,832 | INFO | Selected 32 frames for question P9hDA0u6FO0_1: [4250, 7050, 8450, 8475, 8550, 9050, 10050, 13500, 17675, 18275, 18300, 24100, 24125, 27100, 31175, 31225, 36050, 36075, 36100, 38575, 38600, 38775, 40400, 42775, 44850, 49200, 49225, 49250, 49275, 49300, 49325, 49500]
2026-03-07 16:46:31,833 | INFO | Selecting frames for question P9hDA0u6FO0_2 on video P9hDA0u6FO0.mp4: frames=1995 tags=4
2026-03-07 16:47:12,125 | INFO | Selected 32 frames for question P9hDA0u6FO0_2: [100, 4150, 4175, 4225, 4250, 4400, 7050, 8275, 8300, 8350, 8375, 8400, 9025, 9050, 9125, 9200, 9225, 9250, 13500, 17675, 21975, 24100, 24125, 27125, 31225, 33675, 42100, 42775, 42975, 43000, 44850, 46375]
2026-03-07 16:47:12,125 | INFO | Selecting frames for question wvfctNd-Aio_0 on video wvfctNd-Aio.mp4: frames=1097 tags=4
2026-03-07 16:47:25,878 | INFO | Selected 32 frames for question wvfctNd-Aio_0: [0, 25, 475, 500, 525, 550, 575, 600, 625, 2325, 2925, 5750, 12075, 12100, 12200, 12650, 13325, 18925, 18950, 18975, 19000, 19025, 19425, 19450, 19475, 19500, 19525, 22900, 24150, 25775, 26425, 27125]
2026-03-07 16:47:25,878 | INFO | Selecting frames for question wvfctNd-Aio_1 on video wvfctNd-Aio.mp4: frames=1097 tags=4
2026-03-07 16:47:37,832 | INFO | Selected 32 frames for question wvfctNd-Aio_1: [475, 4650, 5300, 9875, 10275, 11450, 11475, 11600, 11650, 11675, 11700, 12025, 12050, 12100, 12525, 12550, 12575, 12600, 12625, 12650, 13325, 17175, 18100, 18650, 19300, 20725, 21550, 21600, 22875, 22900, 23425, 25475]
2026-03-07 16:47:37,833 | INFO | Selecting frames for question wvfctNd-Aio_2 on video wvfctNd-Aio.mp4: frames=1097 tags=4
2026-03-07 16:47:49,797 | INFO | Selected 32 frames for question wvfctNd-Aio_2: [325, 350, 375, 425, 4225, 5300, 8300, 8825, 10675, 14350, 15000, 15125, 15225, 15775, 16325, 16575, 16650, 16675, 17175, 17825, 18150, 18400, 18475, 19300, 19900, 22300, 22325, 22900, 25750, 25800, 25825, 26550]
2026-03-07 16:47:49,797 | INFO | Selecting frames for question UwJTCg5fpXg_0 on video UwJTCg5fpXg.mp4: frames=1357 tags=4
2026-03-07 16:48:07,579 | INFO | Selected 32 frames for question UwJTCg5fpXg_0: [400, 650, 900, 1025, 1550, 1675, 2050, 2575, 2700, 3075, 3600, 3850, 4100, 4225, 4750, 4875, 5250, 5775, 5900, 6275, 6800, 7300, 7425, 8450, 9475, 10500, 10625, 11650, 12675, 13700, 13825, 14850]
2026-03-07 16:48:07,579 | INFO | Selecting frames for question UwJTCg5fpXg_1 on video UwJTCg5fpXg.mp4: frames=1357 tags=4
2026-03-07 16:48:27,846 | INFO | Selected 32 frames for question UwJTCg5fpXg_1: [0, 400, 650, 1550, 1675, 2575, 2700, 3200, 3600, 3850, 4750, 4875, 5775, 5900, 6400, 6800, 7050, 7950, 8075, 8975, 9100, 9600, 10000, 10250, 11150, 12800, 16000, 19200, 22400, 25600, 28800, 32000]
2026-03-07 16:48:27,847 | INFO | Selecting frames for question UwJTCg5fpXg_2 on video UwJTCg5fpXg.mp4: frames=1357 tags=4
2026-03-07 16:48:46,880 | INFO | Selected 32 frames for question UwJTCg5fpXg_2: [400, 650, 1550, 1675, 2575, 2700, 3600, 3850, 4750, 4875, 5775, 5900, 6800, 7050, 7950, 8075, 8975, 9100, 10000, 10250, 11150, 11275, 12175, 12300, 13200, 13450, 14350, 14475, 15375, 15500, 16400, 16650]
2026-03-07 16:48:46,882 | INFO | Selecting frames for question -PnG8Jp2gFw_0 on video -PnG8Jp2gFw.mp4: frames=1526 tags=4
2026-03-07 16:49:11,353 | INFO | Selected 32 frames for question -PnG8Jp2gFw_0: [13126, 18461, 22207, 23736, 23796, 23826, 23946, 24095, 24125, 24425, 24455, 24485, 24665, 24695, 24725, 24785, 27512, 27572, 27662, 27812, 27842, 27932, 27962, 30779, 31618, 35424, 35754, 35964, 35994, 36023, 36053, 36083]
2026-03-07 16:49:11,354 | INFO | Selecting frames for question -PnG8Jp2gFw_1 on video -PnG8Jp2gFw.mp4: frames=1526 tags=4
2026-03-07 16:49:35,931 | INFO | Selected 32 frames for question -PnG8Jp2gFw_1: [2217, 8931, 17952, 18611, 19630, 24095, 24485, 24635, 24695, 24785, 25264, 25834, 27092, 27572, 27812, 28591, 28831, 30149, 30929, 32697, 34975, 35004, 35214, 40189, 41478, 41718, 42017, 42047, 42077, 42467, 43816, 44805]
2026-03-07 16:49:35,931 | INFO | Selecting frames for question -PnG8Jp2gFw_2 on video -PnG8Jp2gFw.mp4: frames=1526 tags=4
2026-03-07 16:50:00,470 | INFO | Selected 32 frames for question -PnG8Jp2gFw_2: [8571, 8601, 8631, 24095, 24575, 24605, 24635, 24785, 27092, 27572, 28501, 28591, 28831, 30149, 32697, 33026, 34375, 34405, 35004, 35214, 35274, 35304, 39110, 39560, 41718, 41808, 41838, 41988, 42017, 42077, 42107, 42407]
2026-03-07 16:50:00,470 | INFO | Selecting frames for question jvkmcX47bKU_0 on video jvkmcX47bKU.mp4: frames=1417 tags=4
2026-03-07 16:50:22,715 | INFO | Selected 32 frames for question jvkmcX47bKU_0: [270, 540, 570, 1410, 2160, 2250, 2340, 2850, 5250, 5460, 5850, 6240, 6330, 7110, 7680, 7980, 8040, 8130, 8340, 8430, 8460, 8490, 8520, 8730, 9150, 9240, 10590, 10620, 11130, 11610, 19200, 22830]
2026-03-07 16:50:22,716 | INFO | Selecting frames for question jvkmcX47bKU_1 on video jvkmcX47bKU.mp4: frames=1417 tags=4
2026-03-07 16:50:43,808 | INFO | Selected 32 frames for question jvkmcX47bKU_1: [720, 780, 1410, 1650, 2160, 2340, 2580, 2610, 2640, 2850, 2880, 5400, 5430, 7680, 7950, 8430, 8490, 8730, 9150, 11130, 12630, 15510, 18900, 19200, 20640, 28980, 29040, 31410, 35520, 35610, 37110, 39960]
2026-03-07 16:50:43,810 | INFO | Selecting frames for question jvkmcX47bKU_2 on video jvkmcX47bKU.mp4: frames=1417 tags=4
2026-03-07 16:51:05,262 | INFO | Selected 32 frames for question jvkmcX47bKU_2: [15240, 15420, 16170, 16230, 18090, 18450, 18990, 19200, 19620, 19890, 20640, 21150, 21390, 21420, 21600, 21960, 22110, 24900, 31260, 31410, 34320, 34350, 34830, 35610, 35700, 36120, 37050, 37140, 37920, 37980, 38550, 38580]
2026-03-07 16:51:05,263 | INFO | Selecting frames for question 1pxrIj9Xyps_0 on video 1pxrIj9Xyps.mp4: frames=1667 tags=4
2026-03-07 16:51:35,281 | INFO | Selected 32 frames for question 1pxrIj9Xyps_0: [119, 2013, 2733, 2757, 4747, 7528, 7552, 8271, 8319, 11916, 11940, 12443, 12467, 12491, 12515, 12779, 12803, 12947, 12971, 14049, 18413, 18437, 18557, 18749, 23880, 24191, 24215, 26349, 26421, 26493, 39464, 39488]
2026-03-07 16:51:35,282 | INFO | Selecting frames for question 1pxrIj9Xyps_1 on video 1pxrIj9Xyps.mp4: frames=1667 tags=4
2026-03-07 16:52:04,054 | INFO | Selected 32 frames for question 1pxrIj9Xyps_1: [8031, 8055, 9254, 9422, 9446, 16903, 16927, 18677, 18749, 20667, 20715, 20739, 20763, 20835, 22249, 22273, 22657, 25150, 25678, 25750, 25774, 25822, 25846, 25870, 25918, 25966, 25990, 26181, 26325, 38505, 38817, 39488]
2026-03-07 16:52:04,056 | INFO | Selecting frames for question 1pxrIj9Xyps_2 on video 1pxrIj9Xyps.mp4: frames=1667 tags=4
2026-03-07 16:52:34,889 | INFO | Selected 32 frames for question 1pxrIj9Xyps_2: [3644, 11460, 11508, 11700, 11748, 11796, 20883, 20931, 20955, 20979, 21002, 21026, 21050, 21074, 21098, 21122, 21146, 21170, 21194, 21218, 21818, 21842, 21866, 21890, 21914, 21938, 21962, 21986, 22009, 22057, 30953, 31144]
2026-03-07 16:52:34,892 | INFO | Selecting frames for question E7FSg22MdKE_0 on video E7FSg22MdKE.mp4: frames=905 tags=4
2026-03-07 16:52:44,314 | INFO | Selected 32 frames for question E7FSg22MdKE_0: [4620, 4680, 4740, 5130, 5820, 6630, 6690, 6780, 6810, 7590, 8910, 8940, 8970, 9660, 9690, 9750, 14490, 14520, 14550, 14730, 14760, 14790, 14820, 14850, 17880, 17970, 18000, 18030, 24060, 24360, 24450, 24480]
2026-03-07 16:52:44,315 | INFO | Selecting frames for question E7FSg22MdKE_1 on video E7FSg22MdKE.mp4: frames=905 tags=4
2026-03-07 16:52:53,588 | INFO | Selected 32 frames for question E7FSg22MdKE_1: [960, 5340, 5370, 6360, 6390, 6420, 6450, 7860, 7890, 7920, 12720, 14760, 17340, 17880, 17910, 17940, 17970, 18000, 18030, 18060, 18090, 18120, 18750, 18780, 18810, 18840, 18870, 18900, 18930, 18960, 18990, 19140]
2026-03-07 16:52:53,589 | INFO | Selecting frames for question E7FSg22MdKE_2 on video E7FSg22MdKE.mp4: frames=905 tags=4
2026-03-07 16:53:01,321 | INFO | Selected 32 frames for question E7FSg22MdKE_2: [480, 11550, 11580, 11640, 11670, 11700, 11730, 11760, 15870, 19020, 19050, 19080, 19110, 19140, 19170, 19200, 19230, 21630, 21660, 21690, 21720, 21750, 21780, 21810, 21840, 21870, 21900, 22290, 22320, 22410, 22470, 23160]
2026-03-07 16:53:01,322 | INFO | Selecting frames for question er1oRjH2iu8_0 on video er1oRjH2iu8.mp4: frames=1255 tags=4
2026-03-07 16:53:17,559 | INFO | Selected 32 frames for question er1oRjH2iu8_0: [6180, 6210, 6240, 6300, 7380, 7830, 9390, 9420, 13740, 13770, 13800, 13830, 13920, 13950, 13980, 14010, 14040, 14070, 21840, 21900, 22170, 22200, 22230, 23160, 23340, 27600, 30270, 30300, 30660, 30690, 30720, 30840]
2026-03-07 16:53:17,559 | INFO | Selecting frames for question er1oRjH2iu8_1 on video er1oRjH2iu8.mp4: frames=1255 tags=4
2026-03-07 16:53:34,048 | INFO | Selected 32 frames for question er1oRjH2iu8_1: [4230, 5340, 5370, 5400, 5430, 5460, 5640, 5730, 5790, 5820, 5850, 5880, 5910, 5940, 5970, 6000, 6030, 6060, 6090, 6120, 6150, 6180, 6240, 6300, 6870, 6900, 8040, 11460, 19980, 30660, 32910, 36840]
2026-03-07 16:53:34,049 | INFO | Selecting frames for question er1oRjH2iu8_2 on video er1oRjH2iu8.mp4: frames=1255 tags=4
2026-03-07 16:53:50,229 | INFO | Selected 32 frames for question er1oRjH2iu8_2: [3360, 3450, 8130, 8700, 9750, 14100, 17490, 23160, 23190, 23280, 23340, 23370, 23400, 23430, 23460, 23490, 23520, 23550, 23580, 23610, 23640, 24150, 26910, 27600, 29070, 29400, 30660, 30690, 30720, 33900, 33930, 34740]
2026-03-07 16:53:50,230 | INFO | Selecting frames for question XYsCVqz3iug_0 on video XYsCVqz3iug.mp4: frames=1489 tags=4
2026-03-07 16:54:12,389 | INFO | Selected 32 frames for question XYsCVqz3iug_0: [5514, 5724, 6503, 6533, 7492, 13726, 13996, 14265, 14295, 17142, 17892, 20409, 20589, 26763, 26793, 26853, 27152, 27242, 27332, 27812, 28111, 28651, 29010, 29040, 29280, 29400, 29430, 30629, 30659, 30719, 39620, 40309]
2026-03-07 16:54:12,390 | INFO | Selecting frames for question XYsCVqz3iug_1 on video XYsCVqz3iug.mp4: frames=1489 tags=4
2026-03-07 16:54:35,083 | INFO | Selected 32 frames for question XYsCVqz3iug_1: [2487, 2697, 5004, 5514, 5544, 5574, 5724, 6473, 6503, 6533, 7492, 11898, 21878, 24605, 24755, 24785, 24815, 25144, 25444, 25474, 25504, 26823, 26853, 26883, 26913, 27002, 27152, 27812, 27992, 28651, 29010, 29040]
2026-03-07 16:54:35,083 | INFO | Selecting frames for question XYsCVqz3iug_2 on video XYsCVqz3iug.mp4: frames=1489 tags=4
2026-03-07 16:54:59,218 | INFO | Selected 32 frames for question XYsCVqz3iug_2: [449, 779, 2487, 2547, 2697, 2877, 2937, 3386, 3416, 3506, 5004, 5394, 5514, 5544, 5724, 6503, 6533, 6623, 6743, 7102, 7492, 16963, 24755, 24785, 25444, 26823, 26853, 27002, 27812, 28651, 29040, 30629]
2026-03-07 16:54:59,219 | INFO | Selecting frames for question 60oHeCZHtvI_0 on video 60oHeCZHtvI.mp4: frames=965 tags=4
2026-03-07 16:55:08,820 | INFO | Selected 32 frames for question 60oHeCZHtvI_0: [4440, 13830, 13860, 13890, 13920, 13950, 13980, 14010, 14100, 14130, 14160, 14190, 14220, 14250, 14280, 14310, 14340, 14400, 14430, 14460, 14490, 14520, 14550, 14580, 14610, 14640, 14670, 14700, 14730, 16470, 16500, 19650]
2026-03-07 16:55:08,820 | INFO | Selecting frames for question 60oHeCZHtvI_1 on video 60oHeCZHtvI.mp4: frames=965 tags=4
2026-03-07 16:55:19,138 | INFO | Selected 32 frames for question 60oHeCZHtvI_1: [4440, 4620, 14190, 14250, 14550, 15330, 15360, 15390, 15420, 15450, 15480, 15510, 15540, 15600, 15960, 15990, 16020, 16050, 16080, 16110, 16140, 16170, 16200, 16230, 16260, 16290, 16320, 16350, 16380, 16410, 16440, 20520]
2026-03-07 16:55:19,139 | INFO | Selecting frames for question 60oHeCZHtvI_2 on video 60oHeCZHtvI.mp4: frames=965 tags=4
2026-03-07 16:55:27,692 | INFO | Selected 32 frames for question 60oHeCZHtvI_2: [4440, 5220, 19710, 19740, 19770, 19800, 19830, 20430, 20460, 20490, 20790, 28320, 28350, 28380, 28410, 28440, 28470, 28500, 28530, 28560, 28590, 28620, 28650, 28680, 28710, 28740, 28770, 28800, 28830, 28860, 28890, 28920]
2026-03-07 16:55:27,693 | INFO | Selecting frames for question s49y2RP5C7E_0 on video s49y2RP5C7E.mp4: frames=1086 tags=4
2026-03-07 16:55:39,430 | INFO | Selected 32 frames for question s49y2RP5C7E_0: [408, 1272, 2736, 3720, 3744, 4560, 5448, 5472, 5496, 5544, 5640, 6192, 7728, 7752, 7776, 7800, 8544, 8568, 8592, 8616, 9768, 9888, 10992, 12792, 12912, 13776, 13800, 23016, 23736, 24072, 24120, 25728]
2026-03-07 16:55:39,431 | INFO | Selecting frames for question s49y2RP5C7E_1 on video s49y2RP5C7E.mp4: frames=1086 tags=4
2026-03-07 16:55:51,710 | INFO | Selected 32 frames for question s49y2RP5C7E_1: [408, 1272, 2736, 3720, 3744, 4560, 5448, 5472, 5496, 5544, 5640, 6192, 7728, 7752, 7776, 7800, 8544, 8568, 8592, 8616, 9768, 9888, 10992, 12792, 12912, 13776, 13800, 23016, 23736, 24072, 24120, 25728]
2026-03-07 16:55:51,711 | INFO | Selecting frames for question s49y2RP5C7E_2 on video s49y2RP5C7E.mp4: frames=1086 tags=4
2026-03-07 16:56:04,066 | INFO | Selected 32 frames for question s49y2RP5C7E_2: [1272, 2736, 3720, 3744, 4560, 5400, 5448, 5472, 5520, 5544, 6192, 7728, 7752, 7776, 7800, 8544, 8568, 8592, 8616, 9744, 9768, 9792, 9840, 9888, 12792, 13728, 13800, 14640, 17832, 23016, 23736, 25728]
2026-03-07 16:56:04,067 | INFO | Selecting frames for question 61SYvhojGvg_0 on video 61SYvhojGvg.mp4: frames=1673 tags=4
2026-03-07 16:56:33,225 | INFO | Selected 32 frames for question 61SYvhojGvg_0: [1250, 1300, 1575, 1700, 1750, 2000, 6900, 7050, 7075, 7100, 8125, 9000, 9025, 10875, 10900, 10925, 10950, 14025, 17800, 17825, 17850, 17875, 17900, 17925, 17950, 24500, 24525, 24550, 24625, 24650, 24675, 24700]
2026-03-07 16:56:33,226 | INFO | Selecting frames for question 61SYvhojGvg_1 on video 61SYvhojGvg.mp4: frames=1673 tags=4
2026-03-07 16:56:59,784 | INFO | Selected 32 frames for question 61SYvhojGvg_1: [27850, 32800, 32825, 32850, 32875, 32950, 32975, 33000, 33025, 33925, 33950, 33975, 34000, 34025, 34075, 34100, 34125, 34150, 34175, 34200, 34225, 34250, 34275, 34300, 34325, 34350, 35025, 35075, 35125, 35175, 35200, 35225]
2026-03-07 16:56:59,785 | INFO | Selecting frames for question 61SYvhojGvg_2 on video 61SYvhojGvg.mp4: frames=1673 tags=4
2026-03-07 16:57:29,005 | INFO | Selected 32 frames for question 61SYvhojGvg_2: [18050, 18075, 18100, 18125, 18150, 18175, 18250, 18400, 18550, 18575, 18600, 18775, 18800, 18825, 25125, 26825, 26850, 26875, 26900, 28000, 29875, 29900, 29925, 29950, 32800, 34350, 34375, 34400, 34425, 35175, 35200, 35225]
2026-03-07 16:57:29,006 | INFO | Selecting frames for question u1D4ArcBjLI_0 on video u1D4ArcBjLI.mp4: frames=1652 tags=4
2026-03-07 16:57:57,724 | INFO | Selected 32 frames for question u1D4ArcBjLI_0: [0, 29, 179, 3536, 3596, 3746, 3926, 22657, 33536, 33626, 33776, 39020, 43216, 43966, 44025, 44205, 44235, 44265, 44295, 44325, 44355, 44385, 44415, 44445, 44475, 44505, 44535, 44565, 44595, 44625, 44655, 44685]
2026-03-07 16:57:57,725 | INFO | Selecting frames for question u1D4ArcBjLI_1 on video u1D4ArcBjLI.mp4: frames=1652 tags=4
2026-03-07 16:58:26,457 | INFO | Selected 32 frames for question u1D4ArcBjLI_1: [29, 26853, 27482, 27512, 33536, 33716, 33776, 33806, 33836, 36923, 36953, 36983, 37012, 37042, 37072, 37102, 37132, 37162, 37192, 37222, 37252, 37282, 37312, 37342, 37372, 38031, 39020, 39260, 39770, 44025, 44085, 44175]
2026-03-07 16:58:26,458 | INFO | Selecting frames for question u1D4ArcBjLI_2 on video u1D4ArcBjLI.mp4: frames=1652 tags=4
2026-03-07 16:58:55,042 | INFO | Selected 32 frames for question u1D4ArcBjLI_2: [29, 3536, 3596, 3626, 3656, 3686, 3716, 3746, 3776, 3806, 3866, 3896, 21878, 21908, 21998, 22057, 22237, 22297, 22507, 22627, 22657, 22807, 26853, 27002, 27122, 27302, 27482, 29730, 30959, 33956, 39020, 44235]
2026-03-07 16:58:55,043 | INFO | Selecting frames for question yFAuXmcGk2Y_0 on video yFAuXmcGk2Y.mp4: frames=3128 tags=4
2026-03-07 17:00:36,933 | INFO | Selected 32 frames for question yFAuXmcGk2Y_0: [15060, 15960, 19920, 21120, 21150, 21180, 26220, 27210, 29070, 29130, 29160, 29190, 29220, 29250, 29280, 29370, 29400, 29430, 29460, 29490, 30120, 30150, 30180, 30210, 30240, 33420, 33450, 33510, 33540, 33570, 33600, 33630]
2026-03-07 17:00:36,934 | INFO | Selecting frames for question yFAuXmcGk2Y_1 on video yFAuXmcGk2Y.mp4: frames=3128 tags=4
2026-03-07 17:02:18,826 | INFO | Selected 32 frames for question yFAuXmcGk2Y_1: [54270, 54300, 56910, 59460, 59550, 59580, 59610, 59640, 59670, 59700, 59730, 59760, 59790, 59820, 59850, 59880, 59910, 64590, 64620, 64980, 65010, 65040, 65070, 65100, 65130, 65160, 65190, 65220, 65250, 65280, 80820, 90330]
2026-03-07 17:02:18,827 | INFO | Selecting frames for question yFAuXmcGk2Y_2 on video yFAuXmcGk2Y.mp4: frames=3128 tags=4
2026-03-07 17:04:00,826 | INFO | Selected 32 frames for question yFAuXmcGk2Y_2: [12330, 12420, 23160, 36450, 40050, 54090, 76080, 76140, 76170, 76200, 76230, 76350, 76380, 76410, 76440, 83100, 83130, 83160, 83190, 83220, 83250, 83280, 83310, 83340, 83370, 83400, 83430, 83460, 83760, 86010, 86040, 87060]
2026-03-07 17:04:00,827 | INFO | Selecting frames for question kOZnpwI2hIM_0 on video kOZnpwI2hIM.mp4: frames=1000 tags=4
2026-03-07 17:04:10,924 | INFO | Selected 32 frames for question kOZnpwI2hIM_0: [1774, 1798, 1822, 1846, 11532, 11772, 11820, 12443, 12467, 12539, 13378, 13402, 13426, 13450, 13498, 13714, 13738, 13762, 13786, 13810, 13834, 13954, 14145, 14313, 14337, 14361, 14385, 21746, 21770, 21794, 21842, 21866]
2026-03-07 17:04:10,925 | INFO | Selecting frames for question kOZnpwI2hIM_1 on video kOZnpwI2hIM.mp4: frames=1000 tags=4
2026-03-07 17:04:20,797 | INFO | Selected 32 frames for question kOZnpwI2hIM_1: [5010, 5034, 5058, 5082, 5106, 5130, 5154, 5202, 5370, 5466, 5514, 5922, 9494, 9566, 10453, 10501, 10549, 10573, 10597, 10837, 10885, 11076, 14865, 18941, 19732, 19876, 19900, 21362, 21482, 21506, 21578, 22753]
2026-03-07 17:04:20,797 | INFO | Selecting frames for question kOZnpwI2hIM_2 on video kOZnpwI2hIM.mp4: frames=1000 tags=4
2026-03-07 17:04:31,332 | INFO | Selected 32 frames for question kOZnpwI2hIM_2: [1198, 3932, 6185, 9494, 9566, 11556, 11580, 11604, 11628, 11652, 11676, 11700, 11724, 11748, 12659, 14697, 15560, 15968, 15992, 16015, 16039, 16063, 16087, 16111, 18029, 18053, 19420, 19444, 19468, 19540, 19564, 22873]
2026-03-07 17:04:31,333 | INFO | Selecting frames for question eE5Z7gDbgVA_0 on video eE5Z7gDbgVA.mp4: frames=1074 tags=4
2026-03-07 17:04:43,476 | INFO | Selected 32 frames for question eE5Z7gDbgVA_0: [3780, 3870, 4230, 5610, 9390, 10260, 10350, 10440, 10530, 10560, 11730, 12510, 12600, 12660, 12690, 12720, 20340, 21780, 21810, 21900, 21930, 29160, 29190, 29250, 29280, 29460, 29580, 30810, 30840, 30900, 30930, 31170]
2026-03-07 17:04:43,477 | INFO | Selecting frames for question eE5Z7gDbgVA_1 on video eE5Z7gDbgVA.mp4: frames=1074 tags=4
2026-03-07 17:04:55,255 | INFO | Selected 32 frames for question eE5Z7gDbgVA_1: [60, 3180, 3360, 6900, 6930, 9390, 12150, 12510, 12600, 12660, 12690, 12720, 12780, 15810, 16770, 18480, 18510, 24030, 24060, 24090, 24120, 24150, 24180, 26130, 28530, 28560, 28590, 28620, 28650, 28680, 28710, 28740]
2026-03-07 17:04:55,255 | INFO | Selecting frames for question eE5Z7gDbgVA_2 on video eE5Z7gDbgVA.mp4: frames=1074 tags=4
2026-03-07 17:05:07,489 | INFO | Selected 32 frames for question eE5Z7gDbgVA_2: [2670, 2700, 3360, 8580, 12330, 12360, 12450, 12480, 12510, 12600, 12690, 12720, 18960, 18990, 19050, 19080, 19860, 19890, 19920, 27000, 27030, 28350, 28410, 29190, 30630, 30660, 30720, 30810, 30840, 30900, 30930, 31050]
2026-03-07 17:05:07,490 | INFO | Selecting frames for question V-RIpt7Tknc_0 on video V-RIpt7Tknc.mp4: frames=952 tags=4
2026-03-07 17:05:18,148 | INFO | Selected 32 frames for question V-RIpt7Tknc_0: [1438, 1828, 1858, 1888, 1918, 1948, 2817, 2847, 2877, 2907, 2937, 2967, 3236, 4165, 4195, 6593, 8571, 8601, 8631, 10849, 10879, 14025, 16003, 16663, 16693, 16723, 16753, 21638, 25294, 26403, 26493, 26553]
2026-03-07 17:05:18,149 | INFO | Selecting frames for question V-RIpt7Tknc_1 on video V-RIpt7Tknc.mp4: frames=952 tags=4
2026-03-07 17:05:28,395 | INFO | Selected 32 frames for question V-RIpt7Tknc_1: [3266, 3296, 3446, 3476, 3506, 18101, 18131, 18161, 18191, 18221, 19360, 19390, 19420, 19450, 19480, 19510, 19540, 19570, 19600, 19630, 19690, 22867, 23226, 23256, 26403, 26433, 26463, 26493, 26523, 26553, 26583, 26613]
2026-03-07 17:05:28,395 | INFO | Selecting frames for question V-RIpt7Tknc_2 on video V-RIpt7Tknc.mp4: frames=952 tags=4
2026-03-07 17:05:37,588 | INFO | Selected 32 frames for question V-RIpt7Tknc_2: [1768, 1888, 2067, 2097, 4135, 6593, 6623, 6653, 6683, 6713, 6773, 6803, 6833, 6863, 8571, 8901, 9710, 11748, 18131, 18191, 18221, 26403, 26433, 26463, 26493, 26523, 26553, 26583, 26613, 27212, 27242, 27392]
2026-03-07 17:05:37,590 | INFO | Selecting frames for question Fw1rirubXiU_0 on video Fw1rirubXiU.mp4: frames=3128 tags=4
2026-03-07 17:07:31,266 | INFO | Selected 32 frames for question Fw1rirubXiU_0: [0, 16903, 17382, 41268, 44865, 52747, 52807, 53706, 53766, 53796, 53826, 53856, 53886, 53976, 54035, 54065, 54125, 54155, 54185, 61468, 61498, 61528, 61558, 61588, 61618, 61648, 61678, 61708, 62097, 62727, 64945, 69530]
2026-03-07 17:07:31,267 | INFO | Selecting frames for question Fw1rirubXiU_1 on video Fw1rirubXiU.mp4: frames=3128 tags=4
2026-03-07 17:09:14,067 | INFO | Selected 32 frames for question Fw1rirubXiU_1: [2787, 2817, 2847, 2877, 2907, 2937, 2967, 2997, 3056, 3116, 41838, 41868, 41898, 42077, 42107, 42137, 42167, 42197, 42227, 42257, 42827, 42857, 43006, 43036, 43096, 44025, 45044, 45074, 46783, 46813, 48281, 54425]
2026-03-07 17:09:14,068 | INFO | Selecting frames for question Fw1rirubXiU_2 on video Fw1rirubXiU.mp4: frames=3128 tags=4
2026-03-07 17:10:57,000 | INFO | Selected 32 frames for question Fw1rirubXiU_2: [16873, 16903, 16933, 16963, 17142, 17202, 17262, 17382, 61258, 61288, 61318, 61348, 62727, 62787, 72137, 74955, 75014, 75044, 75074, 75104, 75134, 75734, 75764, 75794, 75824, 75854, 75884, 76333, 76363, 76393, 76423, 76453]
2026-03-07 17:10:57,000 | INFO | Selecting frames for question tdm72-vYxTs_0 on video tdm72-vYxTs.mp4: frames=1163 tags=4
2026-03-07 17:11:12,059 | INFO | Selected 32 frames for question tdm72-vYxTs_0: [4560, 4590, 5640, 5670, 5700, 10530, 10560, 10590, 10680, 12060, 12120, 12150, 12390, 14670, 17820, 21090, 22500, 23520, 25860, 25890, 30570, 30720, 30870, 30900, 30930, 30960, 30990, 31020, 31080, 31140, 32340, 32520]
2026-03-07 17:11:12,060 | INFO | Selecting frames for question tdm72-vYxTs_1 on video tdm72-vYxTs.mp4: frames=1163 tags=4
2026-03-07 17:11:26,685 | INFO | Selected 32 frames for question tdm72-vYxTs_1: [2730, 2760, 3030, 3060, 5670, 5700, 6660, 6690, 7530, 7560, 7590, 7650, 7710, 7740, 7770, 7800, 7830, 7980, 8220, 8460, 8490, 8910, 14910, 15750, 15840, 16110, 16140, 16170, 25140, 26190, 34110, 34230]
2026-03-07 17:11:26,686 | INFO | Selecting frames for question tdm72-vYxTs_2 on video tdm72-vYxTs.mp4: frames=1163 tags=4
2026-03-07 17:11:40,393 | INFO | Selected 32 frames for question tdm72-vYxTs_2: [2730, 2760, 2940, 3060, 4560, 5880, 6000, 9660, 10200, 12840, 13440, 15750, 15870, 15930, 16590, 16620, 16650, 16680, 16740, 16860, 16920, 20730, 20760, 20790, 20820, 20850, 20880, 21150, 25890, 26520, 26550, 31470]
2026-03-07 17:11:40,394 | INFO | Selecting frames for question DoizYSYQRqU_0 on video DoizYSYQRqU.mp4: frames=1240 tags=4
2026-03-07 17:11:55,358 | INFO | Selected 32 frames for question DoizYSYQRqU_0: [1078, 3626, 6323, 6383, 6473, 6503, 9170, 9200, 9290, 9320, 9410, 9440, 9470, 9500, 9530, 9590, 9620, 9920, 10129, 10189, 10219, 10249, 10339, 10369, 10459, 10489, 10819, 10939, 11508, 13456, 14115, 14745]
2026-03-07 17:11:55,359 | INFO | Selecting frames for question DoizYSYQRqU_1 on video DoizYSYQRqU.mp4: frames=1240 tags=4
2026-03-07 17:12:11,835 | INFO | Selected 32 frames for question DoizYSYQRqU_1: [419, 629, 659, 689, 719, 989, 6323, 6503, 8721, 8781, 9050, 10189, 10309, 10339, 10369, 10819, 11148, 11568, 12917, 17562, 17592, 18701, 19900, 21098, 21188, 25024, 25054, 25084, 30089, 32697, 33296, 35964]
2026-03-07 17:12:11,836 | INFO | Selecting frames for question DoizYSYQRqU_2 on video DoizYSYQRqU.mp4: frames=1240 tags=4
2026-03-07 17:12:26,703 | INFO | Selected 32 frames for question DoizYSYQRqU_2: [209, 2277, 2307, 21578, 21638, 21938, 23676, 25744, 25864, 25894, 27062, 27302, 27362, 27452, 27482, 27542, 27572, 27602, 27632, 27722, 27752, 33266, 33296, 33476, 33506, 33596, 33626, 33656, 33686, 34405, 34945, 35094]
2026-03-07 17:12:26,704 | INFO | Selecting frames for question NAJOZTNkhlI_0 on video NAJOZTNkhlI.mp4: frames=3135 tags=4
2026-03-07 17:14:12,530 | INFO | Selected 32 frames for question NAJOZTNkhlI_0: [3120, 3150, 3180, 3210, 3240, 3300, 3360, 3390, 3450, 3480, 4020, 4110, 4410, 4470, 4620, 5190, 5220, 5310, 5370, 5430, 5550, 5610, 5700, 5790, 5880, 6120, 6180, 6210, 49890, 65310, 65340, 90450]
2026-03-07 17:14:12,532 | INFO | Selecting frames for question NAJOZTNkhlI_1 on video NAJOZTNkhlI.mp4: frames=3135 tags=4
2026-03-07 17:15:51,589 | INFO | Selected 32 frames for question NAJOZTNkhlI_1: [32160, 47370, 58530, 58620, 58650, 58680, 60540, 80250, 85350, 85860, 87990, 88020, 88050, 88080, 88110, 88140, 88290, 89040, 89070, 89880, 89910, 90090, 90120, 90150, 90210, 90240, 93450, 93480, 93690, 93780, 93870, 93900]
2026-03-07 17:15:51,590 | INFO | Selecting frames for question NAJOZTNkhlI_2 on video NAJOZTNkhlI.mp4: frames=3135 tags=4
2026-03-07 17:17:36,459 | INFO | Selected 32 frames for question NAJOZTNkhlI_2: [3090, 11940, 11970, 14730, 18720, 18750, 46890, 64290, 68610, 68640, 68670, 68700, 68730, 68760, 68850, 68940, 68970, 69030, 69060, 69090, 69300, 75540, 78870, 86310, 86490, 87840, 88110, 92160, 93450, 93570, 93660, 93810]
2026-03-07 17:17:36,459 | INFO | Selecting frames for question iwXp1fT89-M_0 on video iwXp1fT89-M.mp4: frames=1156 tags=4
2026-03-07 17:17:53,845 | INFO | Selected 32 frames for question iwXp1fT89-M_0: [509, 659, 3956, 3986, 5754, 6623, 6833, 6863, 7252, 8541, 8901, 8931, 8961, 8991, 9020, 9050, 9080, 11808, 12677, 13036, 13546, 14325, 19690, 19870, 19900, 19989, 20019, 20049, 20079, 20109, 20949, 20979]
2026-03-07 17:17:53,846 | INFO | Selecting frames for question iwXp1fT89-M_1 on video iwXp1fT89-M.mp4: frames=1156 tags=4
2026-03-07 17:18:11,270 | INFO | Selected 32 frames for question iwXp1fT89-M_1: [449, 509, 569, 3956, 3986, 6623, 6773, 6833, 6863, 7312, 7372, 8541, 8601, 8901, 8931, 8961, 8991, 9020, 9050, 9080, 11808, 12677, 13036, 13546, 14325, 14385, 15164, 19900, 20109, 20949, 20979, 22507]
2026-03-07 17:18:11,271 | INFO | Selecting frames for question iwXp1fT89-M_2 on video iwXp1fT89-M.mp4: frames=1156 tags=4
2026-03-07 17:18:27,169 | INFO | Selected 32 frames for question iwXp1fT89-M_2: [0, 29, 59, 89, 179, 599, 659, 4285, 6863, 6893, 8541, 9020, 9050, 9080, 11808, 11898, 13336, 14265, 14295, 14385, 17472, 20949, 20979, 21038, 21668, 22507, 22717, 22777, 22927, 26733, 29910, 32607]
2026-03-07 17:18:27,170 | INFO | Selecting frames for question pGEF7Tme3Tk_0 on video pGEF7Tme3Tk.mp4: frames=941 tags=4
2026-03-07 17:18:35,106 | INFO | Selected 32 frames for question pGEF7Tme3Tk_0: [359, 779, 929, 1018, 1048, 2157, 2547, 3176, 3596, 3626, 3896, 6563, 6773, 7822, 10579, 10669, 10699, 10789, 11358, 11448, 13366, 13486, 13516, 13546, 13936, 14445, 14565, 18731, 23376, 23406, 24635, 27662]
2026-03-07 17:18:35,106 | INFO | Selecting frames for question pGEF7Tme3Tk_1 on video pGEF7Tme3Tk.mp4: frames=941 tags=4
2026-03-07 17:18:43,709 | INFO | Selected 32 frames for question pGEF7Tme3Tk_1: [7312, 7342, 7672, 8061, 10429, 10459, 10489, 10549, 10579, 10609, 10669, 10789, 11028, 11118, 11418, 11448, 14775, 15104, 15164, 16033, 16333, 22957, 25654, 25684, 25774, 25834, 25894, 25924, 26283, 26343, 27422, 27782]
2026-03-07 17:18:43,709 | INFO | Selecting frames for question pGEF7Tme3Tk_2 on video pGEF7Tme3Tk.mp4: frames=941 tags=4
2026-03-07 17:18:52,431 | INFO | Selected 32 frames for question pGEF7Tme3Tk_2: [7282, 10339, 10429, 10459, 10489, 10579, 10609, 10669, 10699, 15104, 16033, 16873, 21728, 23496, 23556, 23616, 23646, 24035, 25624, 25654, 25684, 25774, 25834, 25864, 25894, 25924, 26283, 26343, 26373, 26403, 26433, 28141]
2026-03-07 17:18:52,432 | INFO | Selecting frames for question aqUisZS9Ruw_0 on video aqUisZS9Ruw.mp4: frames=910 tags=4
2026-03-07 17:19:00,529 | INFO | Selected 32 frames for question aqUisZS9Ruw_0: [689, 1318, 1348, 1588, 4795, 4855, 5184, 8001, 8511, 8871, 8931, 8961, 9020, 9080, 9140, 9260, 9320, 9350, 9410, 10339, 12527, 12587, 12617, 13876, 19240, 19390, 20349, 20379, 21338, 24275, 24365, 24815]
2026-03-07 17:19:00,530 | INFO | Selecting frames for question aqUisZS9Ruw_1 on video aqUisZS9Ruw.mp4: frames=910 tags=4
2026-03-07 17:19:08,874 | INFO | Selected 32 frames for question aqUisZS9Ruw_1: [1498, 1648, 1678, 1768, 1798, 1828, 1858, 1978, 2067, 2127, 2307, 2547, 2577, 2607, 2637, 2667, 2697, 2727, 2757, 2787, 2817, 2847, 2877, 2907, 2937, 2967, 3026, 3176, 3596, 3626, 24125, 24185]
2026-03-07 17:19:08,875 | INFO | Selecting frames for question aqUisZS9Ruw_2 on video aqUisZS9Ruw.mp4: frames=910 tags=4
2026-03-07 17:19:17,711 | INFO | Selected 32 frames for question aqUisZS9Ruw_2: [4615, 5274, 6743, 7402, 8001, 8061, 8931, 9350, 9410, 9500, 11028, 12197, 15074, 15104, 15134, 15164, 16063, 16483, 17652, 19240, 19390, 19630, 20319, 20379, 20409, 20769, 20799, 21818, 22507, 23256, 24065, 24485]
2026-03-07 17:19:17,712 | INFO | Selecting frames for question TMe7oXMJoSM_0 on video TMe7oXMJoSM.mp4: frames=2805 tags=4
2026-03-07 17:20:38,262 | INFO | Selected 32 frames for question TMe7oXMJoSM_0: [7972, 11478, 11508, 11538, 11568, 11598, 11658, 11688, 11718, 11748, 11778, 11808, 11838, 11868, 11898, 11928, 11958, 12047, 12227, 12257, 14835, 15014, 23616, 47622, 47712, 47832, 47922, 47982, 48011, 60179, 62937, 62967]
2026-03-07 17:20:38,263 | INFO | Selecting frames for question TMe7oXMJoSM_1 on video TMe7oXMJoSM.mp4: frames=2805 tags=4
2026-03-07 17:22:06,287 | INFO | Selected 32 frames for question TMe7oXMJoSM_1: [9320, 9440, 10759, 11058, 18281, 24995, 25054, 26313, 36803, 43696, 43756, 47922, 48491, 48521, 49150, 49840, 49900, 49930, 51548, 51608, 51638, 51668, 51698, 51728, 51758, 51938, 52507, 62937, 67822, 67882, 67912, 68151]
2026-03-07 17:22:06,288 | INFO | Selecting frames for question TMe7oXMJoSM_2 on video TMe7oXMJoSM.mp4: frames=2805 tags=4
2026-03-07 17:23:41,285 | INFO | Selected 32 frames for question TMe7oXMJoSM_2: [7402, 7432, 7492, 7582, 27122, 27812, 43006, 46093, 46153, 46183, 46213, 48071, 48281, 48341, 48371, 48401, 51608, 51638, 51698, 51728, 51758, 53676, 60809, 62937, 67762, 67822, 67852, 67882, 68151, 68181, 68211, 69680]
2026-03-07 17:23:41,286 | INFO | Selecting frames for question 8foMISZGiyw_0 on video 8foMISZGiyw.mp4: frames=1215 tags=4
2026-03-07 17:23:58,073 | INFO | Selected 32 frames for question 8foMISZGiyw_0: [6023, 6893, 10609, 15824, 15854, 15914, 16123, 17052, 17082, 17142, 17682, 18161, 21038, 21098, 23106, 23136, 23226, 23256, 23316, 23346, 23406, 23436, 23466, 23526, 23556, 23616, 23706, 23736, 23766, 24005, 24545, 33116]
2026-03-07 17:23:58,073 | INFO | Selecting frames for question 8foMISZGiyw_1 on video 8foMISZGiyw.mp4: frames=1215 tags=4
2026-03-07 17:24:14,029 | INFO | Selected 32 frames for question 8foMISZGiyw_1: [9800, 9830, 18161, 21098, 22897, 22927, 22957, 22987, 23016, 23046, 23076, 23106, 23136, 23166, 23226, 23256, 23316, 23346, 23406, 23436, 23466, 23526, 23616, 23826, 23946, 24005, 24035, 24305, 24485, 24515, 24545, 24635]
2026-03-07 17:24:14,034 | INFO | Selecting frames for question 8foMISZGiyw_2 on video 8foMISZGiyw.mp4: frames=1215 tags=4
2026-03-07 17:24:32,132 | INFO | Selected 32 frames for question 8foMISZGiyw_2: [1708, 1768, 1798, 1828, 1858, 1888, 1918, 1948, 6863, 6893, 6923, 6953, 6983, 8961, 9590, 16003, 25054, 25084, 25114, 25144, 25174, 25204, 25234, 25264, 25294, 25324, 25354, 25474, 25534, 25564, 25594, 25624]
2026-03-07 17:24:32,133 | INFO | Selecting frames for question J1IwKg2ufk8_0 on video J1IwKg2ufk8.mp4: frames=1201 tags=4
2026-03-07 17:24:46,459 | INFO | Selected 32 frames for question J1IwKg2ufk8_0: [7700, 7725, 7775, 7800, 7825, 7875, 7900, 7925, 7950, 7975, 8000, 8050, 12225, 12250, 12675, 17350, 17375, 17475, 17600, 17625, 17650, 17675, 23225, 23250, 23550, 23575, 23600, 23625, 23675, 23700, 23725, 24300]
2026-03-07 17:24:46,459 | INFO | Selecting frames for question J1IwKg2ufk8_1 on video J1IwKg2ufk8.mp4: frames=1201 tags=4
2026-03-07 17:25:01,759 | INFO | Selected 32 frames for question J1IwKg2ufk8_1: [2600, 2625, 6375, 6425, 6775, 6800, 6825, 6875, 6900, 6925, 7950, 10600, 10975, 13850, 15150, 17625, 17650, 20200, 21900, 22125, 22275, 25000, 25100, 25225, 27275, 27625, 27650, 27675, 27700, 27725, 27800, 27825]
2026-03-07 17:25:01,760 | INFO | Selecting frames for question J1IwKg2ufk8_2 on video J1IwKg2ufk8.mp4: frames=1201 tags=4
2026-03-07 17:25:19,945 | INFO | Selected 32 frames for question J1IwKg2ufk8_2: [1475, 1625, 1650, 1925, 6800, 7250, 7300, 9175, 9700, 10425, 11375, 11450, 11475, 12225, 14150, 16375, 16450, 20825, 20850, 21100, 21125, 21225, 21300, 26550, 26850, 27025, 28100, 28125, 28225, 28275, 28375, 28425]
2026-03-07 17:25:19,946 | INFO | Selecting frames for question XuQswmEPgxU_0 on video XuQswmEPgxU.mp4: frames=1843 tags=4
2026-03-07 17:26:00,014 | INFO | Selected 32 frames for question XuQswmEPgxU_0: [210, 1050, 2700, 5520, 6900, 8640, 8790, 9450, 11250, 11280, 12750, 14040, 14130, 32910, 32940, 33150, 35100, 36750, 38880, 39000, 41760, 41850, 41880, 43260, 43620, 43710, 44550, 44580, 44610, 45390, 45990, 47670]
2026-03-07 17:26:00,016 | INFO | Selecting frames for question XuQswmEPgxU_1 on video XuQswmEPgxU.mp4: frames=1843 tags=4
2026-03-07 17:26:38,237 | INFO | Selected 32 frames for question XuQswmEPgxU_1: [210, 21360, 21390, 24630, 24660, 24810, 24930, 25050, 25110, 25140, 25170, 25200, 25230, 25260, 25710, 25770, 25800, 25890, 25920, 25980, 26190, 26490, 26850, 26910, 50940, 50970, 51000, 51030, 51060, 51090, 51120, 51150]
2026-03-07 17:26:38,238 | INFO | Selecting frames for question XuQswmEPgxU_2 on video XuQswmEPgxU.mp4: frames=1843 tags=4
2026-03-07 17:27:17,549 | INFO | Selected 32 frames for question XuQswmEPgxU_2: [210, 31140, 44550, 50910, 50940, 50970, 51000, 51030, 51060, 51090, 51120, 51150, 51180, 51240, 51270, 51300, 51690, 51720, 51750, 51780, 51810, 52050, 52080, 52110, 52140, 52170, 52410, 52440, 52470, 52500, 52530, 52770]
2026-03-07 17:27:17,550 | INFO | Selecting frames for question NSeq-nVSY_E_0 on video NSeq-nVSY_E.mp4: frames=1309 tags=4
2026-03-07 17:27:38,443 | INFO | Selected 32 frames for question NSeq-nVSY_E_0: [600, 625, 650, 675, 700, 1325, 1350, 1375, 1400, 1425, 1600, 6300, 8350, 8375, 9425, 9550, 9575, 9600, 12275, 12300, 12325, 12350, 12375, 12500, 12525, 12550, 12575, 15500, 17775, 20500, 20525, 22325]
2026-03-07 17:27:38,444 | INFO | Selecting frames for question NSeq-nVSY_E_1 on video NSeq-nVSY_E.mp4: frames=1309 tags=4
2026-03-07 17:27:55,788 | INFO | Selected 32 frames for question NSeq-nVSY_E_1: [1325, 1350, 1375, 1400, 1425, 1600, 3725, 3750, 3775, 3800, 3825, 5125, 6175, 6200, 6225, 6300, 6325, 7325, 15125, 15250, 15275, 15300, 15325, 15350, 15375, 15400, 15425, 15450, 15475, 15500, 17600, 31125]
2026-03-07 17:27:55,789 | INFO | Selecting frames for question NSeq-nVSY_E_2 on video NSeq-nVSY_E.mp4: frames=1309 tags=4
2026-03-07 17:28:14,042 | INFO | Selected 32 frames for question NSeq-nVSY_E_2: [1400, 6175, 8350, 9425, 9550, 9575, 12100, 12125, 12150, 12175, 12200, 12225, 12250, 12275, 12300, 12325, 12350, 12375, 12400, 12425, 12450, 12475, 12500, 12525, 12550, 12575, 12600, 12625, 17600, 31125, 31150, 31175]
2026-03-07 17:28:14,044 | INFO | Selecting frames for question WTT7XZko3qk_0 on video WTT7XZko3qk.mp4: frames=1208 tags=4
2026-03-07 17:28:31,002 | INFO | Selected 32 frames for question WTT7XZko3qk_0: [0, 71, 95, 119, 143, 167, 191, 1294, 1318, 1798, 2733, 2925, 3164, 3260, 3284, 3380, 3404, 3500, 3524, 4123, 4171, 4195, 4219, 4267, 4339, 4363, 4963, 5010, 5034, 8343, 12371, 27332]
2026-03-07 17:28:31,003 | INFO | Selecting frames for question WTT7XZko3qk_1 on video WTT7XZko3qk.mp4: frames=1208 tags=4
2026-03-07 17:28:46,566 | INFO | Selected 32 frames for question WTT7XZko3qk_1: [1630, 2133, 5898, 10669, 10693, 10789, 12587, 12659, 14073, 14529, 14601, 14625, 15560, 15728, 16135, 16231, 16831, 16855, 16903, 16927, 16975, 16999, 17238, 17382, 18653, 19324, 19516, 19540, 23208, 27188, 27212, 27260]
2026-03-07 17:28:46,567 | INFO | Selecting frames for question WTT7XZko3qk_2 on video WTT7XZko3qk.mp4: frames=1208 tags=4
2026-03-07 17:29:04,733 | INFO | Selected 32 frames for question WTT7XZko3qk_2: [8487, 8895, 8919, 8943, 8967, 8991, 9158, 9182, 9206, 9254, 9278, 9326, 9350, 9398, 9422, 9470, 9494, 9518, 9710, 10309, 10669, 10693, 10741, 10765, 10789, 11052, 18557, 18605, 18629, 18653, 27980, 28003]
2026-03-07 17:29:04,734 | INFO | Selecting frames for question qsH6q5wNso4_0 on video qsH6q5wNso4.mp4: frames=1002 tags=4
2026-03-07 17:29:16,641 | INFO | Selected 32 frames for question qsH6q5wNso4_0: [4925, 6150, 6550, 6575, 6600, 6625, 6650, 6675, 6700, 6725, 6750, 6775, 6875, 8450, 9475, 9500, 10675, 12200, 12300, 14025, 15300, 15400, 16900, 16925, 16950, 17175, 17500, 17525, 17550, 17575, 17600, 17625]
2026-03-07 17:29:16,642 | INFO | Selecting frames for question qsH6q5wNso4_1 on video qsH6q5wNso4.mp4: frames=1002 tags=4
2026-03-07 17:29:26,625 | INFO | Selected 32 frames for question qsH6q5wNso4_1: [4925, 6150, 6550, 6575, 6600, 6625, 6650, 6675, 6875, 9475, 10675, 12200, 12300, 12450, 14025, 15325, 15400, 16075, 16575, 16825, 16900, 16925, 16950, 17175, 17450, 17500, 17525, 17550, 17575, 17600, 17625, 17950]
2026-03-07 17:29:26,626 | INFO | Selecting frames for question qsH6q5wNso4_2 on video qsH6q5wNso4.mp4: frames=1002 tags=4
2026-03-07 17:29:38,673 | INFO | Selected 32 frames for question qsH6q5wNso4_2: [4925, 6550, 6575, 6600, 6625, 6650, 6675, 9475, 9500, 10675, 12200, 12300, 12450, 14025, 14150, 15300, 15350, 15400, 16075, 16575, 16825, 16900, 16925, 16950, 17175, 17500, 17525, 17550, 17575, 17600, 17625, 17950]
2026-03-07 17:29:38,674 | INFO | Selecting frames for question Ro_8-CCORzk_0 on video Ro_8-CCORzk.mp4: frames=1327 tags=4
2026-03-07 17:30:01,747 | INFO | Selected 32 frames for question Ro_8-CCORzk_0: [2487, 2517, 2667, 2697, 2727, 2847, 3086, 3116, 6713, 6833, 6953, 7102, 7282, 7312, 7612, 7642, 7762, 7852, 7882, 7942, 8001, 8091, 8121, 8271, 8331, 8361, 19420, 20109, 20709, 27422, 29760, 29820]
2026-03-07 17:30:01,747 | INFO | Selecting frames for question Ro_8-CCORzk_1 on video Ro_8-CCORzk.mp4: frames=1327 tags=4
2026-03-07 17:30:22,084 | INFO | Selected 32 frames for question Ro_8-CCORzk_1: [0, 29, 749, 6713, 8091, 8151, 8181, 16003, 16033, 16333, 16363, 16393, 16483, 16753, 19420, 19540, 19630, 19810, 19870, 19900, 19930, 20109, 20709, 24005, 24815, 24995, 29100, 29490, 30629, 32757, 32787, 32817]
2026-03-07 17:30:22,086 | INFO | Selecting frames for question Ro_8-CCORzk_2 on video Ro_8-CCORzk.mp4: frames=1327 tags=4
2026-03-07 17:30:41,135 | INFO | Selected 32 frames for question Ro_8-CCORzk_2: [0, 29, 749, 839, 869, 899, 16003, 16093, 16153, 16183, 16243, 16753, 17022, 17082, 29670, 30779, 30809, 30839, 32757, 33026, 33086, 33146, 33176, 33206, 33236, 33536, 33566, 33596, 34075, 34165, 34255, 34285]
2026-03-07 17:30:41,136 | INFO | Selecting frames for question QPth_xqBXGY_0 on video QPth_xqBXGY.mp4: frames=1745 tags=4
2026-03-07 17:31:16,895 | INFO | Selected 32 frames for question QPth_xqBXGY_0: [3480, 3570, 3600, 3630, 3660, 3690, 3720, 3750, 3780, 3810, 3840, 3960, 3990, 4020, 4050, 4110, 4140, 4170, 4200, 4230, 4260, 4290, 4320, 4350, 4380, 4410, 4440, 6030, 7320, 7800, 7980, 8370]
2026-03-07 17:31:16,896 | INFO | Selecting frames for question QPth_xqBXGY_1 on video QPth_xqBXGY.mp4: frames=1745 tags=4
2026-03-07 17:31:51,056 | INFO | Selected 32 frames for question QPth_xqBXGY_1: [150, 210, 240, 420, 450, 480, 510, 540, 570, 600, 3480, 12120, 12750, 14940, 20310, 20340, 20430, 20460, 20490, 20520, 20550, 22020, 22770, 25950, 26310, 26340, 26370, 26400, 26430, 26460, 26490, 38610]
2026-03-07 17:31:51,057 | INFO | Selecting frames for question QPth_xqBXGY_2 on video QPth_xqBXGY.mp4: frames=1745 tags=4
2026-03-07 17:32:27,236 | INFO | Selected 32 frames for question QPth_xqBXGY_2: [210, 240, 270, 360, 420, 450, 480, 510, 540, 570, 600, 4470, 5460, 9870, 10140, 12690, 19560, 24060, 24090, 36540, 36690, 38460, 38490, 38520, 38550, 38580, 38610, 38640, 38670, 38760, 38850, 39210]
2026-03-07 17:32:27,237 | INFO | Selecting frames for question _7sd4fjnmvc_0 on video _7sd4fjnmvc.mp4: frames=1317 tags=4
2026-03-07 17:32:46,030 | INFO | Selected 32 frames for question _7sd4fjnmvc_0: [5454, 5484, 5514, 6653, 7552, 7582, 7612, 7642, 7672, 7702, 9170, 9200, 9230, 9260, 9290, 9320, 9350, 9380, 9410, 9440, 9470, 9500, 9530, 9560, 9590, 9620, 9650, 9680, 9710, 9740, 9830, 11328]
2026-03-07 17:32:46,030 | INFO | Selecting frames for question _7sd4fjnmvc_1 on video _7sd4fjnmvc.mp4: frames=1317 tags=4
2026-03-07 17:33:04,197 | INFO | Selected 32 frames for question _7sd4fjnmvc_1: [21488, 21908, 21968, 21998, 22027, 22057, 22147, 22207, 22237, 22267, 22327, 22357, 22387, 22507, 22537, 22747, 24995, 25774, 25984, 26523, 26583, 27872, 27902, 27962, 28111, 28141, 28201, 28891, 29820, 30149, 30689, 30809]
2026-03-07 17:33:04,198 | INFO | Selecting frames for question _7sd4fjnmvc_2 on video _7sd4fjnmvc.mp4: frames=1317 tags=4
2026-03-07 17:33:23,893 | INFO | Selected 32 frames for question _7sd4fjnmvc_2: [3356, 3386, 3416, 3446, 3476, 3506, 3566, 4255, 4285, 4375, 4555, 4585, 4855, 30689, 30989, 31198, 35274, 35304, 35604, 35784, 35844, 35964, 36173, 37192, 37282, 37312, 37342, 37612, 38841, 38871, 38901, 38931]
2026-03-07 17:33:23,893 | INFO | Selecting frames for question T15Kv6dtYO0_0 on video T15Kv6dtYO0.mp4: frames=939 tags=4
2026-03-07 17:33:32,522 | INFO | Selected 32 frames for question T15Kv6dtYO0_0: [1768, 2397, 2427, 2457, 2487, 2517, 4975, 5064, 5094, 8391, 9080, 9110, 9140, 9170, 9200, 9440, 9470, 9500, 18791, 22327, 22357, 22387, 22417, 22747, 22777, 22807, 23886, 23976, 24035, 24065, 24125, 24485]
2026-03-07 17:33:32,523 | INFO | Selecting frames for question T15Kv6dtYO0_1 on video T15Kv6dtYO0.mp4: frames=939 tags=4
2026-03-07 17:33:41,044 | INFO | Selected 32 frames for question T15Kv6dtYO0_1: [1708, 10939, 11148, 11448, 11478, 11508, 11538, 11598, 11628, 11778, 11838, 11868, 11898, 13486, 13636, 13666, 13696, 13726, 13756, 15524, 16453, 17232, 17262, 17292, 17322, 17352, 17382, 17412, 17442, 17472, 27932, 28021]
2026-03-07 17:33:41,044 | INFO | Selecting frames for question T15Kv6dtYO0_2 on video T15Kv6dtYO0.mp4: frames=939 tags=4
2026-03-07 17:33:49,208 | INFO | Selected 32 frames for question T15Kv6dtYO0_2: [1738, 1768, 1798, 1828, 4285, 4585, 4615, 4645, 4675, 4705, 4735, 4765, 4795, 4975, 5214, 9680, 9740, 15224, 15254, 15284, 15314, 18191, 19420, 23616, 27212, 27242, 27482, 27542, 27572, 27602, 27632, 27662]
2026-03-07 17:33:49,209 | INFO | Selecting frames for question 51dUUxFOjDE_0 on video 51dUUxFOjDE.mp4: frames=1508 tags=4
2026-03-07 17:34:14,113 | INFO | Selected 32 frames for question 51dUUxFOjDE_0: [5275, 5300, 5550, 6225, 6675, 7025, 7150, 9150, 14700, 14775, 14800, 14825, 14850, 14875, 14900, 14925, 15950, 16000, 16025, 17050, 17075, 17150, 17925, 17975, 18050, 20125, 24450, 24475, 25725, 25775, 26250, 29125]
2026-03-07 17:34:14,113 | INFO | Selecting frames for question 51dUUxFOjDE_1 on video 51dUUxFOjDE.mp4: frames=1508 tags=4
2026-03-07 17:34:35,600 | INFO | Selected 32 frames for question 51dUUxFOjDE_1: [5275, 5300, 5325, 5350, 5375, 5550, 6225, 6275, 6300, 6825, 7150, 13750, 14775, 14800, 14825, 14850, 14875, 14900, 14925, 15600, 15950, 17050, 17075, 17925, 17950, 17975, 18025, 19475, 24475, 25775, 26225, 29125]
2026-03-07 17:34:35,601 | INFO | Selecting frames for question 51dUUxFOjDE_2 on video 51dUUxFOjDE.mp4: frames=1508 tags=4
2026-03-07 17:34:58,736 | INFO | Selected 32 frames for question 51dUUxFOjDE_2: [5275, 5300, 6225, 6675, 6825, 7150, 9150, 14800, 14875, 14900, 14925, 15050, 15075, 15100, 15125, 15200, 15950, 15975, 16000, 16025, 16675, 17075, 17100, 17925, 18050, 18675, 19475, 24450, 24475, 25725, 25775, 29125]
2026-03-07 17:34:58,737 | INFO | Selecting frames for question 2vVQo_GMA70_0 on video 2vVQo_GMA70.mp4: frames=2041 tags=4
2026-03-07 17:35:42,042 | INFO | Selected 32 frames for question 2vVQo_GMA70_0: [29, 59, 269, 299, 329, 389, 419, 449, 509, 959, 6323, 19630, 27932, 43906, 43936, 44265, 45884, 46843, 54785, 54875, 54905, 60269, 60299, 60329, 60449, 60479, 60509, 60719, 60749, 60779, 60809, 61018]
2026-03-07 17:35:42,044 | INFO | Selecting frames for question 2vVQo_GMA70_1 on video 2vVQo_GMA70.mp4: frames=2041 tags=4
2026-03-07 17:36:22,068 | INFO | Selected 32 frames for question 2vVQo_GMA70_1: [359, 449, 479, 22267, 47022, 47292, 47322, 48911, 48971, 49000, 49030, 49060, 49570, 49810, 49840, 52357, 52387, 54125, 54155, 54185, 54215, 54425, 54455, 54515, 54545, 54605, 57962, 58021, 58051, 58141, 58681, 60239]
2026-03-07 17:36:22,069 | INFO | Selecting frames for question 2vVQo_GMA70_2 on video 2vVQo_GMA70.mp4: frames=2041 tags=4
2026-03-07 17:37:03,175 | INFO | Selected 32 frames for question 2vVQo_GMA70_2: [9740, 10189, 13066, 13816, 13876, 14145, 14745, 22117, 23076, 23526, 23766, 24095, 27932, 28441, 28951, 29220, 29250, 29400, 30509, 31228, 31288, 33716, 34855, 44325, 47052, 54725, 60239, 60269, 60299, 60329, 60389, 60419]
2026-03-07 17:37:03,176 | INFO | Selecting frames for question Sn7JPKbG6tY_0 on video Sn7JPKbG6tY.mp4: frames=1034 tags=4
2026-03-07 17:37:13,686 | INFO | Selected 32 frames for question Sn7JPKbG6tY_0: [59, 89, 119, 179, 209, 239, 449, 509, 10609, 10639, 10699, 12287, 18761, 19270, 24425, 24695, 25024, 25294, 25414, 26313, 26673, 27122, 27362, 27392, 27452, 27482, 28801, 29640, 30479, 30509, 30539, 30569]
2026-03-07 17:37:13,687 | INFO | Selecting frames for question Sn7JPKbG6tY_1 on video Sn7JPKbG6tY.mp4: frames=1034 tags=4
2026-03-07 17:37:23,828 | INFO | Selected 32 frames for question Sn7JPKbG6tY_1: [1828, 2007, 2037, 2247, 2277, 2307, 2337, 2397, 11568, 12167, 12287, 12707, 12857, 12977, 13186, 13576, 13606, 17652, 25294, 27362, 27392, 27452, 27482, 27782, 28081, 28141, 28531, 29580, 30239, 30299, 30329, 30389]
2026-03-07 17:37:23,829 | INFO | Selecting frames for question Sn7JPKbG6tY_2 on video Sn7JPKbG6tY.mp4: frames=1034 tags=4
2026-03-07 17:37:33,892 | INFO | Selected 32 frames for question Sn7JPKbG6tY_2: [8631, 12167, 12857, 12977, 13816, 14295, 15884, 15974, 24695, 24725, 25174, 25294, 25414, 26313, 26343, 26373, 27122, 27212, 27242, 27302, 27362, 27392, 27452, 27482, 27752, 27782, 27812, 28141, 30299, 30449, 30539, 30569]
2026-03-07 17:37:33,892 | INFO | Selecting frames for question pJI5ZU6wxqg_0 on video pJI5ZU6wxqg.mp4: frames=1261 tags=4
2026-03-07 17:37:49,845 | INFO | Selected 32 frames for question pJI5ZU6wxqg_0: [6125, 6150, 6175, 6200, 6225, 6250, 6275, 6300, 6325, 6350, 6375, 8450, 10150, 10175, 10225, 11775, 11875, 11950, 16100, 16125, 16150, 16350, 16375, 16525, 19325, 23075, 23225, 23250, 23275, 24050, 25750, 25775]
2026-03-07 17:37:49,846 | INFO | Selecting frames for question pJI5ZU6wxqg_1 on video pJI5ZU6wxqg.mp4: frames=1261 tags=4
2026-03-07 17:38:05,140 | INFO | Selected 32 frames for question pJI5ZU6wxqg_1: [13250, 13275, 13300, 13325, 13350, 13375, 13400, 13425, 13450, 13475, 13500, 17100, 18600, 18650, 18675, 18700, 18725, 18750, 18775, 18800, 19025, 19050, 19075, 19100, 19275, 19300, 19325, 19350, 19950, 22200, 22225, 25750]
2026-03-07 17:38:05,140 | INFO | Selecting frames for question pJI5ZU6wxqg_2 on video pJI5ZU6wxqg.mp4: frames=1261 tags=4
2026-03-07 17:38:21,085 | INFO | Selected 32 frames for question pJI5ZU6wxqg_2: [6125, 6150, 6175, 6225, 6250, 6300, 6325, 6350, 6375, 6400, 6425, 6450, 6500, 9625, 16825, 16850, 16875, 19325, 19350, 19850, 19875, 19925, 19950, 23225, 23250, 23275, 24050, 24075, 24100, 24125, 25775, 25800]
2026-03-07 17:38:21,086 | INFO | Selecting frames for question aVHAr8rc-Ks_0 on video aVHAr8rc-Ks.mp4: frames=928 tags=4
2026-03-07 17:38:31,190 | INFO | Selected 32 frames for question aVHAr8rc-Ks_0: [0, 809, 839, 869, 899, 929, 959, 989, 1018, 1048, 1078, 1108, 1288, 1318, 1348, 1378, 1408, 1438, 1468, 5334, 7612, 8901, 8931, 8961, 13426, 18101, 21038, 21788, 21998, 23706, 25354, 26043]
2026-03-07 17:38:31,191 | INFO | Selecting frames for question aVHAr8rc-Ks_1 on video aVHAr8rc-Ks.mp4: frames=928 tags=4
2026-03-07 17:38:40,044 | INFO | Selected 32 frames for question aVHAr8rc-Ks_1: [0, 839, 869, 989, 1018, 1078, 1108, 1288, 1318, 1348, 1408, 2847, 2877, 2997, 5334, 5364, 5424, 5724, 7552, 7612, 8901, 8931, 8961, 13426, 13486, 13756, 18161, 18551, 21038, 21998, 24665, 25264]
2026-03-07 17:38:40,045 | INFO | Selecting frames for question aVHAr8rc-Ks_2 on video aVHAr8rc-Ks.mp4: frames=928 tags=4
2026-03-07 17:38:48,093 | INFO | Selected 32 frames for question aVHAr8rc-Ks_2: [1948, 3176, 3236, 3296, 3566, 3986, 5094, 5124, 5664, 5724, 5784, 5874, 5904, 5934, 6023, 8121, 8151, 8181, 8421, 10969, 11298, 11688, 11808, 11868, 11898, 12107, 12827, 19090, 24395, 24425, 24455, 24485]
2026-03-07 17:38:48,093 | INFO | Selecting frames for question UMFy3keSk-s_0 on video UMFy3keSk-s.mp4: frames=1139 tags=4
2026-03-07 17:39:00,506 | INFO | Selected 32 frames for question UMFy3keSk-s_0: [5874, 11328, 11358, 11478, 11568, 11598, 11778, 11808, 11898, 12167, 17532, 19030, 21518, 21578, 21668, 23376, 26823, 26853, 26883, 26913, 26943, 26973, 27002, 27032, 27272, 27572, 28141, 28291, 28321, 30959, 32967, 32997]
2026-03-07 17:39:00,508 | INFO | Selecting frames for question UMFy3keSk-s_1 on video UMFy3keSk-s.mp4: frames=1139 tags=4
2026-03-07 17:39:12,998 | INFO | Selected 32 frames for question UMFy3keSk-s_1: [9050, 11208, 13606, 13666, 13786, 18041, 18521, 19300, 19480, 19720, 19750, 19780, 19810, 20049, 20169, 21788, 21938, 23586, 23736, 23796, 23886, 23916, 24305, 24335, 24455, 25054, 25084, 25114, 25144, 25774, 25804, 32847]
2026-03-07 17:39:12,999 | INFO | Selecting frames for question UMFy3keSk-s_2 on video UMFy3keSk-s.mp4: frames=1139 tags=4
2026-03-07 17:39:25,320 | INFO | Selected 32 frames for question UMFy3keSk-s_2: [4075, 4105, 4135, 4525, 4585, 5814, 5874, 6533, 6653, 12167, 17142, 17982, 18011, 18041, 19030, 19090, 19120, 19300, 19480, 20139, 20439, 20529, 28321, 33446, 33476, 33506, 33566, 33596, 33626, 33656, 33686, 33716]
2026-03-07 17:39:25,321 | INFO | Selecting frames for question fryyNwUCPWA_0 on video fryyNwUCPWA.mp4: frames=980 tags=4
2026-03-07 17:39:34,414 | INFO | Selected 32 frames for question fryyNwUCPWA_0: [3425, 6925, 6950, 6975, 7000, 7025, 7050, 7100, 13675, 13700, 13725, 13750, 13775, 13800, 13825, 13850, 14550, 14850, 14875, 14900, 14925, 14950, 14975, 15000, 15250, 17400, 18325, 18850, 18975, 19000, 19025, 23800]
2026-03-07 17:39:34,415 | INFO | Selecting frames for question fryyNwUCPWA_1 on video fryyNwUCPWA.mp4: frames=980 tags=4
2026-03-07 17:39:43,604 | INFO | Selected 32 frames for question fryyNwUCPWA_1: [250, 675, 3425, 6400, 7100, 11450, 13700, 13725, 13800, 13825, 13850, 14850, 14875, 14900, 14925, 14950, 14975, 15000, 15025, 15250, 15325, 15350, 15425, 15450, 15475, 15800, 15825, 15850, 16625, 18925, 23725, 24200]
2026-03-07 17:39:43,605 | INFO | Selecting frames for question fryyNwUCPWA_2 on video fryyNwUCPWA.mp4: frames=980 tags=4
2026-03-07 17:39:54,610 | INFO | Selected 32 frames for question fryyNwUCPWA_2: [1900, 3425, 5950, 7100, 11300, 11325, 11525, 11550, 13675, 13775, 13800, 13825, 13850, 14725, 14850, 14875, 14900, 14925, 14950, 15250, 18200, 18300, 18325, 18350, 18375, 18400, 18425, 18450, 19500, 24075, 24100, 24250]
2026-03-07 17:39:54,611 | INFO | Selecting frames for question bqQTWdk1DAM_0 on video bqQTWdk1DAM.mp4: frames=922 tags=4
2026-03-07 17:40:03,683 | INFO | Selected 32 frames for question bqQTWdk1DAM_0: [1630, 2133, 2157, 2181, 2445, 2469, 2517, 2541, 2565, 3668, 3716, 4315, 4363, 4435, 4699, 4723, 4747, 4771, 5298, 5346, 5394, 5418, 5586, 5826, 5850, 6065, 6113, 6185, 6233, 6257, 14337, 14553]
2026-03-07 17:40:03,684 | INFO | Selecting frames for question bqQTWdk1DAM_1 on video bqQTWdk1DAM.mp4: frames=922 tags=4
2026-03-07 17:40:12,249 | INFO | Selected 32 frames for question bqQTWdk1DAM_1: [4147, 4291, 4315, 4339, 4363, 4387, 4411, 4435, 4459, 4603, 4627, 4747, 4771, 4819, 5298, 5346, 5370, 5394, 5466, 5586, 5778, 6065, 6113, 6185, 6257, 7216, 9854, 11244, 11268, 11292, 14961, 14985]
2026-03-07 17:40:12,250 | INFO | Selecting frames for question bqQTWdk1DAM_2 on video bqQTWdk1DAM.mp4: frames=922 tags=4
2026-03-07 17:40:20,390 | INFO | Selected 32 frames for question bqQTWdk1DAM_2: [7432, 8055, 8079, 8103, 8151, 8175, 8199, 8223, 8295, 8439, 8463, 8487, 8511, 8535, 8559, 8607, 8631, 8655, 9854, 10981, 11052, 11076, 11100, 11172, 11340, 11364, 11388, 11412, 11436, 13138, 14337, 14553]
2026-03-07 17:40:20,391 | INFO | Selecting frames for question I-yg_3yx6iA_0 on video I-yg_3yx6iA.mp4: frames=1204 tags=4
2026-03-07 17:40:34,095 | INFO | Selected 32 frames for question I-yg_3yx6iA_0: [1200, 1488, 1512, 1584, 2040, 2088, 2136, 2160, 2184, 2208, 2232, 2256, 2280, 2304, 2520, 2544, 2640, 2664, 2712, 2736, 2760, 2784, 2808, 2832, 2856, 2880, 2904, 2928, 2952, 3120, 4080, 4248]
2026-03-07 17:40:34,095 | INFO | Selecting frames for question I-yg_3yx6iA_1 on video I-yg_3yx6iA.mp4: frames=1204 tags=4
2026-03-07 17:40:48,826 | INFO | Selected 32 frames for question I-yg_3yx6iA_1: [5040, 5208, 5568, 5736, 5952, 5976, 6024, 6048, 6072, 8736, 11784, 11808, 11832, 11856, 11880, 11904, 11928, 15336, 15360, 15384, 15408, 15432, 15456, 15480, 15504, 15528, 15552, 15576, 16224, 16464, 18312, 20640]
2026-03-07 17:40:48,827 | INFO | Selecting frames for question I-yg_3yx6iA_2 on video I-yg_3yx6iA.mp4: frames=1204 tags=4
2026-03-07 17:41:03,314 | INFO | Selected 32 frames for question I-yg_3yx6iA_2: [240, 264, 288, 336, 360, 384, 504, 552, 576, 672, 696, 5112, 5808, 8568, 12192, 12384, 12432, 12456, 12552, 12624, 12744, 12816, 13152, 13200, 13800, 15984, 16032, 16056, 16104, 19752, 19776, 28848]
2026-03-07 17:41:03,314 | INFO | Selecting frames for question fZBC3nmvJb8_0 on video fZBC3nmvJb8.mp4: frames=1207 tags=4
2026-03-07 17:41:17,140 | INFO | Selected 32 frames for question fZBC3nmvJb8_0: [455, 2109, 2157, 2445, 2517, 2661, 2733, 3020, 3236, 3308, 3332, 4219, 6473, 9158, 10021, 10045, 10069, 10093, 10765, 10789, 10813, 10837, 10861, 11100, 11940, 12011, 12035, 12179, 12299, 25606, 25678, 25702]
2026-03-07 17:41:17,141 | INFO | Selecting frames for question fZBC3nmvJb8_1 on video fZBC3nmvJb8.mp4: frames=1207 tags=4
2026-03-07 17:41:30,978 | INFO | Selected 32 frames for question fZBC3nmvJb8_1: [455, 551, 599, 1390, 3308, 10021, 10069, 10093, 10765, 10789, 12779, 12827, 12851, 12923, 16663, 16951, 17694, 18749, 19348, 19372, 23424, 25942, 25966, 25990, 26013, 26085, 26829, 27212, 27236, 27260, 27668, 28027]
2026-03-07 17:41:30,979 | INFO | Selecting frames for question fZBC3nmvJb8_2 on video fZBC3nmvJb8.mp4: frames=1207 tags=4
2026-03-07 17:41:45,518 | INFO | Selected 32 frames for question fZBC3nmvJb8_2: [359, 383, 407, 431, 455, 527, 551, 599, 2109, 3644, 4771, 4843, 4867, 4891, 6737, 6761, 6833, 8679, 8751, 9278, 12755, 12971, 13330, 14313, 16687, 16807, 20235, 22009, 23016, 23472, 23544, 23592]
2026-03-07 17:41:45,519 | INFO | Selecting frames for question 2W2ZkYARds4_0 on video 2W2ZkYARds4.mp4: frames=3024 tags=4
2026-03-07 17:43:16,914 | INFO | Selected 32 frames for question 2W2ZkYARds4_0: [21398, 21458, 21518, 21578, 21668, 21698, 21728, 21758, 22177, 22207, 22237, 22267, 22297, 22327, 24395, 24455, 24515, 24545, 24575, 24605, 24635, 24665, 26343, 26373, 26403, 26433, 26463, 26493, 26523, 26553, 26583, 59700]
2026-03-07 17:43:16,915 | INFO | Selecting frames for question 2W2ZkYARds4_1 on video 2W2ZkYARds4.mp4: frames=3024 tags=4
2026-03-07 17:44:47,935 | INFO | Selected 32 frames for question 2W2ZkYARds4_1: [9890, 9920, 9950, 22357, 22387, 22417, 22447, 22507, 22567, 23526, 30899, 31108, 31198, 31258, 31378, 47622, 72047, 74445, 74655, 80049, 80439, 80469, 80499, 80529, 80559, 80589, 80649, 80679, 80739, 80769, 80889, 81008]
2026-03-07 17:44:47,936 | INFO | Selecting frames for question 2W2ZkYARds4_2 on video 2W2ZkYARds4.mp4: frames=3024 tags=4
2026-03-07 17:46:20,053 | INFO | Selected 32 frames for question 2W2ZkYARds4_2: [1888, 1918, 1948, 22207, 22237, 22297, 22327, 29190, 29220, 29250, 29280, 29310, 30719, 30899, 30989, 31018, 31048, 31078, 31108, 31138, 31168, 31198, 31228, 31258, 31288, 31318, 31348, 31378, 40129, 72047, 72197, 72587]
2026-03-07 17:46:20,054 | INFO | Selecting frames for question MJYBHfYF8LI_0 on video MJYBHfYF8LI.mp4: frames=2781 tags=4
2026-03-07 17:47:35,623 | INFO | Selected 32 frames for question MJYBHfYF8LI_0: [0, 13906, 13936, 30179, 30209, 30239, 30269, 30539, 30569, 30599, 30629, 30659, 30689, 30719, 30779, 30809, 30839, 30869, 30899, 33176, 33206, 33446, 33476, 41988, 42017, 42047, 49150, 62157, 78581, 78611, 78641, 78671]
2026-03-07 17:47:35,624 | INFO | Selecting frames for question MJYBHfYF8LI_1 on video MJYBHfYF8LI.mp4: frames=2781 tags=4
2026-03-07 17:48:53,151 | INFO | Selected 32 frames for question MJYBHfYF8LI_1: [89, 359, 41688, 41958, 41988, 42077, 42227, 45794, 47202, 47952, 50859, 51098, 53886, 53946, 54305, 59160, 59250, 59340, 59400, 59430, 59460, 59490, 59520, 59550, 59730, 59880, 59910, 60779, 60839, 60869, 78761, 78821]
2026-03-07 17:48:53,152 | INFO | Selecting frames for question MJYBHfYF8LI_2 on video MJYBHfYF8LI.mp4: frames=2781 tags=4
2026-03-07 17:50:09,813 | INFO | Selected 32 frames for question MJYBHfYF8LI_2: [38181, 41988, 77862, 77892, 77922, 77952, 77982, 78011, 78041, 78071, 78101, 78131, 78161, 78191, 78221, 78251, 78281, 78311, 78341, 78371, 78401, 78431, 78461, 78491, 78521, 78551, 78581, 78611, 78641, 78671, 79180, 79630]
2026-03-07 17:50:09,813 | INFO | Selecting frames for question yqejTvYILlA_0 on video yqejTvYILlA.mp4: frames=1039 tags=4
2026-03-07 17:50:20,229 | INFO | Selected 32 frames for question yqejTvYILlA_0: [4950, 9360, 10770, 10830, 10920, 10980, 12450, 12510, 12540, 12570, 12600, 12630, 12660, 12840, 13050, 18570, 18600, 18630, 22380, 22410, 22440, 23040, 24270, 24630, 24660, 24690, 24720, 24780, 24810, 24840, 24870, 24900]
2026-03-07 17:50:20,230 | INFO | Selecting frames for question yqejTvYILlA_1 on video yqejTvYILlA.mp4: frames=1039 tags=4
2026-03-07 17:50:30,545 | INFO | Selected 32 frames for question yqejTvYILlA_1: [4260, 5610, 5730, 5760, 5850, 5880, 5910, 6000, 6990, 12180, 12210, 12240, 12540, 13860, 13890, 13920, 13950, 13980, 15480, 15600, 16860, 17370, 17400, 17430, 17610, 17640, 17670, 17700, 23130, 23400, 24030, 24270]
2026-03-07 17:50:30,545 | INFO | Selecting frames for question yqejTvYILlA_2 on video yqejTvYILlA.mp4: frames=1039 tags=4
2026-03-07 17:50:40,703 | INFO | Selected 32 frames for question yqejTvYILlA_2: [390, 420, 4230, 4980, 7920, 7950, 8010, 8070, 10650, 10680, 10710, 10980, 11880, 12000, 12030, 12060, 12120, 12150, 28260, 28410, 28560, 28590, 28620, 28740, 28950, 28980, 29160, 29220, 29730, 29790, 30540, 30570]
2026-03-07 17:50:40,704 | INFO | Selecting frames for question 571nruSayeo_0 on video 571nruSayeo.mp4: frames=2745 tags=4
2026-03-07 17:51:56,116 | INFO | Selected 32 frames for question 571nruSayeo_0: [0, 25, 75, 100, 175, 225, 300, 325, 350, 375, 1750, 2950, 3650, 3675, 3825, 3850, 3900, 15300, 15325, 15350, 21200, 21225, 21250, 25750, 45450, 62975, 63000, 63125, 63150, 64275, 67850, 68425]
2026-03-07 17:51:56,118 | INFO | Selecting frames for question 571nruSayeo_1 on video 571nruSayeo.mp4: frames=2745 tags=4
2026-03-07 17:53:10,229 | INFO | Selected 32 frames for question 571nruSayeo_1: [1000, 3675, 6900, 7150, 8675, 15175, 16750, 19325, 19350, 20475, 20500, 21850, 22975, 23025, 24125, 24600, 25750, 29025, 30050, 30075, 30100, 30125, 36450, 39625, 42400, 48950, 49025, 55425, 62050, 62100, 62125, 64275]
2026-03-07 17:53:10,230 | INFO | Selecting frames for question 571nruSayeo_2 on video 571nruSayeo.mp4: frames=2745 tags=4
2026-03-07 17:54:27,875 | INFO | Selected 32 frames for question 571nruSayeo_2: [35200, 35225, 35250, 35325, 48600, 56925, 56950, 56975, 57000, 57025, 57050, 57075, 57100, 57125, 57150, 57175, 57300, 57325, 57375, 57400, 57425, 57450, 57475, 57500, 57525, 57550, 57575, 57600, 57625, 63350, 64600, 64650]
2026-03-07 17:54:27,876 | INFO | Selecting frames for question RTUFPjliMCU_0 on video RTUFPjliMCU.mp4: frames=2093 tags=4
2026-03-07 17:55:08,603 | INFO | Selected 32 frames for question RTUFPjliMCU_0: [959, 1618, 1768, 1798, 1828, 1858, 1888, 1918, 1948, 1978, 2037, 2307, 2397, 2997, 3026, 3116, 3146, 3176, 3206, 3236, 3266, 3656, 3776, 3836, 5274, 5364, 5484, 6143, 7102, 25294, 46153, 46303]
2026-03-07 17:55:08,604 | INFO | Selecting frames for question RTUFPjliMCU_1 on video RTUFPjliMCU.mp4: frames=2093 tags=4
2026-03-07 17:55:51,542 | INFO | Selected 32 frames for question RTUFPjliMCU_1: [3926, 5544, 15374, 16693, 16903, 22057, 34645, 37072, 52027, 57062, 60659, 60749, 60779, 60809, 60929, 61018, 61198, 61228, 61408, 61618, 61648, 61678, 61708, 61738, 61918, 61948, 61978, 62007, 62037, 62067, 62247, 62277]
2026-03-07 17:55:51,543 | INFO | Selecting frames for question RTUFPjliMCU_2 on video RTUFPjliMCU.mp4: frames=2093 tags=4
2026-03-07 17:56:34,424 | INFO | Selected 32 frames for question RTUFPjliMCU_2: [3926, 3986, 4465, 5424, 5454, 5544, 5754, 5814, 7102, 15944, 16903, 29160, 31018, 31228, 45404, 45434, 45584, 47322, 47352, 47652, 47862, 47892, 47922, 52537, 52567, 52597, 52627, 52657, 52687, 52717, 52747, 56913]
2026-03-07 17:56:34,425 | INFO | Selecting frames for question 8k6M0HD162k_0 on video 8k6M0HD162k.mp4: frames=1078 tags=4
2026-03-07 17:56:45,610 | INFO | Selected 32 frames for question 8k6M0HD162k_0: [13250, 13300, 19175, 19350, 19400, 19425, 19450, 19475, 19500, 19525, 19550, 19575, 19600, 19625, 19650, 19675, 19700, 19725, 19750, 19775, 19800, 19825, 19850, 19875, 19900, 19925, 19950, 19975, 22800, 22950, 22975, 23000]
2026-03-07 17:56:45,611 | INFO | Selecting frames for question 8k6M0HD162k_1 on video 8k6M0HD162k.mp4: frames=1078 tags=4
2026-03-07 17:56:56,883 | INFO | Selected 32 frames for question 8k6M0HD162k_1: [4100, 10900, 10925, 10950, 10975, 11000, 11025, 11050, 11175, 11200, 11225, 11250, 11500, 13375, 13400, 13425, 13750, 13775, 13800, 13825, 13850, 13875, 13950, 14025, 15250, 15275, 15325, 15350, 15775, 15800, 18100, 19175]
2026-03-07 17:56:56,884 | INFO | Selecting frames for question 8k6M0HD162k_2 on video 8k6M0HD162k.mp4: frames=1078 tags=4
2026-03-07 17:57:09,250 | INFO | Selected 32 frames for question 8k6M0HD162k_2: [75, 100, 125, 150, 175, 200, 225, 250, 325, 350, 375, 400, 425, 450, 475, 500, 525, 3725, 6800, 8150, 11425, 11625, 11675, 11700, 12050, 12075, 12250, 12275, 21500, 26650, 26675, 26775]
2026-03-07 17:57:09,251 | INFO | Selecting frames for question ll3tR0kUZHc_0 on video ll3tR0kUZHc.mp4: frames=902 tags=4
2026-03-07 17:57:17,576 | INFO | Selected 32 frames for question ll3tR0kUZHc_0: [2997, 5202, 7504, 8151, 9350, 9542, 9566, 9614, 13210, 17406, 17742, 17766, 17790, 17814, 18005, 18053, 18125, 18149, 18317, 18341, 18365, 18389, 18413, 18437, 18461, 18485, 18581, 18605, 19876, 19924, 20043, 20475]
2026-03-07 17:57:17,577 | INFO | Selecting frames for question ll3tR0kUZHc_1 on video ll3tR0kUZHc.mp4: frames=902 tags=4
2026-03-07 17:57:25,113 | INFO | Selected 32 frames for question ll3tR0kUZHc_1: [527, 1126, 1150, 1606, 1630, 1774, 2373, 2997, 3764, 3788, 3812, 3836, 3932, 7576, 8175, 8199, 8223, 8247, 8775, 11124, 11148, 11196, 11340, 11388, 11460, 15440, 16183, 20379, 20427, 21002, 21026, 21050]
2026-03-07 17:57:25,113 | INFO | Selecting frames for question ll3tR0kUZHc_2 on video ll3tR0kUZHc.mp4: frames=902 tags=4
2026-03-07 17:57:32,954 | INFO | Selected 32 frames for question ll3tR0kUZHc_2: [1150, 1774, 2157, 2997, 3764, 3788, 3812, 3836, 3956, 5298, 5346, 5370, 6089, 7576, 8199, 9518, 9662, 10477, 10501, 10525, 10573, 10597, 11124, 11148, 11196, 11220, 11340, 11388, 15440, 15464, 16183, 21050]
2026-03-07 17:57:32,955 | INFO | Selecting frames for question Y1YCvEip_ko_0 on video Y1YCvEip_ko.mp4: frames=1100 tags=4
2026-03-07 17:57:45,292 | INFO | Selected 32 frames for question Y1YCvEip_ko_0: [1966, 2589, 2613, 2637, 2661, 2685, 2709, 2973, 2997, 3020, 3044, 3092, 3140, 3380, 6521, 6545, 6569, 6593, 6617, 6689, 9230, 22657, 25774, 25798, 25822, 25846, 25870, 25894, 25966, 25990, 26013, 26037]
2026-03-07 17:57:45,292 | INFO | Selecting frames for question Y1YCvEip_ko_1 on video Y1YCvEip_ko.mp4: frames=1100 tags=4
2026-03-07 17:57:57,057 | INFO | Selected 32 frames for question Y1YCvEip_ko_1: [2085, 2109, 2133, 2157, 2205, 2229, 2277, 2373, 2397, 2421, 2517, 2541, 2589, 2613, 2637, 2661, 2709, 2997, 3044, 3140, 3260, 3380, 3428, 3500, 3524, 3596, 3620, 4771, 5082, 5298, 7960, 9374]
2026-03-07 17:57:57,057 | INFO | Selecting frames for question Y1YCvEip_ko_2 on video Y1YCvEip_ko.mp4: frames=1100 tags=4
2026-03-07 17:58:08,488 | INFO | Selected 32 frames for question Y1YCvEip_ko_2: [1702, 1726, 10981, 11052, 12851, 12875, 13738, 13762, 13786, 13810, 13834, 13858, 13882, 14793, 14817, 14841, 14865, 14889, 14913, 14937, 14961, 14985, 15008, 15032, 15056, 15080, 15128, 15152, 15176, 15200, 15224, 22801]
2026-03-07 17:58:08,489 | INFO | Selecting frames for question vVRC-0VKPrg_0 on video vVRC-0VKPrg.mp4: frames=2354 tags=4
2026-03-07 17:59:04,739 | INFO | Selected 32 frames for question vVRC-0VKPrg_0: [1320, 1350, 1380, 1410, 1440, 1530, 3960, 4440, 4470, 4500, 7200, 7290, 8220, 8460, 9960, 9990, 10020, 10050, 10080, 10110, 10140, 10290, 10560, 10590, 10620, 10710, 11130, 11160, 11190, 11250, 11310, 41760]
2026-03-07 17:59:04,740 | INFO | Selecting frames for question vVRC-0VKPrg_1 on video vVRC-0VKPrg.mp4: frames=2354 tags=4
2026-03-07 17:59:57,998 | INFO | Selected 32 frames for question vVRC-0VKPrg_1: [1080, 1440, 1530, 3390, 3480, 3780, 3960, 4440, 4470, 4500, 7200, 7290, 7950, 8010, 8220, 8460, 9390, 10050, 10080, 10110, 10140, 10290, 10560, 10590, 10620, 10710, 10950, 11100, 11130, 11160, 11190, 41670]
2026-03-07 17:59:57,999 | INFO | Selecting frames for question vVRC-0VKPrg_2 on video vVRC-0VKPrg.mp4: frames=2354 tags=4
2026-03-07 18:00:52,753 | INFO | Selected 32 frames for question vVRC-0VKPrg_2: [30150, 34860, 35010, 35040, 35070, 35100, 35130, 35160, 35190, 35220, 35250, 35280, 35310, 35340, 35370, 35400, 35430, 35460, 35490, 35520, 35550, 35580, 35610, 35640, 35670, 35700, 36060, 41280, 41370, 41400, 41430, 43470]
2026-03-07 18:00:52,754 | INFO | Selecting frames for question ZaXpMou55lw_0 on video ZaXpMou55lw.mp4: frames=1018 tags=4
2026-03-07 18:01:02,126 | INFO | Selected 32 frames for question ZaXpMou55lw_0: [0, 29, 59, 89, 119, 149, 179, 209, 239, 269, 299, 329, 359, 389, 419, 449, 479, 509, 539, 2517, 3596, 6473, 6503, 6533, 6593, 6623, 6713, 6743, 6773, 7432, 14205, 20709]
2026-03-07 18:01:02,127 | INFO | Selecting frames for question ZaXpMou55lw_1 on video ZaXpMou55lw.mp4: frames=1018 tags=4
2026-03-07 18:01:11,902 | INFO | Selected 32 frames for question ZaXpMou55lw_1: [0, 29, 59, 89, 119, 149, 179, 209, 239, 269, 299, 329, 359, 389, 419, 449, 479, 509, 539, 2487, 2517, 2547, 2757, 2787, 2817, 2847, 3596, 3626, 6623, 14235, 20649, 30419]
2026-03-07 18:01:11,903 | INFO | Selecting frames for question ZaXpMou55lw_2 on video ZaXpMou55lw.mp4: frames=1018 tags=4
2026-03-07 18:01:21,486 | INFO | Selected 32 frames for question ZaXpMou55lw_2: [0, 29, 59, 89, 119, 149, 179, 209, 239, 269, 299, 329, 359, 389, 419, 449, 479, 509, 539, 2307, 2457, 2487, 2517, 2547, 3626, 6623, 6713, 6743, 7492, 7552, 7612, 20769]
2026-03-07 18:01:21,487 | INFO | Selecting frames for question wSHPuI7wWIg_0 on video wSHPuI7wWIg.mp4: frames=1746 tags=4
2026-03-07 18:01:53,347 | INFO | Selected 32 frames for question wSHPuI7wWIg_0: [24, 7392, 7608, 7680, 7704, 7728, 7752, 7776, 7800, 7824, 7848, 7872, 7896, 7920, 7968, 7992, 8064, 8088, 8568, 8616, 8664, 8688, 8880, 8928, 8976, 25176, 25200, 25224, 25248, 29544, 38256, 38736]
2026-03-07 18:01:53,348 | INFO | Selecting frames for question wSHPuI7wWIg_1 on video wSHPuI7wWIg.mp4: frames=1746 tags=4
2026-03-07 18:02:29,211 | INFO | Selected 32 frames for question wSHPuI7wWIg_1: [24, 2616, 2640, 2712, 2736, 2784, 2808, 2832, 2856, 2880, 2928, 2952, 2976, 3000, 3024, 3072, 3120, 3144, 3168, 3192, 3216, 3240, 3264, 7608, 11400, 13176, 20184, 20208, 20256, 27528, 31440, 37728]
2026-03-07 18:02:29,212 | INFO | Selecting frames for question wSHPuI7wWIg_2 on video wSHPuI7wWIg.mp4: frames=1746 tags=4
2026-03-07 18:02:58,994 | INFO | Selected 32 frames for question wSHPuI7wWIg_2: [7608, 9480, 17304, 17376, 19776, 20256, 24528, 24624, 26688, 26712, 26784, 26904, 26928, 26952, 26976, 27000, 27024, 32328, 35832, 35856, 35904, 35928, 35952, 36024, 36048, 36360, 36384, 36408, 36456, 36672, 36696, 36720]
2026-03-07 18:02:58,995 | INFO | Selecting frames for question NMHmqgO04rU_0 on video NMHmqgO04rU.mp4: frames=1196 tags=4
2026-03-07 18:03:12,980 | INFO | Selected 32 frames for question NMHmqgO04rU_0: [60, 1680, 1710, 2100, 2130, 2640, 4020, 5310, 5340, 7020, 7050, 7620, 7890, 10110, 11430, 11730, 13590, 16170, 16200, 16440, 16500, 16920, 17070, 17130, 17670, 17820, 17850, 17880, 17910, 18030, 18090, 18450]
2026-03-07 18:03:12,981 | INFO | Selecting frames for question NMHmqgO04rU_1 on video NMHmqgO04rU.mp4: frames=1196 tags=4
2026-03-07 18:03:26,656 | INFO | Selected 32 frames for question NMHmqgO04rU_1: [1920, 2010, 10950, 12030, 16500, 16830, 16860, 16890, 16920, 16980, 17010, 17040, 17070, 17130, 17160, 17190, 17220, 17250, 17280, 17820, 17850, 17880, 18030, 18060, 18090, 18240, 18270, 18300, 18330, 18360, 18420, 18450]
2026-03-07 18:03:26,657 | INFO | Selecting frames for question NMHmqgO04rU_2 on video NMHmqgO04rU.mp4: frames=1196 tags=4
2026-03-07 18:03:40,147 | INFO | Selected 32 frames for question NMHmqgO04rU_2: [30, 1860, 2490, 2520, 3930, 6900, 6990, 10110, 10140, 10170, 10200, 11700, 11730, 13080, 13140, 14340, 20370, 21810, 21840, 24300, 24330, 24360, 24390, 26340, 26370, 26850, 27120, 27180, 27630, 28860, 28890, 31710]
2026-03-07 18:03:40,148 | INFO | Selecting frames for question dCscvoOX2as_0 on video dCscvoOX2as.mp4: frames=1083 tags=4
2026-03-07 18:03:52,514 | INFO | Selected 32 frames for question dCscvoOX2as_0: [1318, 1498, 1528, 1678, 1828, 1888, 1918, 1948, 1978, 2007, 2037, 2097, 2607, 2637, 2697, 4495, 5184, 5214, 5244, 5454, 5874, 7282, 16333, 19810, 23616, 24185, 24215, 24485, 24515, 24575, 30419, 30509]
2026-03-07 18:03:52,515 | INFO | Selecting frames for question dCscvoOX2as_1 on video dCscvoOX2as.mp4: frames=1083 tags=4
2026-03-07 18:04:04,672 | INFO | Selected 32 frames for question dCscvoOX2as_1: [29, 4465, 7462, 11598, 11658, 11688, 11718, 11748, 11778, 11808, 13096, 13726, 13756, 13846, 14475, 15014, 15074, 15254, 16273, 17052, 17082, 17112, 17262, 17412, 18161, 18251, 18281, 23196, 23256, 23286, 23316, 23736]
2026-03-07 18:04:04,672 | INFO | Selecting frames for question dCscvoOX2as_2 on video dCscvoOX2as.mp4: frames=1083 tags=4
2026-03-07 18:04:15,710 | INFO | Selected 32 frames for question dCscvoOX2as_2: [5214, 24605, 26853, 30329, 30359, 30389, 30419, 30449, 30509, 30539, 30599, 30629, 30659, 30689, 30719, 30749, 30779, 30809, 30839, 30869, 30899, 30929, 31048, 31078, 31108, 31138, 31168, 31198, 31408, 31438, 31468, 31498]
2026-03-07 18:04:15,711 | INFO | Selecting frames for question Dkm35G5kkcc_0 on video Dkm35G5kkcc.mp4: frames=1275 tags=4
2026-03-07 18:04:31,252 | INFO | Selected 32 frames for question Dkm35G5kkcc_0: [0, 311, 335, 407, 551, 623, 647, 3764, 3884, 4555, 10597, 14769, 16591, 16615, 16639, 17886, 17982, 18221, 18341, 18821, 21170, 25510, 25630, 25678, 26253, 26421, 26445, 26469, 26493, 26517, 26541, 27188]
2026-03-07 18:04:31,253 | INFO | Selecting frames for question Dkm35G5kkcc_1 on video Dkm35G5kkcc.mp4: frames=1275 tags=4
2026-03-07 18:04:46,949 | INFO | Selected 32 frames for question Dkm35G5kkcc_1: [0, 311, 335, 359, 1702, 1726, 1750, 1774, 1822, 1846, 3884, 4699, 4723, 4747, 4795, 9686, 9710, 9734, 9758, 9782, 10549, 25510, 25534, 25558, 25582, 25630, 26733, 26757, 26781, 26805, 29322, 29346]
2026-03-07 18:04:46,949 | INFO | Selecting frames for question Dkm35G5kkcc_2 on video Dkm35G5kkcc.mp4: frames=1275 tags=4
2026-03-07 18:05:02,802 | INFO | Selected 32 frames for question Dkm35G5kkcc_2: [0, 311, 335, 359, 1702, 1726, 1750, 1774, 1822, 1846, 3884, 4699, 4723, 4747, 4795, 9686, 9710, 9734, 9758, 9782, 10549, 25510, 25534, 25558, 25582, 25630, 26733, 26757, 26781, 26805, 29322, 29346]
2026-03-07 18:05:02,803 | INFO | Selecting frames for question M5YKW6fhlss_0 on video M5YKW6fhlss.mp4: frames=1010 tags=4
2026-03-07 18:05:15,119 | INFO | Selected 32 frames for question M5YKW6fhlss_0: [383, 407, 431, 455, 479, 503, 527, 551, 575, 647, 1030, 1054, 1078, 1102, 1126, 1246, 1270, 1294, 1318, 1342, 5754, 6617, 6761, 7408, 7456, 7504, 7528, 7552, 9902, 17862, 18173, 22201]
2026-03-07 18:05:15,121 | INFO | Selecting frames for question M5YKW6fhlss_1 on video M5YKW6fhlss.mp4: frames=1010 tags=4
2026-03-07 18:05:26,399 | INFO | Selected 32 frames for question M5YKW6fhlss_1: [1750, 2517, 2541, 2589, 5202, 7408, 7504, 10069, 17742, 17862, 17886, 17910, 17934, 17958, 17982, 18005, 18029, 18053, 18077, 18101, 18125, 18173, 18197, 18341, 18413, 18461, 19540, 19564, 19588, 19612, 19636, 22633]
2026-03-07 18:05:26,400 | INFO | Selecting frames for question M5YKW6fhlss_2 on video M5YKW6fhlss.mp4: frames=1010 tags=4
2026-03-07 18:05:36,341 | INFO | Selected 32 frames for question M5YKW6fhlss_2: [191, 1750, 1966, 3428, 3452, 3980, 6545, 7408, 7552, 8775, 8799, 8823, 9014, 9326, 9398, 9614, 11052, 11100, 12203, 12227, 12299, 14001, 15464, 15560, 16135, 16447, 17238, 17382, 17406, 20187, 21626, 21890]
2026-03-07 18:05:36,342 | INFO | Selecting frames for question 7m9XIXyT5_I_0 on video 7m9XIXyT5_I.mp4: frames=1376 tags=4
2026-03-07 18:05:55,117 | INFO | Selected 32 frames for question 7m9XIXyT5_I_0: [1176, 1296, 1320, 1344, 1368, 1440, 1464, 1488, 1512, 1776, 3816, 4896, 7248, 9336, 9360, 9384, 9408, 9432, 9840, 10104, 10128, 10152, 10176, 10344, 15696, 16944, 17088, 17136, 17184, 18000, 18024, 18048]
2026-03-07 18:05:55,118 | INFO | Selecting frames for question 7m9XIXyT5_I_1 on video 7m9XIXyT5_I.mp4: frames=1376 tags=4
2026-03-07 18:06:13,185 | INFO | Selected 32 frames for question 7m9XIXyT5_I_1: [5088, 5112, 5136, 6192, 6216, 6240, 6264, 6288, 9216, 9240, 9264, 9312, 12432, 12480, 12504, 12528, 15336, 15600, 15624, 15672, 15696, 16800, 16824, 16848, 16872, 16920, 16968, 16992, 17016, 17064, 17160, 17184]
2026-03-07 18:06:13,186 | INFO | Selecting frames for question 7m9XIXyT5_I_2 on video 7m9XIXyT5_I.mp4: frames=1376 tags=4
2026-03-07 18:06:30,973 | INFO | Selected 32 frames for question 7m9XIXyT5_I_2: [360, 384, 408, 672, 696, 720, 744, 768, 3096, 5544, 5568, 5592, 5616, 5640, 8952, 15624, 15720, 15744, 15768, 15792, 15816, 15840, 15864, 15888, 15912, 15936, 15960, 15984, 16008, 26880, 27552, 28488]
2026-03-07 18:06:30,974 | INFO | Selecting frames for question _Y1pW77M3Pg_0 on video _Y1pW77M3Pg.mp4: frames=1013 tags=4
2026-03-07 18:06:41,344 | INFO | Selected 32 frames for question _Y1pW77M3Pg_0: [1750, 2853, 2877, 2901, 2949, 2973, 4195, 4219, 4411, 4435, 7168, 8943, 8967, 8991, 9014, 9086, 9110, 10045, 10549, 10573, 10933, 10981, 13018, 13042, 15968, 16087, 18221, 18269, 18821, 18845, 18869, 19660]
2026-03-07 18:06:41,345 | INFO | Selecting frames for question _Y1pW77M3Pg_1 on video _Y1pW77M3Pg.mp4: frames=1013 tags=4
2026-03-07 18:06:51,268 | INFO | Selected 32 frames for question _Y1pW77M3Pg_1: [1486, 1510, 2973, 6377, 6401, 7144, 7168, 7792, 8487, 8799, 10549, 10573, 12683, 12803, 13018, 13042, 15968, 16087, 17694, 17766, 17790, 17814, 17838, 17862, 18269, 18293, 18845, 19348, 19660, 19876, 22777, 23184]
2026-03-07 18:06:51,268 | INFO | Selecting frames for question _Y1pW77M3Pg_2 on video _Y1pW77M3Pg.mp4: frames=1013 tags=4
2026-03-07 18:07:00,719 | INFO | Selected 32 frames for question _Y1pW77M3Pg_2: [1030, 1270, 1486, 1510, 2733, 2829, 5058, 7144, 7168, 8727, 8751, 8775, 8799, 9806, 10573, 12131, 12803, 12827, 13018, 13042, 13114, 13210, 15896, 15968, 16087, 17814, 20619, 20643, 20691, 21410, 21794, 23304]
2026-03-07 18:07:00,720 | INFO | Selecting frames for question nWDNzv1Gk8Q_0 on video nWDNzv1Gk8Q.mp4: frames=1059 tags=4
2026-03-07 18:07:11,719 | INFO | Selected 32 frames for question nWDNzv1Gk8Q_0: [9575, 9600, 9625, 11175, 13100, 15125, 16150, 16175, 16350, 16650, 17100, 17925, 18875, 19350, 19450, 19775, 19825, 20175, 20425, 20600, 21775, 21800, 24425, 24475, 25125, 25250, 25400, 25750, 25775, 25825, 26200, 26225]
2026-03-07 18:07:11,720 | INFO | Selecting frames for question nWDNzv1Gk8Q_1 on video nWDNzv1Gk8Q.mp4: frames=1059 tags=4
2026-03-07 18:07:22,752 | INFO | Selected 32 frames for question nWDNzv1Gk8Q_1: [9575, 9600, 9625, 12325, 13100, 13125, 15125, 16350, 16675, 17100, 17225, 18425, 19025, 19350, 19450, 19975, 20175, 20425, 20600, 20650, 21775, 21800, 21850, 24425, 24475, 24650, 25250, 25400, 25725, 25750, 25775, 25825]
2026-03-07 18:07:22,752 | INFO | Selecting frames for question nWDNzv1Gk8Q_2 on video nWDNzv1Gk8Q.mp4: frames=1059 tags=4
2026-03-07 18:07:33,589 | INFO | Selected 32 frames for question nWDNzv1Gk8Q_2: [2100, 5700, 7975, 8850, 9325, 9575, 9600, 9725, 11175, 12325, 12650, 13125, 13325, 15125, 15675, 16350, 16575, 18325, 19775, 21775, 21800, 24200, 24475, 24650, 25250, 25400, 25725, 25950, 26125, 26200, 26225, 26425]
2026-03-07 18:07:33,590 | INFO | Selecting frames for question J_ZmaKRpyoU_0 on video J_ZmaKRpyoU.mp4: frames=983 tags=4
2026-03-07 18:07:42,767 | INFO | Selected 32 frames for question J_ZmaKRpyoU_0: [2310, 2340, 2370, 2400, 2430, 2460, 2490, 2520, 2550, 2580, 2610, 2640, 2940, 3000, 3150, 3180, 3210, 3300, 3420, 8790, 8820, 8850, 8880, 8910, 8940, 8970, 14220, 22260, 22470, 22530, 22680, 27750]
2026-03-07 18:07:42,768 | INFO | Selecting frames for question J_ZmaKRpyoU_1 on video J_ZmaKRpyoU.mp4: frames=983 tags=4
2026-03-07 18:07:51,813 | INFO | Selected 32 frames for question J_ZmaKRpyoU_1: [8850, 8880, 8910, 8940, 10290, 10320, 10350, 10380, 10410, 10440, 10470, 10500, 10560, 10590, 10620, 10650, 10680, 10770, 10830, 11040, 11070, 11100, 11160, 11250, 11550, 11580, 11700, 11730, 11820, 12000, 12030, 12060]
2026-03-07 18:07:51,814 | INFO | Selecting frames for question J_ZmaKRpyoU_2 on video J_ZmaKRpyoU.mp4: frames=983 tags=4
2026-03-07 18:08:01,275 | INFO | Selected 32 frames for question J_ZmaKRpyoU_2: [3150, 3180, 3210, 3420, 8910, 8940, 8970, 13560, 22260, 22290, 22320, 22350, 22380, 22410, 22440, 22470, 22500, 22530, 22560, 22590, 22620, 22650, 22680, 22950, 22980, 23100, 23130, 23160, 23190, 23250, 23760, 24810]
2026-03-07 18:08:01,275 | INFO | Selecting frames for question 6S_e34j6q9U_0 on video 6S_e34j6q9U.mp4: frames=1238 tags=4
2026-03-07 18:08:20,965 | INFO | Selected 32 frames for question 6S_e34j6q9U_0: [407, 767, 2181, 3548, 3572, 3668, 3740, 5586, 6353, 6521, 6569, 6593, 6977, 7000, 8247, 8727, 9350, 9374, 9566, 9590, 9614, 9638, 10045, 10093, 10141, 10333, 11964, 12443, 14145, 14385, 23088, 25198]
2026-03-07 18:08:20,965 | INFO | Selecting frames for question 6S_e34j6q9U_1 on video 6S_e34j6q9U.mp4: frames=1238 tags=4
2026-03-07 18:08:37,559 | INFO | Selected 32 frames for question 6S_e34j6q9U_1: [5010, 5034, 5058, 5082, 5106, 5586, 5610, 5898, 5922, 6353, 7000, 7288, 7312, 7648, 8751, 8991, 9014, 9038, 9134, 9566, 9614, 9638, 10045, 10093, 10141, 10237, 11100, 13498, 14097, 14289, 14313, 19636]
2026-03-07 18:08:37,559 | INFO | Selecting frames for question 6S_e34j6q9U_2 on video 6S_e34j6q9U.mp4: frames=1238 tags=4
2026-03-07 18:08:52,116 | INFO | Selected 32 frames for question 6S_e34j6q9U_2: [3596, 3620, 3644, 3668, 4675, 4747, 5346, 5370, 5418, 5562, 5898, 5922, 5946, 5970, 6017, 6041, 8319, 8751, 11340, 19924, 20043, 20067, 20091, 20115, 20139, 20187, 21290, 22249, 23184, 27356, 28819, 29130]
2026-03-07 18:08:52,117 | INFO | Selecting frames for question WaiGdRYD36k_0 on video WaiGdRYD36k.mp4: frames=1195 tags=4
2026-03-07 18:09:05,716 | INFO | Selected 32 frames for question WaiGdRYD36k_0: [150, 225, 250, 275, 300, 325, 375, 875, 2950, 5225, 5275, 6150, 6175, 6200, 6225, 12350, 12375, 12400, 18525, 18550, 18575, 18875, 22650, 24475, 26000, 27225, 27700, 27725, 27750, 27775, 28350, 28375]
2026-03-07 18:09:05,716 | INFO | Selecting frames for question WaiGdRYD36k_1 on video WaiGdRYD36k.mp4: frames=1195 tags=4
2026-03-07 18:09:19,504 | INFO | Selected 32 frames for question WaiGdRYD36k_1: [225, 250, 275, 300, 1975, 2800, 4550, 6225, 6475, 7900, 11075, 11775, 12350, 12400, 13550, 13750, 14975, 18575, 18875, 20600, 24025, 24250, 24325, 24625, 25000, 25025, 26625, 27200, 27750, 27775, 28350, 28375]
2026-03-07 18:09:19,505 | INFO | Selecting frames for question WaiGdRYD36k_2 on video WaiGdRYD36k.mp4: frames=1195 tags=4
2026-03-07 18:09:33,207 | INFO | Selected 32 frames for question WaiGdRYD36k_2: [125, 1650, 2350, 4050, 4100, 4125, 7900, 9175, 9850, 11625, 11950, 13550, 13600, 13675, 15700, 18150, 18175, 18375, 18875, 19175, 22475, 22525, 22600, 22650, 22950, 24025, 24050, 26000, 26025, 27375, 27400, 27450]
2026-03-07 18:09:33,208 | INFO | Selecting frames for question oI975O1BUu0_0 on video oI975O1BUu0.mp4: frames=1385 tags=4
2026-03-07 18:09:51,553 | INFO | Selected 32 frames for question oI975O1BUu0_0: [959, 2061, 3428, 4507, 4531, 4555, 4579, 5394, 18437, 18509, 18605, 19252, 19276, 19324, 20331, 20355, 20427, 20739, 20811, 21314, 21338, 21482, 21530, 21578, 21602, 21626, 22057, 23016, 23208, 23400, 24143, 24767]
2026-03-07 18:09:51,554 | INFO | Selecting frames for question oI975O1BUu0_1 on video oI975O1BUu0.mp4: frames=1385 tags=4
2026-03-07 18:10:09,597 | INFO | Selected 32 frames for question oI975O1BUu0_1: [1390, 4555, 4579, 4723, 4771, 4915, 4963, 5274, 5298, 5322, 5826, 5850, 5922, 14793, 16447, 16471, 19516, 20811, 21026, 21674, 24119, 25942, 26493, 27044, 27068, 27092, 27140, 27164, 27188, 28315, 29202, 30569]
2026-03-07 18:10:09,598 | INFO | Selecting frames for question oI975O1BUu0_2 on video oI975O1BUu0.mp4: frames=1385 tags=4
2026-03-07 18:10:28,573 | INFO | Selected 32 frames for question oI975O1BUu0_2: [2877, 5946, 9518, 10045, 15128, 17454, 19492, 19516, 20595, 20619, 20643, 20667, 20691, 21338, 21674, 21698, 21722, 21746, 21770, 22057, 23784, 23808, 23832, 23856, 23880, 23904, 23928, 23952, 23976, 24023, 28315, 30329]
2026-03-07 18:10:28,574 | INFO | Selecting frames for question GFg98TDqCpw_0 on video GFg98TDqCpw.mp4: frames=1088 tags=4
2026-03-07 18:10:40,262 | INFO | Selected 32 frames for question GFg98TDqCpw_0: [8661, 8691, 8721, 8811, 9020, 19840, 26133, 26163, 27152, 27842, 27872, 27962, 27992, 28021, 28291, 28351, 29340, 30000, 30059, 30089, 30119, 30209, 30239, 30299, 30329, 30359, 30419, 30479, 31138, 31168, 31198, 32577]
2026-03-07 18:10:40,263 | INFO | Selecting frames for question GFg98TDqCpw_1 on video GFg98TDqCpw.mp4: frames=1088 tags=4
2026-03-07 18:10:50,948 | INFO | Selected 32 frames for question GFg98TDqCpw_1: [8241, 8271, 11598, 12437, 26103, 26133, 26163, 26193, 26223, 26883, 26943, 27332, 27452, 27842, 27872, 27902, 27932, 27962, 27992, 28021, 28351, 29220, 29370, 30389, 30419, 30479, 30809, 30839, 30869, 30899, 31708, 32307]
2026-03-07 18:10:50,949 | INFO | Selecting frames for question GFg98TDqCpw_2 on video GFg98TDqCpw.mp4: frames=1088 tags=4
2026-03-07 18:11:02,748 | INFO | Selected 32 frames for question GFg98TDqCpw_2: [8661, 8691, 8721, 8991, 9020, 12437, 19840, 26133, 26163, 26403, 26883, 27842, 27902, 27932, 27962, 27992, 28021, 28231, 28291, 28321, 28351, 29130, 29160, 29220, 29340, 29370, 29640, 30479, 30809, 30899, 31018, 31048]
2026-03-07 18:11:02,749 | INFO | Selecting frames for question YebUIUOCo94_0 on video YebUIUOCo94.mp4: frames=2560 tags=4
2026-03-07 18:12:06,925 | INFO | Selected 32 frames for question YebUIUOCo94_0: [4250, 4700, 10675, 12300, 36800, 36825, 41975, 42000, 42025, 47775, 49375, 57425, 57450, 57475, 57500, 57525, 57550, 58675, 60600, 61175, 61200, 61225, 61250, 61275, 61825, 61850, 61875, 61900, 61925, 61950, 62100, 62125]
2026-03-07 18:12:06,926 | INFO | Selecting frames for question YebUIUOCo94_1 on video YebUIUOCo94.mp4: frames=2560 tags=4
2026-03-07 18:13:10,288 | INFO | Selected 32 frames for question YebUIUOCo94_1: [21350, 22500, 24700, 24800, 26225, 26475, 28400, 32800, 36850, 37025, 37075, 37100, 37150, 37250, 37275, 37300, 37325, 37350, 37375, 37400, 37425, 38300, 38325, 38350, 47600, 49375, 55575, 59700, 59775, 59800, 59825, 59850]
2026-03-07 18:13:10,289 | INFO | Selecting frames for question YebUIUOCo94_2 on video YebUIUOCo94.mp4: frames=2560 tags=4
2026-03-07 18:14:18,982 | INFO | Selected 32 frames for question YebUIUOCo94_2: [6100, 6125, 6150, 22550, 22575, 34050, 34075, 34100, 44350, 44475, 44500, 44525, 44550, 44575, 44600, 44625, 48850, 49275, 49375, 49450, 57550, 57800, 57825, 57850, 57875, 57900, 57925, 59925, 59950, 59975, 60000, 60025]
2026-03-07 18:14:18,983 | INFO | Selecting frames for question xiK00WS0lkE_0 on video xiK00WS0lkE.mp4: frames=2311 tags=4
2026-03-07 18:15:12,581 | INFO | Selected 32 frames for question xiK00WS0lkE_0: [11900, 11925, 11950, 11975, 12000, 12925, 12950, 12975, 13000, 13025, 13050, 13075, 13100, 13125, 13150, 13175, 13200, 13225, 13475, 15375, 20700, 27375, 33525, 33550, 53700, 54000, 54025, 54050, 54075, 54100, 54125, 55800]
2026-03-07 18:15:12,583 | INFO | Selecting frames for question xiK00WS0lkE_1 on video xiK00WS0lkE.mp4: frames=2311 tags=4
2026-03-07 18:16:04,278 | INFO | Selected 32 frames for question xiK00WS0lkE_1: [13475, 13500, 21400, 21550, 21600, 21675, 21725, 21775, 21800, 21875, 21975, 22250, 22375, 22525, 22550, 23100, 23625, 24600, 25650, 25675, 26325, 26350, 26375, 26625, 26725, 27000, 27275, 28000, 35025, 46300, 46325, 51375]
2026-03-07 18:16:04,279 | INFO | Selecting frames for question xiK00WS0lkE_2 on video xiK00WS0lkE.mp4: frames=2311 tags=4
2026-03-07 18:16:59,232 | INFO | Selected 32 frames for question xiK00WS0lkE_2: [9150, 35025, 36825, 36850, 36925, 36950, 37075, 37100, 38975, 39050, 39275, 39550, 39600, 40575, 40625, 40675, 40700, 40725, 40800, 40875, 40900, 43750, 44125, 46050, 46125, 46150, 46175, 46200, 46225, 46250, 46275, 46300]
2026-03-07 18:16:59,233 | INFO | Selecting frames for question OMJc43wUPLM_0 on video OMJc43wUPLM.mp4: frames=1078 tags=4
2026-03-07 18:17:11,266 | INFO | Selected 32 frames for question OMJc43wUPLM_0: [5160, 5190, 5220, 5250, 9000, 9030, 9090, 9120, 9150, 9180, 10830, 10860, 10890, 11760, 11790, 11820, 11850, 11880, 11910, 11940, 11970, 12000, 12030, 12060, 12090, 12120, 12150, 27090, 27120, 28260, 28290, 28350]
2026-03-07 18:17:11,267 | INFO | Selecting frames for question OMJc43wUPLM_1 on video OMJc43wUPLM.mp4: frames=1078 tags=4
2026-03-07 18:17:21,904 | INFO | Selected 32 frames for question OMJc43wUPLM_1: [1110, 1140, 1170, 1200, 1230, 1260, 1290, 1320, 2310, 2340, 2370, 2400, 2430, 4050, 9300, 27360, 27420, 27450, 27480, 28260, 28290, 28320, 28350, 28380, 28410, 28440, 28470, 28500, 28530, 28560, 28590, 29550]
2026-03-07 18:17:21,905 | INFO | Selecting frames for question OMJc43wUPLM_2 on video OMJc43wUPLM.mp4: frames=1078 tags=4
2026-03-07 18:17:33,063 | INFO | Selected 32 frames for question OMJc43wUPLM_2: [0, 30, 60, 690, 720, 750, 780, 810, 840, 870, 1380, 1410, 1440, 1470, 1500, 1530, 1560, 1590, 1620, 1650, 1680, 1710, 1740, 2070, 5250, 17430, 17460, 17490, 17520, 17550, 19170, 22950]
2026-03-07 18:17:33,063 | INFO | Selecting frames for question Ytv-9RM4e0o_0 on video Ytv-9RM4e0o.mp4: frames=1523 tags=4
2026-03-07 18:17:56,288 | INFO | Selected 32 frames for question Ytv-9RM4e0o_0: [2250, 2300, 2475, 2625, 2800, 9725, 13150, 13300, 13575, 13675, 14100, 18275, 20500, 22450, 22500, 22550, 22700, 22800, 22950, 23000, 23175, 23200, 24175, 25600, 25625, 25675, 25775, 37475, 37600, 37750, 37950, 38050]
2026-03-07 18:17:56,288 | INFO | Selecting frames for question Ytv-9RM4e0o_1 on video Ytv-9RM4e0o.mp4: frames=1523 tags=4
2026-03-07 18:18:19,340 | INFO | Selected 32 frames for question Ytv-9RM4e0o_1: [1025, 1275, 1850, 2100, 2150, 2225, 2250, 2275, 2300, 2325, 2350, 2375, 2475, 2625, 2800, 4050, 4100, 13150, 13575, 14100, 14125, 23200, 23400, 23425, 25600, 25625, 25650, 25675, 37900, 37950, 37975, 38050]
2026-03-07 18:18:19,341 | INFO | Selecting frames for question Ytv-9RM4e0o_2 on video Ytv-9RM4e0o.mp4: frames=1523 tags=4
2026-03-07 18:18:41,688 | INFO | Selected 32 frames for question Ytv-9RM4e0o_2: [5975, 6175, 8925, 9325, 9425, 9525, 9550, 9650, 9675, 9725, 9775, 9850, 9900, 9925, 9950, 10125, 10200, 10300, 10450, 10500, 10525, 10550, 10575, 10625, 10650, 10675, 10700, 10725, 10775, 13275, 13575, 30025]
2026-03-07 18:18:41,689 | INFO | Selecting frames for question PbiTIR8N4Hc_0 on video PbiTIR8N4Hc.mp4: frames=2573 tags=4
2026-03-07 18:19:45,655 | INFO | Selected 32 frames for question PbiTIR8N4Hc_0: [29, 59, 89, 16753, 16843, 16873, 16903, 16933, 16963, 16993, 17022, 17052, 17082, 17112, 17142, 17172, 17202, 17232, 17892, 28381, 43456, 56613, 59640, 59670, 59700, 59730, 61348, 61378, 61528, 61558, 61648, 69440]
2026-03-07 18:19:45,656 | INFO | Selecting frames for question PbiTIR8N4Hc_1 on video PbiTIR8N4Hc.mp4: frames=2573 tags=4
2026-03-07 18:20:53,737 | INFO | Selected 32 frames for question PbiTIR8N4Hc_1: [2187, 2217, 2277, 4045, 4825, 4855, 5184, 6503, 7642, 9170, 9260, 14415, 28081, 28201, 28261, 28291, 28381, 29640, 29670, 29700, 29820, 29850, 32427, 57632, 61528, 61558, 61588, 62277, 62307, 62397, 63296, 72587]
2026-03-07 18:20:53,739 | INFO | Selecting frames for question PbiTIR8N4Hc_2 on video PbiTIR8N4Hc.mp4: frames=2573 tags=4
2026-03-07 18:21:57,597 | INFO | Selected 32 frames for question PbiTIR8N4Hc_2: [2157, 2187, 2217, 2277, 3746, 3776, 8841, 8871, 8901, 8931, 8961, 8991, 9020, 9050, 9080, 9110, 9140, 9170, 9200, 9230, 9260, 17862, 20679, 24935, 28291, 28321, 28351, 28381, 47502, 62397, 75974, 76483]
2026-03-07 18:21:57,598 | INFO | Selecting frames for question fsz6bkkIHzQ_0 on video fsz6bkkIHzQ.mp4: frames=910 tags=4
2026-03-07 18:22:05,516 | INFO | Selected 32 frames for question fsz6bkkIHzQ_0: [4855, 5034, 5064, 5094, 5124, 5154, 5184, 5214, 5244, 5274, 5304, 5754, 5784, 5814, 5844, 7582, 7642, 7672, 7762, 7822, 7852, 7972, 8271, 8301, 10219, 13936, 16003, 24035, 24065, 24815, 25084, 25474]
2026-03-07 18:22:05,517 | INFO | Selecting frames for question fsz6bkkIHzQ_1 on video fsz6bkkIHzQ.mp4: frames=910 tags=4
2026-03-07 18:22:13,320 | INFO | Selected 32 frames for question fsz6bkkIHzQ_1: [4375, 6893, 6923, 6953, 9890, 9920, 9950, 9980, 10009, 10039, 12767, 13756, 13786, 13816, 13846, 19090, 19180, 19210, 19300, 19330, 19390, 19420, 19450, 21698, 24035, 24065, 24095, 24125, 24185, 24215, 24245, 24275]
2026-03-07 18:22:13,320 | INFO | Selecting frames for question fsz6bkkIHzQ_2 on video fsz6bkkIHzQ.mp4: frames=910 tags=4
2026-03-07 18:22:21,094 | INFO | Selected 32 frames for question fsz6bkkIHzQ_2: [2097, 3296, 3416, 4105, 4135, 4165, 4195, 4225, 4255, 4285, 4315, 4345, 4375, 4405, 4435, 4465, 4495, 4525, 4555, 9710, 9740, 9890, 9920, 14175, 14205, 14295, 19450, 20319, 20409, 20439, 20469, 26523]
2026-03-07 18:22:21,095 | INFO | Selecting frames for question s5edwp0PEqk_0 on video s5edwp0PEqk.mp4: frames=1023 tags=4
2026-03-07 18:22:31,083 | INFO | Selected 32 frames for question s5edwp0PEqk_0: [239, 269, 899, 1768, 5694, 7822, 8961, 8991, 9800, 12557, 12707, 15584, 15704, 18791, 18881, 19270, 20589, 22207, 22237, 22597, 22627, 22657, 23736, 23796, 23826, 23856, 23886, 23916, 23946, 27302, 27362, 28501]
2026-03-07 18:22:31,084 | INFO | Selecting frames for question s5edwp0PEqk_1 on video s5edwp0PEqk.mp4: frames=1023 tags=4
2026-03-07 18:22:41,317 | INFO | Selected 32 frames for question s5edwp0PEqk_1: [239, 269, 389, 899, 2487, 7822, 8961, 8991, 9800, 12167, 12557, 15584, 15704, 16543, 16813, 18341, 18881, 19270, 20589, 22207, 22597, 22627, 22657, 23736, 23796, 23826, 23856, 23916, 23946, 27302, 27332, 27362]
2026-03-07 18:22:41,318 | INFO | Selecting frames for question s5edwp0PEqk_2 on video s5edwp0PEqk.mp4: frames=1023 tags=4
2026-03-07 18:22:52,418 | INFO | Selected 32 frames for question s5edwp0PEqk_2: [269, 1078, 5694, 7762, 7822, 8961, 8991, 11778, 12557, 15584, 15644, 15704, 18791, 18881, 19270, 20589, 22207, 22237, 22597, 22627, 22657, 23736, 23796, 23826, 23856, 23886, 23916, 23946, 27302, 27332, 27362, 28051]
2026-03-07 18:22:52,419 | INFO | Selecting frames for question 9dSkvxS2EB0_0 on video 9dSkvxS2EB0.mp4: frames=2439 tags=4
2026-03-07 18:23:51,430 | INFO | Selected 32 frames for question 9dSkvxS2EB0_0: [4260, 4290, 4500, 4530, 4560, 4590, 4620, 4650, 4680, 4710, 4740, 4770, 4800, 4830, 4980, 5040, 5070, 5100, 5130, 6330, 30270, 31920, 36600, 36630, 53700, 58470, 59340, 59370, 59400, 59430, 59670, 60360]
2026-03-07 18:23:51,431 | INFO | Selecting frames for question 9dSkvxS2EB0_1 on video 9dSkvxS2EB0.mp4: frames=2439 tags=4
2026-03-07 18:24:50,073 | INFO | Selected 32 frames for question 9dSkvxS2EB0_1: [6810, 23430, 23460, 23490, 23520, 23550, 23580, 23610, 23640, 23670, 23700, 23730, 23760, 23790, 23820, 23850, 23880, 23910, 23940, 24150, 24180, 24210, 24240, 24270, 24300, 24330, 24360, 24390, 24420, 29760, 52740, 52770]
2026-03-07 18:24:50,074 | INFO | Selecting frames for question 9dSkvxS2EB0_2 on video 9dSkvxS2EB0.mp4: frames=2439 tags=4
2026-03-07 18:25:49,369 | INFO | Selected 32 frames for question 9dSkvxS2EB0_2: [10140, 36810, 38760, 38790, 38820, 38850, 38880, 38970, 39000, 39030, 39060, 39840, 40170, 40260, 40680, 40710, 40920, 41100, 41130, 41160, 41190, 41220, 53670, 57780, 57810, 57840, 57870, 57900, 57930, 57960, 57990, 61350]
2026-03-07 18:25:49,370 | INFO | Selecting frames for question aX_HgA5SNLQ_0 on video aX_HgA5SNLQ.mp4: frames=3204 tags=4
2026-03-07 18:27:29,604 | INFO | Selected 32 frames for question aX_HgA5SNLQ_0: [8100, 8475, 23350, 26075, 36900, 37200, 37300, 37325, 37450, 37500, 37625, 37675, 37975, 38275, 38375, 52825, 53250, 59700, 63050, 63375, 66075, 71600, 71675, 71825, 71850, 71925, 71975, 72225, 72250, 77050, 77075, 77125]
2026-03-07 18:27:29,606 | INFO | Selecting frames for question aX_HgA5SNLQ_1 on video aX_HgA5SNLQ.mp4: frames=3204 tags=4
2026-03-07 18:29:13,076 | INFO | Selected 32 frames for question aX_HgA5SNLQ_1: [12550, 12725, 13300, 13325, 13350, 14175, 14200, 14925, 18800, 29950, 38250, 44275, 44300, 44325, 44350, 44375, 44400, 44425, 44450, 44500, 44575, 44600, 54775, 55000, 55025, 55075, 57900, 63375, 65300, 66075, 66675, 69200]
2026-03-07 18:29:13,077 | INFO | Selecting frames for question aX_HgA5SNLQ_2 on video aX_HgA5SNLQ.mp4: frames=3204 tags=4
2026-03-07 18:30:53,426 | INFO | Selected 32 frames for question aX_HgA5SNLQ_2: [8075, 8100, 8475, 26075, 36900, 37375, 37400, 37425, 37450, 37500, 37650, 38275, 38375, 38425, 43125, 56425, 56450, 63050, 63375, 66075, 71625, 71675, 71800, 72250, 72625, 76250, 76600, 76850, 77050, 77075, 77100, 77125]
2026-03-07 18:30:53,427 | INFO | Selecting frames for question NHIT9vq6mJU_0 on video NHIT9vq6mJU.mp4: frames=1269 tags=4
2026-03-07 18:31:08,774 | INFO | Selected 32 frames for question NHIT9vq6mJU_0: [5154, 5178, 5202, 5226, 5250, 5274, 5298, 8919, 8943, 8967, 8991, 9014, 9038, 9062, 9086, 13066, 13090, 13114, 14577, 14745, 14793, 14841, 15632, 16327, 18365, 19804, 20235, 22273, 23376, 23424, 26565, 26685]
2026-03-07 18:31:08,774 | INFO | Selecting frames for question NHIT9vq6mJU_1 on video NHIT9vq6mJU.mp4: frames=1269 tags=4
2026-03-07 18:31:23,873 | INFO | Selected 32 frames for question NHIT9vq6mJU_1: [1054, 2637, 2661, 2685, 11604, 11628, 11652, 11676, 11700, 16807, 16831, 18197, 22873, 22897, 22921, 23352, 23376, 23424, 23928, 24000, 24023, 24047, 24599, 24623, 24647, 24695, 24719, 24743, 26085, 26109, 26157, 26181]
2026-03-07 18:31:23,874 | INFO | Selecting frames for question NHIT9vq6mJU_2 on video NHIT9vq6mJU.mp4: frames=1269 tags=4
2026-03-07 18:31:40,929 | INFO | Selected 32 frames for question NHIT9vq6mJU_2: [863, 3188, 5898, 8319, 8991, 9014, 10981, 15632, 15656, 15680, 15992, 16015, 16087, 16111, 16399, 19780, 19804, 19828, 19852, 19876, 19900, 19924, 19972, 20187, 20211, 20235, 22393, 26109, 26925, 26973, 26997, 27020]
2026-03-07 18:31:40,930 | INFO | Selecting frames for question _uL3a3aMdMQ_0 on video _uL3a3aMdMQ.mp4: frames=2844 tags=4
2026-03-07 18:33:02,322 | INFO | Selected 32 frames for question _uL3a3aMdMQ_0: [1486, 1558, 1606, 3404, 8223, 10669, 10717, 11556, 11652, 11676, 11724, 11748, 11772, 11796, 11820, 17142, 25318, 25342, 25606, 33974, 36515, 36563, 40807, 40951, 41934, 41958, 43588, 46417, 60299, 60851, 61474, 67372]
2026-03-07 18:33:02,323 | INFO | Selecting frames for question _uL3a3aMdMQ_1 on video _uL3a3aMdMQ.mp4: frames=2844 tags=4
2026-03-07 18:34:20,491 | INFO | Selected 32 frames for question _uL3a3aMdMQ_1: [51500, 52219, 52363, 52387, 52411, 52435, 52459, 52483, 52507, 52555, 52579, 52603, 52651, 52675, 52699, 54929, 55408, 56055, 56079, 56103, 56127, 57926, 57950, 57998, 58021, 58477, 58645, 59556, 59580, 59604, 59628, 64303]
2026-03-07 18:34:20,493 | INFO | Selecting frames for question _uL3a3aMdMQ_2 on video _uL3a3aMdMQ.mp4: frames=2844 tags=4
2026-03-07 18:35:42,805 | INFO | Selected 32 frames for question _uL3a3aMdMQ_2: [479, 503, 3212, 20187, 20259, 20283, 21458, 27092, 29538, 30401, 30425, 30449, 30473, 30497, 31024, 31048, 31072, 31096, 34477, 36227, 36347, 43900, 50445, 54521, 54929, 54977, 55408, 56775, 56871, 56895, 59484, 59532]
2026-03-07 18:35:42,806 | INFO | Selecting frames for question LAbtlJJhUlY_0 on video LAbtlJJhUlY.mp4: frames=1028 tags=4
2026-03-07 18:35:53,490 | INFO | Selected 32 frames for question LAbtlJJhUlY_0: [7912, 8391, 8559, 8583, 8631, 8823, 9854, 10525, 10549, 10573, 10597, 10621, 10645, 10693, 10765, 11412, 11484, 13066, 13138, 14865, 14889, 17118, 21482, 21506, 21530, 21554, 21578, 21938, 22585, 22609, 22633, 23496]
2026-03-07 18:35:53,490 | INFO | Selecting frames for question LAbtlJJhUlY_1 on video LAbtlJJhUlY.mp4: frames=1028 tags=4
2026-03-07 18:36:03,246 | INFO | Selected 32 frames for question LAbtlJJhUlY_1: [359, 767, 1198, 1222, 1582, 4531, 4555, 4603, 4651, 4699, 4723, 5226, 5394, 5490, 6089, 7168, 7360, 7432, 7648, 7672, 7696, 7768, 9110, 16999, 19276, 19348, 20931, 21458, 21722, 21746, 24000, 24047]
2026-03-07 18:36:03,247 | INFO | Selecting frames for question LAbtlJJhUlY_2 on video LAbtlJJhUlY.mp4: frames=1028 tags=4
2026-03-07 18:36:13,848 | INFO | Selected 32 frames for question LAbtlJJhUlY_2: [647, 1198, 1222, 1582, 2349, 4651, 4723, 6113, 7360, 7384, 7432, 7936, 7960, 8559, 8703, 8727, 9110, 9614, 9638, 9662, 9710, 11412, 14025, 16423, 16999, 17094, 17718, 20499, 20931, 21458, 21722, 21746]
2026-03-07 18:36:13,848 | INFO | Selecting frames for question _g3Y_mk64Wc_0 on video _g3Y_mk64Wc.mp4: frames=1078 tags=4
2026-03-07 18:36:25,085 | INFO | Selected 32 frames for question _g3Y_mk64Wc_0: [2025, 3650, 3925, 5425, 6275, 6500, 6775, 7500, 7525, 8125, 8875, 9000, 9175, 9575, 13825, 14125, 14475, 15200, 16425, 19800, 19825, 21850, 22375, 23400, 23750, 23775, 24000, 24450, 24575, 25175, 25400, 26825]
2026-03-07 18:36:25,086 | INFO | Selecting frames for question _g3Y_mk64Wc_1 on video _g3Y_mk64Wc.mp4: frames=1078 tags=4
2026-03-07 18:36:36,770 | INFO | Selected 32 frames for question _g3Y_mk64Wc_1: [1400, 1450, 1475, 3375, 3400, 4725, 5150, 5350, 5375, 8100, 8125, 8300, 8450, 10100, 11050, 12700, 12850, 12875, 13375, 13425, 13875, 13900, 13950, 14425, 19875, 20025, 23775, 24325, 25550, 25900, 25975, 26525]
2026-03-07 18:36:36,770 | INFO | Selecting frames for question _g3Y_mk64Wc_2 on video _g3Y_mk64Wc.mp4: frames=1078 tags=4
2026-03-07 18:36:48,192 | INFO | Selected 32 frames for question _g3Y_mk64Wc_2: [2375, 3375, 3650, 5125, 5150, 5250, 5275, 5350, 5375, 6675, 8025, 8100, 8125, 8300, 8425, 8450, 8475, 10100, 10450, 10500, 11050, 13425, 13875, 13900, 13950, 14425, 17700, 19950, 19975, 20025, 25975, 26225]
2026-03-07 18:36:48,192 | INFO | Selecting frames for question OAcbasjxljY_0 on video OAcbasjxljY.mp4: frames=1401 tags=4
2026-03-07 18:37:06,892 | INFO | Selected 32 frames for question OAcbasjxljY_0: [5898, 5994, 6017, 8439, 10477, 10525, 10549, 10573, 10597, 10909, 10957, 10981, 11004, 11028, 11052, 11076, 11100, 11124, 11148, 11172, 11196, 11604, 11628, 11652, 11676, 13330, 13354, 13402, 20523, 26589, 28267, 28363]
2026-03-07 18:37:06,893 | INFO | Selecting frames for question OAcbasjxljY_1 on video OAcbasjxljY.mp4: frames=1401 tags=4
2026-03-07 18:37:28,821 | INFO | Selected 32 frames for question OAcbasjxljY_1: [71, 95, 287, 10189, 12947, 13306, 13330, 13354, 13546, 13618, 13666, 14361, 14433, 14577, 20259, 20283, 20331, 20811, 20835, 20859, 20883, 20907, 20931, 22465, 22513, 22801, 22873, 28219, 28243, 28339, 28867, 28891]
2026-03-07 18:37:28,821 | INFO | Selecting frames for question OAcbasjxljY_2 on video OAcbasjxljY.mp4: frames=1401 tags=4
2026-03-07 18:37:47,153 | INFO | Selected 32 frames for question OAcbasjxljY_2: [71, 1174, 1462, 3788, 6161, 7264, 7288, 7312, 7336, 7360, 11940, 16711, 18149, 19564, 19852, 19876, 20091, 20115, 20379, 21530, 21626, 22873, 26709, 27308, 27500, 27524, 27548, 27716, 27740, 27764, 27788, 28123]
2026-03-07 18:37:47,154 | INFO | Selecting frames for question ysRFFN5nzqE_0 on video ysRFFN5nzqE.mp4: frames=2161 tags=4
2026-03-07 18:38:32,185 | INFO | Selected 32 frames for question ysRFFN5nzqE_0: [0, 29, 119, 149, 179, 209, 239, 419, 509, 539, 569, 599, 629, 659, 689, 719, 11508, 11538, 11568, 11628, 13876, 31168, 32067, 39530, 39560, 39590, 64555, 64615, 64645, 64675, 64705, 64735]
2026-03-07 18:38:32,186 | INFO | Selecting frames for question ysRFFN5nzqE_1 on video ysRFFN5nzqE.mp4: frames=2161 tags=4
2026-03-07 18:39:17,323 | INFO | Selected 32 frames for question ysRFFN5nzqE_1: [749, 2427, 2547, 8961, 9680, 9710, 11538, 11628, 16123, 16603, 17772, 18311, 25054, 25084, 25144, 25174, 25204, 25384, 31138, 31678, 31708, 32067, 32187, 32307, 39560, 39620, 41748, 59160, 59190, 60000, 61078, 61828]
2026-03-07 18:39:17,324 | INFO | Selecting frames for question ysRFFN5nzqE_2 on video ysRFFN5nzqE.mp4: frames=2161 tags=4
2026-03-07 18:40:01,518 | INFO | Selected 32 frames for question ysRFFN5nzqE_2: [179, 659, 749, 2427, 2457, 3386, 3956, 11538, 31798, 31828, 31858, 31888, 31918, 31948, 31978, 32007, 32067, 32187, 32307, 39110, 39530, 39560, 40789, 41748, 46873, 53436, 54545, 56013, 60000, 61078, 61828, 64735]
2026-03-07 18:40:01,519 | INFO | Selecting frames for question lzAESaVqix0_0 on video lzAESaVqix0.mp4: frames=1189 tags=4
2026-03-07 18:40:17,058 | INFO | Selected 32 frames for question lzAESaVqix0_0: [863, 887, 959, 983, 1006, 1030, 1078, 1102, 1126, 1150, 1174, 1198, 3476, 4651, 16327, 17814, 17838, 18053, 18389, 18413, 19924, 21218, 21242, 21290, 21314, 22897, 23880, 23904, 27212, 27620, 27644, 27668]
2026-03-07 18:40:17,059 | INFO | Selecting frames for question lzAESaVqix0_1 on video lzAESaVqix0.mp4: frames=1189 tags=4
2026-03-07 18:40:31,074 | INFO | Selected 32 frames for question lzAESaVqix0_1: [1606, 1630, 1654, 1678, 5634, 5682, 16951, 16975, 16999, 17910, 19012, 19756, 19828, 19852, 19876, 19900, 19996, 21482, 21554, 21578, 21602, 22393, 22417, 22441, 23208, 27476, 27524, 27548, 27596, 27620, 27644, 27668]
2026-03-07 18:40:31,074 | INFO | Selecting frames for question lzAESaVqix0_2 on video lzAESaVqix0.mp4: frames=1189 tags=4
2026-03-07 18:40:44,238 | INFO | Selected 32 frames for question lzAESaVqix0_2: [1198, 1582, 1606, 1630, 1654, 1678, 4747, 5610, 5634, 5658, 6569, 17094, 17838, 18389, 18413, 18605, 18701, 20931, 21554, 21578, 21602, 22345, 22417, 23832, 27476, 27500, 27524, 27548, 27596, 27620, 27644, 27668]
2026-03-07 18:40:44,239 | INFO | Selecting frames for question 0up5NxTiGZE_0 on video 0up5NxTiGZE.mp4: frames=991 tags=4
2026-03-07 18:40:54,504 | INFO | Selected 32 frames for question 0up5NxTiGZE_0: [929, 989, 1018, 1048, 1078, 1108, 1138, 1918, 1948, 1978, 2037, 2067, 2277, 2307, 2337, 2367, 2397, 2427, 3026, 9440, 9500, 9530, 9560, 9710, 9800, 19660, 19690, 20319, 21008, 21038, 21997, 22027]
2026-03-07 18:40:54,504 | INFO | Selecting frames for question 0up5NxTiGZE_1 on video 0up5NxTiGZE.mp4: frames=991 tags=4
2026-03-07 18:41:05,230 | INFO | Selected 32 frames for question 0up5NxTiGZE_1: [3536, 3656, 3686, 3716, 3746, 5154, 8241, 9530, 11058, 11088, 11148, 14595, 16033, 16093, 16753, 16783, 16873, 17532, 17562, 17592, 17622, 17652, 17682, 17712, 17742, 17982, 18281, 18311, 18341, 18371, 21248, 23016]
2026-03-07 18:41:05,230 | INFO | Selecting frames for question 0up5NxTiGZE_2 on video 0up5NxTiGZE.mp4: frames=991 tags=4
2026-03-07 18:41:14,531 | INFO | Selected 32 frames for question 0up5NxTiGZE_2: [1198, 4075, 4105, 6713, 6743, 6803, 6833, 7642, 8031, 8121, 8151, 8631, 8691, 8721, 8901, 8931, 8961, 8991, 9020, 9050, 9140, 9170, 9650, 9740, 11628, 16093, 16153, 24755, 27512, 27542, 27572, 29010]
2026-03-07 18:41:14,532 | INFO | Selecting frames for question 4ouAf1ldH60_0 on video 4ouAf1ldH60.mp4: frames=1232 tags=4
2026-03-07 18:41:28,980 | INFO | Selected 32 frames for question 4ouAf1ldH60_0: [15824, 15914, 16003, 16483, 17442, 17472, 17502, 17562, 17622, 17832, 17862, 17892, 18761, 18851, 18881, 18911, 18941, 19330, 19360, 19390, 19420, 19450, 19480, 19510, 19540, 19570, 19600, 19630, 19660, 19690, 19930, 20199]
2026-03-07 18:41:28,981 | INFO | Selecting frames for question 4ouAf1ldH60_1 on video 4ouAf1ldH60.mp4: frames=1232 tags=4
2026-03-07 18:41:44,308 | INFO | Selected 32 frames for question 4ouAf1ldH60_1: [10399, 10429, 10459, 10489, 10519, 10579, 10609, 10639, 10879, 10969, 11028, 11118, 11178, 11208, 11268, 11628, 17262, 17322, 17412, 35004, 35124, 35154, 35184, 35214, 35244, 35304, 35334, 35364, 35394, 35604, 35634, 35664]
2026-03-07 18:41:44,309 | INFO | Selecting frames for question 4ouAf1ldH60_2 on video 4ouAf1ldH60.mp4: frames=1232 tags=4
2026-03-07 18:41:59,131 | INFO | Selected 32 frames for question 4ouAf1ldH60_2: [6893, 12887, 13396, 13426, 13456, 13486, 13546, 13726, 13816, 14385, 14445, 14475, 14505, 14775, 14805, 14895, 14925, 14985, 15014, 15044, 17952, 18011, 18041, 18371, 19480, 22057, 25114, 25324, 25504, 25534, 28741, 33296]
2026-03-07 18:41:59,131 | INFO | Selecting frames for question Z-1lgAXOEc8_0 on video Z-1lgAXOEc8.mp4: frames=1013 tags=4
2026-03-07 18:42:08,826 | INFO | Selected 32 frames for question Z-1lgAXOEc8_0: [0, 23, 47, 71, 95, 119, 2229, 2349, 2373, 2397, 2445, 7600, 7624, 12275, 12299, 12371, 12419, 12467, 12491, 12515, 12659, 14865, 19300, 19324, 21458, 21506, 21554, 21650, 21674, 21722, 21746, 23040]
2026-03-07 18:42:08,826 | INFO | Selecting frames for question Z-1lgAXOEc8_1 on video Z-1lgAXOEc8.mp4: frames=1013 tags=4
2026-03-07 18:42:18,485 | INFO | Selected 32 frames for question Z-1lgAXOEc8_1: [983, 1006, 1030, 1054, 1078, 1126, 1150, 1174, 1198, 1246, 1270, 1318, 1366, 1390, 1486, 1510, 1534, 1582, 3044, 3068, 3092, 6401, 6425, 6449, 6473, 6521, 6545, 6977, 7024, 12731, 22657, 22897]
2026-03-07 18:42:18,485 | INFO | Selecting frames for question Z-1lgAXOEc8_2 on video Z-1lgAXOEc8.mp4: frames=1013 tags=4
2026-03-07 18:42:28,686 | INFO | Selected 32 frames for question Z-1lgAXOEc8_2: [9158, 13570, 13618, 14625, 14649, 14673, 14745, 14769, 14817, 14841, 14865, 14889, 14913, 14937, 14961, 14985, 15032, 15056, 15080, 15104, 15128, 15272, 15296, 16255, 16567, 16903, 16999, 17094, 18533, 18557, 18581, 21626]
2026-03-07 18:42:28,687 | INFO | Selecting frames for question eDso3zHFxL8_0 on video eDso3zHFxL8.mp4: frames=1123 tags=4
2026-03-07 18:42:41,091 | INFO | Selected 32 frames for question eDso3zHFxL8_0: [1558, 1582, 1798, 1822, 6809, 7840, 7888, 8727, 8751, 9662, 9686, 9710, 9758, 9830, 9854, 13858, 14001, 14865, 15512, 16687, 16711, 17862, 18269, 18293, 19348, 20211, 20259, 20283, 20979, 21146, 22993, 25294]
2026-03-07 18:42:41,092 | INFO | Selecting frames for question eDso3zHFxL8_1 on video eDso3zHFxL8.mp4: frames=1123 tags=4
2026-03-07 18:42:52,969 | INFO | Selected 32 frames for question eDso3zHFxL8_1: [335, 1798, 1822, 2181, 2829, 2853, 7888, 8727, 8751, 8775, 9662, 9686, 9758, 9830, 10405, 10429, 10453, 10621, 10717, 13834, 13978, 14001, 14025, 16687, 16711, 17838, 18269, 18293, 19420, 20211, 20283, 25342]
2026-03-07 18:42:52,970 | INFO | Selecting frames for question eDso3zHFxL8_2 on video eDso3zHFxL8.mp4: frames=1123 tags=4
2026-03-07 18:43:05,437 | INFO | Selected 32 frames for question eDso3zHFxL8_2: [1078, 1558, 1582, 1606, 1630, 1654, 1750, 1798, 1822, 4051, 6809, 9830, 10549, 10573, 14097, 17166, 17214, 18269, 18293, 19348, 19804, 20259, 22369, 22393, 22465, 22489, 25222, 25246, 25270, 25942, 26013, 26133]
2026-03-07 18:43:05,438 | INFO | Selecting frames for question 0t1vtW0cT1E_0 on video 0t1vtW0cT1E.mp4: frames=951 tags=4
2026-03-07 18:43:16,469 | INFO | Selected 32 frames for question 0t1vtW0cT1E_0: [3420, 7110, 11070, 11160, 11940, 12180, 12210, 12240, 12330, 12360, 12390, 12420, 12450, 12480, 12510, 12540, 12600, 12630, 12840, 12930, 12960, 13110, 13170, 13710, 14580, 14910, 15210, 15270, 15300, 15390, 15810, 20850]
2026-03-07 18:43:16,469 | INFO | Selecting frames for question 0t1vtW0cT1E_1 on video 0t1vtW0cT1E.mp4: frames=951 tags=4
2026-03-07 18:43:24,841 | INFO | Selected 32 frames for question 0t1vtW0cT1E_1: [17820, 17850, 18150, 19200, 19230, 19260, 19290, 19320, 19350, 19410, 19470, 19500, 19530, 19560, 19920, 19950, 20010, 20040, 20130, 20160, 20340, 20370, 20430, 20460, 20610, 21600, 21720, 21810, 21900, 23220, 23250, 23280]
2026-03-07 18:43:24,841 | INFO | Selecting frames for question 0t1vtW0cT1E_2 on video 0t1vtW0cT1E.mp4: frames=951 tags=4
2026-03-07 18:43:33,745 | INFO | Selected 32 frames for question 0t1vtW0cT1E_2: [300, 16290, 16500, 19830, 20070, 20190, 21240, 21630, 21660, 21750, 21780, 21810, 21840, 21900, 21990, 22170, 22230, 23250, 23280, 23340, 23370, 23400, 23430, 23460, 23490, 23520, 23550, 23580, 23790, 23820, 23850, 24450]
2026-03-07 18:43:33,745 | INFO | Selecting frames for question mfS6gyP0mwo_0 on video mfS6gyP0mwo.mp4: frames=1114 tags=4
2026-03-07 18:43:45,275 | INFO | Selected 32 frames for question mfS6gyP0mwo_0: [29, 119, 149, 2247, 2277, 2307, 2367, 8691, 16123, 16153, 17772, 29070, 29100, 29130, 29160, 29400, 30899, 30929, 32517, 32577, 32727, 32757, 32787, 32817, 32847, 32877, 32967, 32996, 33086, 33176, 33206, 33236]
2026-03-07 18:43:45,275 | INFO | Selecting frames for question mfS6gyP0mwo_1 on video mfS6gyP0mwo.mp4: frames=1114 tags=4
2026-03-07 18:43:57,937 | INFO | Selected 32 frames for question mfS6gyP0mwo_1: [29, 119, 149, 209, 1948, 8691, 16123, 16153, 17142, 17772, 17802, 18401, 18431, 18461, 18491, 18521, 18611, 21338, 21368, 21398, 22117, 22147, 22177, 23256, 29400, 32996, 33026, 33056, 33086, 33176, 33206, 33236]
2026-03-07 18:43:57,938 | INFO | Selecting frames for question mfS6gyP0mwo_2 on video mfS6gyP0mwo.mp4: frames=1114 tags=4
2026-03-07 18:44:09,969 | INFO | Selected 32 frames for question mfS6gyP0mwo_2: [2247, 2277, 2367, 2427, 2667, 16393, 16423, 17142, 21398, 22087, 22117, 22147, 22177, 22777, 23256, 23286, 23316, 23346, 26133, 26763, 26913, 26943, 26973, 27002, 27032, 27212, 27242, 27272, 27302, 27392, 27422, 27602]
2026-03-07 18:44:09,969 | INFO | Selecting frames for question zVudr8cxHRE_0 on video zVudr8cxHRE.mp4: frames=1236 tags=4
2026-03-07 18:44:25,477 | INFO | Selected 32 frames for question zVudr8cxHRE_0: [1054, 3764, 4603, 4843, 4891, 4963, 6185, 7528, 7552, 7816, 7864, 8151, 8463, 8895, 8991, 9230, 9278, 10357, 12779, 13018, 13066, 13546, 13714, 13882, 14865, 14889, 16063, 18533, 18797, 19156, 23712, 27524]
2026-03-07 18:44:25,477 | INFO | Selecting frames for question zVudr8cxHRE_1 on video zVudr8cxHRE.mp4: frames=1236 tags=4
2026-03-07 18:44:40,145 | INFO | Selected 32 frames for question zVudr8cxHRE_1: [551, 2061, 3764, 3836, 3860, 4147, 7528, 7576, 7600, 7744, 7792, 7840, 7864, 8151, 8175, 8511, 8751, 9158, 10333, 11676, 11940, 17598, 17982, 24551, 24575, 24767, 24791, 24839, 24863, 24887, 26733, 26781]
2026-03-07 18:44:40,146 | INFO | Selecting frames for question zVudr8cxHRE_2 on video zVudr8cxHRE.mp4: frames=1236 tags=4
2026-03-07 18:44:55,881 | INFO | Selected 32 frames for question zVudr8cxHRE_2: [6401, 6449, 7480, 7552, 9158, 9182, 10717, 12755, 12803, 12875, 12899, 13090, 13954, 16255, 16279, 16351, 16375, 16399, 16447, 16471, 16495, 16519, 17142, 18125, 18149, 18533, 18605, 18749, 24455, 24551, 24575, 26613]
2026-03-07 18:44:55,881 | INFO | Selecting frames for question LVFvRNRTEd4_0 on video LVFvRNRTEd4.mp4: frames=1181 tags=4
2026-03-07 18:45:08,870 | INFO | Selected 32 frames for question LVFvRNRTEd4_0: [3812, 5442, 5466, 5490, 5538, 5562, 5586, 5610, 5634, 5658, 5682, 5706, 5730, 5850, 7216, 7240, 7480, 11100, 13714, 13738, 13882, 15560, 15608, 16183, 20979, 22825, 25462, 26325, 26349, 26853, 26877, 27092]
2026-03-07 18:45:08,871 | INFO | Selecting frames for question LVFvRNRTEd4_1 on video LVFvRNRTEd4.mp4: frames=1181 tags=4
2026-03-07 18:45:22,091 | INFO | Selected 32 frames for question LVFvRNRTEd4_1: [3284, 3740, 3764, 3836, 7240, 8679, 11220, 11244, 11316, 11340, 15368, 16831, 17022, 17046, 17070, 17094, 17118, 17142, 17166, 17814, 17838, 18197, 18221, 18245, 18269, 18293, 23544, 23568, 23592, 23616, 25150, 25198]
2026-03-07 18:45:22,092 | INFO | Selecting frames for question LVFvRNRTEd4_2 on video LVFvRNRTEd4.mp4: frames=1181 tags=4
2026-03-07 18:45:35,759 | INFO | Selected 32 frames for question LVFvRNRTEd4_2: [2109, 2277, 2325, 2493, 3068, 3284, 4123, 12443, 13906, 13930, 14721, 16423, 18053, 18077, 18125, 18173, 18197, 18221, 18245, 19708, 19852, 19876, 19900, 19924, 22393, 22417, 22441, 24359, 24935, 25150, 25174, 25198]
2026-03-07 18:45:35,761 | INFO | Selecting frames for question OAHsR02dUc0_0 on video OAHsR02dUc0.mp4: frames=3485 tags=4
2026-03-07 18:47:37,075 | INFO | Selected 32 frames for question OAHsR02dUc0_0: [33500, 55650, 55675, 55700, 55725, 55750, 55775, 56050, 56075, 56100, 56125, 56150, 56175, 56200, 56225, 56250, 56275, 56450, 56475, 56750, 56775, 56800, 56825, 56850, 56875, 56900, 57300, 57325, 57350, 57375, 57400, 57800]
2026-03-07 18:47:37,076 | INFO | Selecting frames for question OAHsR02dUc0_1 on video OAHsR02dUc0.mp4: frames=3485 tags=4
2026-03-07 18:49:37,367 | INFO | Selected 32 frames for question OAHsR02dUc0_1: [7925, 8075, 8100, 8125, 8150, 8175, 9850, 9900, 10200, 10250, 10300, 10350, 10400, 10450, 10550, 10600, 10650, 10850, 10900, 11850, 12450, 12550, 12600, 36700, 47775, 82825, 83050, 83075, 83475, 83500, 83525, 83550]
2026-03-07 18:49:37,368 | INFO | Selecting frames for question OAHsR02dUc0_2 on video OAHsR02dUc0.mp4: frames=3485 tags=4
2026-03-07 18:51:39,067 | INFO | Selected 32 frames for question OAHsR02dUc0_2: [3600, 33500, 38000, 42575, 42600, 42625, 52000, 52025, 52050, 52075, 52100, 73000, 73025, 73050, 73075, 73100, 73125, 73150, 75250, 75325, 75350, 75375, 75400, 75425, 75450, 75475, 75500, 75525, 75550, 75575, 77150, 83050]
2026-03-07 18:51:39,068 | INFO | Selecting frames for question bwDfdTh0VYs_0 on video bwDfdTh0VYs.mp4: frames=1732 tags=4
2026-03-07 18:52:06,720 | INFO | Selected 32 frames for question bwDfdTh0VYs_0: [5010, 5490, 6690, 11310, 11550, 11580, 24660, 25440, 25470, 26040, 26370, 26400, 26430, 26460, 26490, 26520, 26550, 26580, 26610, 26640, 26670, 26700, 26730, 26760, 26790, 26820, 26850, 26880, 26910, 26940, 31770, 39450]
2026-03-07 18:52:06,721 | INFO | Selecting frames for question bwDfdTh0VYs_1 on video bwDfdTh0VYs.mp4: frames=1732 tags=4
2026-03-07 18:52:35,771 | INFO | Selected 32 frames for question bwDfdTh0VYs_1: [2490, 3990, 6690, 14850, 14880, 14910, 14940, 15060, 16860, 24360, 24390, 24420, 24450, 24480, 27660, 27840, 27870, 29940, 29970, 30000, 30030, 30060, 30120, 30150, 30240, 30270, 30300, 30330, 30360, 31770, 34950, 40800]
2026-03-07 18:52:35,772 | INFO | Selecting frames for question bwDfdTh0VYs_2 on video bwDfdTh0VYs.mp4: frames=1732 tags=4
2026-03-07 18:53:05,047 | INFO | Selected 32 frames for question bwDfdTh0VYs_2: [6690, 30240, 30270, 30300, 30330, 30450, 30480, 30510, 30540, 30570, 30600, 30630, 30660, 30690, 30900, 30930, 30960, 30990, 31020, 31050, 31080, 31110, 31140, 31200, 31230, 31260, 31290, 31320, 31350, 31530, 31560, 31770]
2026-03-07 18:53:05,048 | INFO | Selecting frames for question -0aM99dMu_4_0 on video -0aM99dMu_4.mp4: frames=1355 tags=4
2026-03-07 18:53:22,570 | INFO | Selected 32 frames for question -0aM99dMu_4_0: [6144, 6168, 6192, 6216, 6264, 6288, 6312, 6336, 6360, 6384, 6408, 6432, 6456, 6480, 7608, 7680, 8184, 13848, 21336, 21864, 22152, 23160, 24312, 24360, 24984, 25032, 25248, 25344, 27120, 29520, 29712, 29736]
2026-03-07 18:53:22,571 | INFO | Selecting frames for question -0aM99dMu_4_1 on video -0aM99dMu_4.mp4: frames=1355 tags=4
2026-03-07 18:53:39,582 | INFO | Selected 32 frames for question -0aM99dMu_4_1: [1968, 1992, 2016, 2040, 3912, 21408, 21432, 21456, 21480, 21504, 21528, 21552, 21576, 21600, 21624, 21648, 21672, 21816, 21840, 25248, 25416, 29136, 29520, 29544, 29568, 29592, 29616, 29640, 29664, 29688, 29712, 29736]
2026-03-07 18:53:39,583 | INFO | Selecting frames for question -0aM99dMu_4_2 on video -0aM99dMu_4.mp4: frames=1355 tags=4
2026-03-07 18:53:57,240 | INFO | Selected 32 frames for question -0aM99dMu_4_2: [25992, 26016, 26064, 26136, 26160, 26184, 26208, 26256, 26280, 26328, 26352, 26376, 26400, 26544, 26568, 26592, 26616, 26640, 26664, 26688, 26712, 26736, 26760, 26784, 26808, 26832, 26880, 26904, 26928, 26952, 26976, 27720]
2026-03-07 18:53:57,241 | INFO | Selecting frames for question wFrztzzohJ8_0 on video wFrztzzohJ8.mp4: frames=1061 tags=4
2026-03-07 18:54:09,268 | INFO | Selected 32 frames for question wFrztzzohJ8_0: [2157, 2187, 2217, 2247, 2277, 2307, 2337, 2367, 2397, 2427, 2457, 2487, 2517, 2547, 2577, 2667, 4735, 7372, 12347, 13546, 17892, 20499, 20529, 20559, 20589, 21608, 21638, 21668, 21698, 21728, 26943, 26973]
2026-03-07 18:54:09,269 | INFO | Selecting frames for question wFrztzzohJ8_1 on video wFrztzzohJ8.mp4: frames=1061 tags=4
2026-03-07 18:54:21,438 | INFO | Selected 32 frames for question wFrztzzohJ8_1: [2217, 2307, 2457, 2667, 3026, 7072, 9530, 12347, 16543, 16633, 19210, 19240, 19270, 19300, 19330, 19360, 19390, 19420, 19450, 19480, 19510, 19750, 20499, 20529, 20559, 20589, 21878, 26823, 26943, 26973, 29040, 31648]
2026-03-07 18:54:21,438 | INFO | Selecting frames for question wFrztzzohJ8_2 on video wFrztzzohJ8.mp4: frames=1061 tags=4
2026-03-07 18:54:32,756 | INFO | Selected 32 frames for question wFrztzzohJ8_2: [3026, 3056, 3086, 3116, 3566, 3596, 3656, 3716, 3746, 4195, 4225, 4255, 4285, 4315, 4435, 4825, 5064, 19690, 19720, 22837, 22867, 22897, 22927, 22957, 22987, 23406, 23586, 23826, 23856, 26283, 26313, 29280]
2026-03-07 18:54:32,757 | INFO | Selecting frames for question bAGhXcYc0o4_0 on video bAGhXcYc0o4.mp4: frames=1151 tags=4
2026-03-07 18:54:45,311 | INFO | Selected 32 frames for question bAGhXcYc0o4_0: [3596, 3620, 3644, 3668, 7408, 7432, 8991, 9134, 11052, 12611, 12779, 12803, 12827, 12851, 12875, 12923, 12947, 18701, 19060, 19084, 19108, 19132, 19156, 19180, 19468, 19492, 19516, 19564, 19588, 19612, 23112, 23160]
2026-03-07 18:54:45,311 | INFO | Selecting frames for question bAGhXcYc0o4_1 on video bAGhXcYc0o4.mp4: frames=1151 tags=4
2026-03-07 18:54:58,484 | INFO | Selected 32 frames for question bAGhXcYc0o4_1: [383, 3452, 5562, 5586, 5610, 7624, 7672, 7696, 7720, 7744, 8991, 11028, 11052, 11076, 11100, 11124, 12611, 12779, 12803, 12851, 12923, 18485, 18509, 18533, 18557, 18581, 19468, 19492, 19516, 19564, 19588, 19612]
2026-03-07 18:54:58,485 | INFO | Selecting frames for question bAGhXcYc0o4_2 on video bAGhXcYc0o4.mp4: frames=1151 tags=4
2026-03-07 18:55:11,002 | INFO | Selected 32 frames for question bAGhXcYc0o4_2: [5250, 7408, 7432, 8679, 8991, 11628, 11652, 11676, 11700, 11724, 11748, 11844, 11916, 19636, 19660, 19684, 19708, 24071, 24407, 24431, 25678, 25702, 25870, 26085, 26229, 26253, 26325, 26445, 26469, 26493, 26517, 26541]
2026-03-07 18:55:11,003 | INFO | Selecting frames for question mq6L8CnNJXc_0 on video mq6L8CnNJXc.mp4: frames=1184 tags=4
2026-03-07 18:55:24,347 | INFO | Selected 32 frames for question mq6L8CnNJXc_0: [575, 10885, 10909, 10933, 12419, 12443, 12467, 12491, 12515, 12539, 12587, 12611, 12635, 13354, 13378, 13402, 13450, 14625, 14649, 14697, 14721, 14745, 17046, 17526, 17550, 17574, 17646, 20211, 20763, 24839, 24863, 27284]
2026-03-07 18:55:24,348 | INFO | Selecting frames for question mq6L8CnNJXc_1 on video mq6L8CnNJXc.mp4: frames=1184 tags=4
2026-03-07 18:55:37,859 | INFO | Selected 32 frames for question mq6L8CnNJXc_1: [575, 1894, 2109, 2493, 7384, 10885, 10909, 10933, 11268, 11292, 11316, 12419, 12539, 13762, 14625, 14697, 14721, 14745, 15464, 15680, 16087, 16375, 18389, 18413, 18437, 24143, 26949, 27188, 27452, 27836, 27860, 27884]
2026-03-07 18:55:37,860 | INFO | Selecting frames for question mq6L8CnNJXc_2 on video mq6L8CnNJXc.mp4: frames=1184 tags=4
2026-03-07 18:55:51,496 | INFO | Selected 32 frames for question mq6L8CnNJXc_2: [1894, 3092, 9830, 9854, 14937, 24887, 24911, 25030, 25150, 25270, 25294, 25318, 25390, 25750, 25870, 25894, 25918, 26061, 26085, 26157, 26181, 26349, 26373, 26493, 26733, 26757, 26949, 27188, 27212, 27260, 27284, 27452]
2026-03-07 18:55:51,496 | INFO | Selecting frames for question ZRMbh0wSly0_0 on video ZRMbh0wSly0.mp4: frames=1177 tags=4
2026-03-07 18:56:06,668 | INFO | Selected 32 frames for question ZRMbh0wSly0_0: [407, 2901, 18101, 18125, 18149, 18173, 18197, 18245, 18269, 18293, 18317, 18437, 18485, 18509, 18533, 18845, 18869, 18893, 18917, 18941, 18965, 18989, 19012, 19036, 19060, 19180, 19300, 19324, 19396, 19444, 26493, 27188]
2026-03-07 18:56:06,669 | INFO | Selecting frames for question ZRMbh0wSly0_1 on video ZRMbh0wSly0.mp4: frames=1177 tags=4
2026-03-07 18:56:19,454 | INFO | Selected 32 frames for question ZRMbh0wSly0_1: [239, 311, 1654, 4651, 13882, 14361, 14385, 14409, 14433, 14457, 14577, 16687, 16783, 16807, 16831, 16855, 16879, 18557, 18773, 18797, 18821, 19324, 19348, 19372, 19396, 19420, 19444, 23568, 24983, 27908, 27932, 27980]
2026-03-07 18:56:19,454 | INFO | Selecting frames for question ZRMbh0wSly0_2 on video ZRMbh0wSly0.mp4: frames=1177 tags=4
2026-03-07 18:56:32,516 | INFO | Selected 32 frames for question ZRMbh0wSly0_2: [6233, 8199, 14817, 14865, 15728, 18029, 18053, 18101, 18125, 18149, 18173, 18197, 18221, 18293, 18317, 18365, 18389, 18485, 18509, 18533, 18557, 18677, 19780, 19804, 20067, 20115, 22033, 22057, 22081, 22225, 26469, 26493]
2026-03-07 18:56:32,516 | INFO | Selecting frames for question F2OhCCEIOcU_0 on video F2OhCCEIOcU.mp4: frames=1159 tags=4
2026-03-07 18:56:45,370 | INFO | Selected 32 frames for question F2OhCCEIOcU_0: [335, 359, 1246, 2013, 2037, 2061, 2085, 2109, 2301, 2325, 2349, 2373, 2397, 2421, 2469, 2493, 2517, 2541, 2565, 3452, 6305, 6329, 6569, 8943, 8991, 9014, 14409, 14481, 16975, 16999, 17022, 27548]
2026-03-07 18:56:45,371 | INFO | Selecting frames for question F2OhCCEIOcU_1 on video F2OhCCEIOcU.mp4: frames=1159 tags=4
2026-03-07 18:56:59,487 | INFO | Selected 32 frames for question F2OhCCEIOcU_1: [167, 311, 359, 455, 551, 1462, 1750, 1798, 1822, 1990, 2493, 5082, 7528, 11676, 13978, 14865, 15512, 15560, 16735, 16759, 17694, 18629, 19852, 20667, 20691, 24623, 24839, 26397, 26973, 27020, 27164, 27572]
2026-03-07 18:56:59,488 | INFO | Selecting frames for question F2OhCCEIOcU_2 on video F2OhCCEIOcU.mp4: frames=1159 tags=4
2026-03-07 18:57:14,887 | INFO | Selected 32 frames for question F2OhCCEIOcU_2: [1678, 1750, 1894, 1918, 1942, 1990, 2445, 2877, 4267, 4939, 5082, 5106, 5130, 5706, 5730, 5922, 16807, 16831, 16855, 16903, 16975, 16999, 17022, 17046, 17070, 17910, 20067, 21194, 24599, 24671, 24791, 27188]
2026-03-07 18:57:14,887 | INFO | Selecting frames for question 1D9TgBrW6Sw_0 on video 1D9TgBrW6Sw.mp4: frames=1517 tags=4
2026-03-07 18:57:36,885 | INFO | Selected 32 frames for question 1D9TgBrW6Sw_0: [2856, 4320, 12144, 12312, 12336, 12360, 12432, 12624, 12768, 12792, 12816, 13056, 13080, 13104, 13128, 13152, 13200, 13224, 13296, 13392, 13944, 14064, 15264, 19032, 19128, 19224, 19440, 19920, 22824, 33000, 33408, 34344]
2026-03-07 18:57:36,885 | INFO | Selecting frames for question 1D9TgBrW6Sw_1 on video 1D9TgBrW6Sw.mp4: frames=1517 tags=4
2026-03-07 18:57:58,645 | INFO | Selected 32 frames for question 1D9TgBrW6Sw_1: [3024, 15432, 19392, 19488, 20400, 20424, 20496, 20544, 20568, 23040, 23064, 23088, 23112, 27288, 27312, 27336, 27408, 32568, 32616, 33408, 33432, 33456, 33480, 33504, 33528, 33552, 33576, 33600, 33624, 33648, 34200, 34344]
2026-03-07 18:57:58,646 | INFO | Selecting frames for question 1D9TgBrW6Sw_2 on video 1D9TgBrW6Sw.mp4: frames=1517 tags=4
2026-03-07 18:58:20,915 | INFO | Selected 32 frames for question 1D9TgBrW6Sw_2: [6864, 6888, 6912, 6960, 13296, 13392, 13920, 14904, 14928, 14952, 15840, 16224, 18984, 19080, 19392, 28776, 28800, 28872, 29760, 29784, 29808, 29832, 29856, 29880, 29904, 29928, 29952, 29976, 30000, 34200, 34272, 34344]
2026-03-07 18:58:20,915 | INFO | Selecting frames for question ZsnfXfuGRrg_0 on video ZsnfXfuGRrg.mp4: frames=1059 tags=4
2026-03-07 18:58:31,722 | INFO | Selected 32 frames for question ZsnfXfuGRrg_0: [7170, 14460, 15990, 16740, 16770, 16800, 16830, 16860, 16890, 16920, 17070, 17100, 17130, 17160, 17190, 17220, 17250, 17280, 17310, 17340, 17370, 17400, 30720, 30750, 30780, 30810, 30840, 30870, 30900, 30930, 31020, 31170]
2026-03-07 18:58:31,722 | INFO | Selecting frames for question ZsnfXfuGRrg_1 on video ZsnfXfuGRrg.mp4: frames=1059 tags=4
2026-03-07 18:58:42,119 | INFO | Selected 32 frames for question ZsnfXfuGRrg_1: [2280, 2310, 2340, 2490, 2520, 2550, 2580, 2610, 2670, 2700, 2730, 2880, 2910, 3030, 3570, 3600, 3630, 3660, 19170, 19200, 19230, 19260, 19290, 19320, 30960, 30990, 31020, 31050, 31080, 31110, 31140, 31170]
2026-03-07 18:58:42,119 | INFO | Selecting frames for question ZsnfXfuGRrg_2 on video ZsnfXfuGRrg.mp4: frames=1059 tags=4
2026-03-07 18:58:52,502 | INFO | Selected 32 frames for question ZsnfXfuGRrg_2: [240, 270, 2280, 2610, 2640, 2670, 2700, 2730, 3030, 6960, 6990, 7020, 7050, 7080, 7110, 7140, 7170, 7200, 7230, 7260, 7320, 7350, 7380, 7410, 7440, 7470, 7500, 7560, 7590, 7620, 7650, 8520]
2026-03-07 18:58:52,503 | INFO | Selecting frames for question 5tN9hyfdkaE_0 on video 5tN9hyfdkaE.mp4: frames=1489 tags=4
2026-03-07 18:59:14,569 | INFO | Selected 32 frames for question 5tN9hyfdkaE_0: [300, 325, 6425, 6650, 15075, 15125, 17900, 18075, 18125, 18150, 18425, 18775, 19550, 20600, 22550, 25025, 26475, 26500, 28825, 34000, 34025, 34100, 34125, 34300, 34625, 34825, 35675, 35800, 35825, 35900, 36325, 36725]
2026-03-07 18:59:14,570 | INFO | Selecting frames for question 5tN9hyfdkaE_1 on video 5tN9hyfdkaE.mp4: frames=1489 tags=4
2026-03-07 18:59:36,078 | INFO | Selected 32 frames for question 5tN9hyfdkaE_1: [100, 825, 975, 1075, 1100, 1175, 12025, 15125, 16650, 18125, 18225, 18425, 18775, 19825, 19850, 19975, 20125, 20250, 20575, 20600, 23925, 26250, 26450, 26500, 26800, 27350, 27375, 28900, 28925, 30175, 34500, 35675]
2026-03-07 18:59:36,079 | INFO | Selecting frames for question 5tN9hyfdkaE_2 on video 5tN9hyfdkaE.mp4: frames=1489 tags=4
2026-03-07 19:00:00,183 | INFO | Selected 32 frames for question 5tN9hyfdkaE_2: [2375, 2650, 7825, 11325, 11400, 15600, 15650, 15675, 15700, 17775, 18000, 18225, 20725, 23125, 23775, 25575, 25825, 25925, 26050, 27300, 27925, 28800, 31500, 31525, 31550, 31650, 31675, 31700, 34650, 34975, 35550, 36650]
2026-03-07 19:00:00,184 | INFO | Selecting frames for question a_hkRXc_bYg_0 on video a_hkRXc_bYg.mp4: frames=2995 tags=4
2026-03-07 19:01:28,661 | INFO | Selected 32 frames for question a_hkRXc_bYg_0: [29430, 32007, 35514, 43936, 44475, 44505, 46903, 46963, 46993, 58021, 58051, 58081, 58111, 58681, 58711, 61528, 61738, 61918, 62007, 65574, 71568, 71598, 71658, 71748, 71928, 72047, 72287, 75494, 82177, 89370, 89400, 89580]
2026-03-07 19:01:28,662 | INFO | Selecting frames for question a_hkRXc_bYg_1 on video a_hkRXc_bYg.mp4: frames=2995 tags=4
2026-03-07 19:02:59,469 | INFO | Selected 32 frames for question a_hkRXc_bYg_1: [2547, 22567, 22597, 22657, 22687, 23196, 23226, 23256, 23286, 23316, 23346, 23376, 23526, 23556, 23586, 23616, 23646, 29880, 31948, 32037, 32667, 39380, 39440, 40309, 40339, 44535, 45764, 45794, 45824, 71778, 72377, 74475]
2026-03-07 19:02:59,470 | INFO | Selecting frames for question a_hkRXc_bYg_2 on video a_hkRXc_bYg.mp4: frames=2995 tags=4
2026-03-07 19:04:27,401 | INFO | Selected 32 frames for question a_hkRXc_bYg_2: [9560, 28441, 28471, 48491, 51908, 51938, 58681, 61888, 61918, 64525, 68121, 68151, 68181, 68211, 69740, 69770, 69800, 69830, 69860, 69890, 70489, 70909, 70969, 71028, 71088, 74505, 83736, 83826, 83856, 83886, 84275, 88141]
2026-03-07 19:04:27,402 | INFO | Selecting frames for question td35F9LNazA_0 on video td35F9LNazA.mp4: frames=984 tags=4
2026-03-07 19:04:36,764 | INFO | Selected 32 frames for question td35F9LNazA_0: [2760, 3990, 4530, 4710, 5970, 6000, 7770, 8100, 8130, 9300, 10140, 10170, 10200, 10230, 10650, 10860, 10920, 10950, 11370, 11520, 11610, 11670, 11820, 12540, 15780, 18750, 18960, 18990, 19110, 19140, 19530, 24450]
2026-03-07 19:04:36,764 | INFO | Selecting frames for question td35F9LNazA_1 on video td35F9LNazA.mp4: frames=984 tags=4
2026-03-07 19:04:46,028 | INFO | Selected 32 frames for question td35F9LNazA_1: [1770, 2190, 2610, 3150, 3180, 3330, 3360, 3720, 3810, 4470, 4500, 6030, 6060, 6150, 6180, 9180, 9210, 9240, 9330, 9900, 12330, 12420, 14520, 14550, 14580, 14670, 14700, 14850, 21030, 21180, 24510, 24600]
2026-03-07 19:04:46,029 | INFO | Selecting frames for question td35F9LNazA_2 on video td35F9LNazA.mp4: frames=984 tags=4
2026-03-07 19:04:55,027 | INFO | Selected 32 frames for question td35F9LNazA_2: [1980, 2040, 2190, 2220, 2250, 2280, 2310, 2610, 4770, 4800, 4830, 4860, 11220, 11580, 11610, 18720, 18750, 18780, 18840, 18870, 18900, 18930, 18960, 18990, 19020, 19110, 19140, 19290, 20100, 20160, 20550, 25470]
2026-03-07 19:04:55,028 | INFO | Selecting frames for question ZGMGQsnSdLE_0 on video ZGMGQsnSdLE.mp4: frames=2376 tags=4
2026-03-07 19:05:54,853 | INFO | Selected 32 frames for question ZGMGQsnSdLE_0: [4795, 4885, 4945, 4975, 13906, 13996, 14025, 21278, 21308, 21338, 21368, 21398, 21428, 21458, 33146, 33176, 33206, 33236, 37822, 42647, 42767, 44025, 44625, 44685, 44775, 44835, 44865, 44895, 44955, 44985, 45014, 52597]
2026-03-07 19:05:54,854 | INFO | Selecting frames for question ZGMGQsnSdLE_1 on video ZGMGQsnSdLE.mp4: frames=2376 tags=4
2026-03-07 19:06:51,608 | INFO | Selected 32 frames for question ZGMGQsnSdLE_1: [3086, 3146, 3206, 39170, 42467, 42497, 42527, 42557, 42587, 42677, 42707, 44385, 44415, 44445, 44475, 44655, 44685, 44715, 44745, 44805, 44835, 44925, 44955, 45044, 52237, 52597, 53076, 63176, 63476, 63536, 63626, 63716]
2026-03-07 19:06:51,609 | INFO | Selecting frames for question ZGMGQsnSdLE_2 on video ZGMGQsnSdLE.mp4: frames=2376 tags=4
2026-03-07 19:07:45,976 | INFO | Selected 32 frames for question ZGMGQsnSdLE_2: [329, 4465, 6263, 13726, 16543, 16573, 16603, 16633, 25264, 25294, 25324, 25354, 25384, 25414, 25444, 31678, 32787, 32817, 32847, 36503, 37162, 37192, 39650, 40159, 48191, 48221, 48251, 64615, 64645, 64675, 64705, 64765]
2026-03-07 19:07:45,977 | INFO | Selecting frames for question mTn_C-SyW84_0 on video mTn_C-SyW84.mp4: frames=917 tags=4
2026-03-07 19:07:53,734 | INFO | Selected 32 frames for question mTn_C-SyW84_0: [2205, 4171, 6761, 6785, 6809, 6833, 7696, 7720, 7744, 7768, 7792, 7816, 7840, 7864, 8079, 8343, 8943, 9062, 9086, 9422, 10645, 10765, 10789, 10813, 11052, 11076, 13186, 13210, 13426, 13834, 16711, 18101]
2026-03-07 19:07:53,734 | INFO | Selecting frames for question mTn_C-SyW84_1 on video mTn_C-SyW84.mp4: frames=917 tags=4
2026-03-07 19:08:03,493 | INFO | Selected 32 frames for question mTn_C-SyW84_1: [6833, 8799, 10645, 13258, 13306, 13330, 13378, 13714, 13738, 13930, 13954, 13978, 14001, 14025, 14049, 14073, 14169, 14217, 14241, 14265, 14289, 14409, 14553, 14601, 14625, 14649, 15080, 15152, 15176, 15296, 15368, 15416]
2026-03-07 19:08:03,494 | INFO | Selecting frames for question mTn_C-SyW84_2 on video mTn_C-SyW84.mp4: frames=917 tags=4
2026-03-07 19:08:14,192 | INFO | Selected 32 frames for question mTn_C-SyW84_2: [6809, 7240, 7264, 7288, 7312, 10765, 11844, 13450, 18341, 18365, 18389, 18413, 18461, 18509, 18533, 18557, 18581, 18605, 18629, 18653, 18677, 18701, 18725, 18749, 18773, 18869, 18893, 18941, 18965, 18989, 19012, 19036]
2026-03-07 19:08:14,194 | INFO | Selecting frames for question GdFMKGNFXaE_0 on video GdFMKGNFXaE.mp4: frames=2774 tags=4
2026-03-07 19:09:29,604 | INFO | Selected 32 frames for question GdFMKGNFXaE_0: [200, 325, 350, 2675, 2725, 2750, 2900, 11800, 16525, 16550, 16600, 16625, 16650, 16675, 16700, 16725, 16750, 16950, 19175, 19225, 19250, 20875, 20925, 20950, 20975, 21550, 45850, 51450, 69150, 69175, 69200, 69225]
2026-03-07 19:09:29,605 | INFO | Selecting frames for question GdFMKGNFXaE_1 on video GdFMKGNFXaE.mp4: frames=2774 tags=4
2026-03-07 19:10:45,514 | INFO | Selected 32 frames for question GdFMKGNFXaE_1: [3150, 4025, 4750, 8800, 8825, 8850, 8875, 8900, 15500, 32425, 42700, 42725, 42750, 42775, 42800, 43075, 50200, 50225, 50250, 50275, 50300, 62875, 62900, 62925, 62950, 62975, 63150, 63225, 63300, 64575, 64600, 64625]
2026-03-07 19:10:45,516 | INFO | Selecting frames for question GdFMKGNFXaE_2 on video GdFMKGNFXaE.mp4: frames=2774 tags=4
2026-03-07 19:12:01,650 | INFO | Selected 32 frames for question GdFMKGNFXaE_2: [2050, 4075, 4200, 14775, 14800, 15450, 15475, 15575, 15775, 15850, 15975, 22225, 30400, 30475, 30550, 38575, 38725, 38775, 38925, 38975, 39925, 40275, 53050, 53075, 54700, 55825, 66475, 66525, 67100, 67250, 67275, 67825]
2026-03-07 19:12:01,650 | INFO | Selecting frames for question rP7sQe784k8_0 on video rP7sQe784k8.mp4: frames=1200 tags=4
2026-03-07 19:12:15,296 | INFO | Selected 32 frames for question rP7sQe784k8_0: [18000, 18025, 20100, 21100, 21150, 21175, 21925, 21950, 22000, 22100, 22125, 22150, 22175, 22200, 22225, 22250, 22275, 25875, 25900, 25925, 25950, 26025, 26175, 26875, 26900, 26925, 27250, 27300, 27325, 27475, 27500, 28250]
2026-03-07 19:12:15,296 | INFO | Selecting frames for question rP7sQe784k8_1 on video rP7sQe784k8.mp4: frames=1200 tags=4
2026-03-07 19:12:29,157 | INFO | Selected 32 frames for question rP7sQe784k8_1: [5400, 5450, 6000, 6100, 6300, 6975, 7000, 7025, 7050, 7200, 7225, 7525, 10475, 12575, 16325, 16350, 17600, 17650, 20050, 20075, 20100, 20175, 22075, 22100, 25725, 26600, 27375, 28775, 28950, 28975, 29100, 29125]
2026-03-07 19:12:29,157 | INFO | Selecting frames for question rP7sQe784k8_2 on video rP7sQe784k8.mp4: frames=1200 tags=4
2026-03-07 19:12:42,785 | INFO | Selected 32 frames for question rP7sQe784k8_2: [5700, 16125, 17600, 18025, 18050, 18200, 20100, 20125, 21525, 22100, 25900, 25950, 25975, 26000, 26025, 26050, 26075, 26100, 26250, 26275, 26900, 27000, 27025, 27050, 27075, 27150, 28150, 28175, 28250, 28725, 28800, 28875]
2026-03-07 19:12:42,786 | INFO | Selecting frames for question KTY9bogonyw_0 on video KTY9bogonyw.mp4: frames=2617 tags=4
2026-03-07 19:13:51,882 | INFO | Selected 32 frames for question KTY9bogonyw_0: [0, 29, 59, 149, 179, 209, 239, 329, 16963, 20979, 23676, 23706, 23796, 23826, 32247, 32277, 32307, 32337, 32367, 32397, 33086, 38601, 38661, 52057, 55054, 60029, 76123, 76483, 76873, 76903, 76963, 77982]
2026-03-07 19:13:51,884 | INFO | Selecting frames for question KTY9bogonyw_1 on video KTY9bogonyw.mp4: frames=2617 tags=4
2026-03-07 19:14:59,903 | INFO | Selected 32 frames for question KTY9bogonyw_1: [0, 29, 59, 23586, 23676, 23706, 27812, 27842, 27872, 27902, 27932, 27962, 28021, 28051, 28081, 28111, 28141, 28171, 28201, 28261, 28291, 28321, 28351, 28381, 28411, 28441, 28471, 28501, 31048, 32397, 38661, 57362]
2026-03-07 19:14:59,904 | INFO | Selecting frames for question KTY9bogonyw_2 on video KTY9bogonyw.mp4: frames=2617 tags=4
2026-03-07 19:16:06,986 | INFO | Selected 32 frames for question KTY9bogonyw_2: [0, 209, 239, 479, 539, 1498, 20709, 24095, 24125, 33266, 33326, 33356, 33386, 33416, 33446, 33476, 33566, 33596, 33626, 33656, 33686, 33746, 35304, 35334, 35364, 38661, 39770, 40069, 57602, 59310, 78131, 78371]
2026-03-07 19:16:06,986 | INFO | Selecting frames for question f0IbZGfTgUM_0 on video f0IbZGfTgUM.mp4: frames=1117 tags=4
2026-03-07 19:16:18,522 | INFO | Selected 32 frames for question f0IbZGfTgUM_0: [9600, 13620, 14310, 14340, 14400, 14430, 14460, 15090, 15120, 15150, 15180, 15840, 16020, 23040, 28560, 28590, 28620, 28650, 28680, 28710, 28740, 28770, 28800, 28830, 28860, 28890, 28920, 28950, 28980, 29010, 29040, 29070]
2026-03-07 19:16:18,524 | INFO | Selecting frames for question f0IbZGfTgUM_1 on video f0IbZGfTgUM.mp4: frames=1117 tags=4
2026-03-07 19:16:31,918 | INFO | Selected 32 frames for question f0IbZGfTgUM_1: [180, 2460, 9540, 13620, 20130, 20160, 20190, 20220, 20250, 20280, 20310, 20670, 20760, 20790, 21210, 24030, 24060, 24090, 24810, 24870, 24900, 24930, 24960, 24990, 25410, 26010, 26040, 26070, 26100, 26130, 26160, 30750]
2026-03-07 19:16:31,918 | INFO | Selecting frames for question f0IbZGfTgUM_2 on video f0IbZGfTgUM.mp4: frames=1117 tags=4
2026-03-07 19:16:44,660 | INFO | Selected 32 frames for question f0IbZGfTgUM_2: [13620, 15180, 20550, 22800, 22830, 22980, 23010, 23040, 23070, 23100, 23130, 23160, 24150, 24180, 24210, 24810, 24840, 24870, 25890, 25920, 25950, 25980, 30720, 30750, 30780, 30810, 30840, 30870, 31050, 31080, 31110, 31560]
2026-03-07 19:16:44,660 | INFO | Selecting frames for question z6THwql5c6w_0 on video z6THwql5c6w.mp4: frames=910 tags=4
2026-03-07 19:16:52,568 | INFO | Selected 32 frames for question z6THwql5c6w_0: [5124, 6113, 6233, 6413, 6443, 6473, 6503, 7372, 7552, 11358, 11388, 13786, 13816, 14445, 14475, 14505, 14535, 14565, 14595, 14625, 14655, 14685, 14715, 14745, 19180, 19210, 20379, 20409, 22267, 22297, 22327, 22417]
2026-03-07 19:16:52,569 | INFO | Selecting frames for question z6THwql5c6w_1 on video z6THwql5c6w.mp4: frames=910 tags=4
2026-03-07 19:17:00,910 | INFO | Selected 32 frames for question z6THwql5c6w_1: [1888, 5694, 5724, 6143, 6203, 6233, 7432, 7552, 8361, 8391, 8451, 8481, 8511, 8541, 8571, 8601, 11208, 12407, 14625, 14655, 14715, 18941, 18971, 19030, 19060, 19090, 19300, 19360, 21218, 21248, 21278, 24575]
2026-03-07 19:17:00,910 | INFO | Selecting frames for question z6THwql5c6w_2 on video z6THwql5c6w.mp4: frames=910 tags=4
2026-03-07 19:17:09,939 | INFO | Selected 32 frames for question z6THwql5c6w_2: [3086, 6113, 6143, 6173, 6203, 6233, 8421, 14445, 14475, 14505, 14535, 14565, 14595, 14625, 14655, 14685, 14715, 14745, 20499, 20529, 20559, 21488, 21518, 21548, 21578, 21608, 21638, 21668, 21698, 22447, 23796, 26343]
2026-03-07 19:17:09,940 | INFO | Selecting frames for question GuEptwLiAvs_0 on video GuEptwLiAvs.mp4: frames=927 tags=4
2026-03-07 19:17:17,971 | INFO | Selected 32 frames for question GuEptwLiAvs_0: [650, 875, 2325, 2350, 2375, 2425, 2450, 2475, 2500, 2525, 2550, 2575, 2600, 4825, 7750, 11675, 11700, 11725, 11750, 11775, 11800, 12050, 19700, 20250, 20575, 22850, 22875, 22975, 23000, 23025, 23050, 23075]
2026-03-07 19:17:17,971 | INFO | Selecting frames for question GuEptwLiAvs_1 on video GuEptwLiAvs.mp4: frames=927 tags=4
2026-03-07 19:17:26,121 | INFO | Selected 32 frames for question GuEptwLiAvs_1: [0, 650, 875, 1600, 2325, 2350, 2375, 2450, 2475, 2500, 2525, 2550, 2575, 2600, 4100, 4825, 4875, 11500, 11675, 11700, 11725, 11750, 11775, 11800, 12000, 12050, 12125, 20250, 20575, 21150, 21575, 21775]
2026-03-07 19:17:26,122 | INFO | Selecting frames for question GuEptwLiAvs_2 on video GuEptwLiAvs.mp4: frames=927 tags=4
2026-03-07 19:17:35,001 | INFO | Selected 32 frames for question GuEptwLiAvs_2: [0, 1600, 2325, 2350, 2525, 2550, 2575, 2600, 4900, 12050, 13400, 15050, 17050, 17075, 17100, 17325, 17450, 17700, 17975, 18025, 18075, 18100, 18125, 18150, 18175, 18525, 19250, 19300, 19400, 19475, 19850, 20250]
2026-03-07 19:17:35,005 | INFO | Selecting frames for question IGmuaY1jB1w_0 on video IGmuaY1jB1w.mp4: frames=1777 tags=4
2026-03-07 19:18:05,072 | INFO | Selected 32 frames for question IGmuaY1jB1w_0: [325, 3900, 8200, 10450, 13750, 18200, 18225, 18250, 25425, 25450, 25475, 25500, 25525, 25550, 28450, 29450, 30200, 30225, 30250, 30275, 30300, 30325, 30350, 30375, 30400, 31050, 31475, 31750, 31775, 32500, 32525, 44300]
2026-03-07 19:18:05,073 | INFO | Selecting frames for question IGmuaY1jB1w_1 on video IGmuaY1jB1w.mp4: frames=1777 tags=4
2026-03-07 19:18:35,679 | INFO | Selected 32 frames for question IGmuaY1jB1w_1: [325, 3900, 10450, 13750, 18200, 24825, 24850, 24875, 24900, 25425, 25450, 25475, 25500, 25525, 25550, 27625, 27650, 28225, 28250, 28450, 29500, 30050, 30325, 30350, 30375, 30400, 31475, 31750, 31775, 31975, 32500, 44275]
2026-03-07 19:18:35,679 | INFO | Selecting frames for question IGmuaY1jB1w_2 on video IGmuaY1jB1w.mp4: frames=1777 tags=4
2026-03-07 19:19:07,578 | INFO | Selected 32 frames for question IGmuaY1jB1w_2: [3900, 25300, 25325, 25425, 25450, 25475, 25675, 25700, 25725, 25750, 25775, 25925, 25950, 25975, 26000, 26025, 26200, 26225, 26250, 26275, 29275, 29350, 29375, 29400, 29450, 29475, 29500, 31475, 31625, 31650, 31750, 44300]
2026-03-07 19:19:07,578 | INFO | Selecting frames for question DVsw1brd_Yc_0 on video DVsw1brd_Yc.mp4: frames=1071 tags=4
2026-03-07 19:19:19,668 | INFO | Selected 32 frames for question DVsw1brd_Yc_0: [3236, 4375, 4855, 4945, 5064, 5094, 5394, 6713, 6743, 12047, 12077, 15164, 15194, 15224, 15254, 15284, 15314, 18371, 18851, 20739, 21668, 21758, 21818, 21968, 21998, 22027, 22057, 22087, 22117, 22147, 24545, 30659]
2026-03-07 19:19:19,669 | INFO | Selecting frames for question DVsw1brd_Yc_1 on video DVsw1brd_Yc.mp4: frames=1071 tags=4
2026-03-07 19:19:30,506 | INFO | Selected 32 frames for question DVsw1brd_Yc_1: [2697, 2727, 2757, 2817, 4225, 4555, 5064, 5274, 5364, 6713, 6743, 19780, 21668, 21758, 21818, 21968, 21998, 22027, 22057, 22087, 22117, 22147, 22447, 23436, 23736, 23766, 24155, 24545, 26613, 28621, 30659, 30749]
2026-03-07 19:19:30,506 | INFO | Selecting frames for question DVsw1brd_Yc_2 on video DVsw1brd_Yc.mp4: frames=1071 tags=4
2026-03-07 19:19:41,466 | INFO | Selected 32 frames for question DVsw1brd_Yc_2: [1648, 3116, 3236, 3266, 3296, 3326, 4225, 4375, 4495, 4555, 4585, 4855, 5064, 5394, 10879, 10999, 12047, 12077, 12167, 13216, 13336, 14445, 15134, 15164, 15194, 15224, 15254, 15284, 15314, 18371, 22057, 30659]
2026-03-07 19:19:41,467 | INFO | Selecting frames for question JLBsG65WoVU_0 on video JLBsG65WoVU.mp4: frames=1004 tags=4
2026-03-07 19:19:50,965 | INFO | Selected 32 frames for question JLBsG65WoVU_0: [179, 1978, 2697, 3386, 4165, 4195, 4225, 4285, 4315, 4345, 4435, 4585, 4615, 4645, 4675, 4705, 4765, 4795, 4825, 4915, 4945, 4975, 5004, 5034, 12017, 19030, 21878, 21968, 28381, 28591, 29130, 29160]
2026-03-07 19:19:50,965 | INFO | Selecting frames for question JLBsG65WoVU_1 on video JLBsG65WoVU.mp4: frames=1004 tags=4
2026-03-07 19:20:00,454 | INFO | Selected 32 frames for question JLBsG65WoVU_1: [0, 29, 479, 1978, 12017, 28171, 28201, 28231, 28381, 28411, 28441, 28471, 28681, 28711, 28741, 28831, 28891, 28951, 28981, 29010, 29040, 29130, 29160, 29580, 29850, 29880, 29910, 29940, 29970, 30000, 30029, 30059]
2026-03-07 19:20:00,454 | INFO | Selecting frames for question JLBsG65WoVU_2 on video JLBsG65WoVU.mp4: frames=1004 tags=4
2026-03-07 19:20:09,621 | INFO | Selected 32 frames for question JLBsG65WoVU_2: [0, 239, 269, 299, 329, 359, 389, 479, 539, 749, 809, 1168, 1198, 1228, 1378, 1408, 1438, 1468, 1528, 1558, 1588, 1978, 28021, 28261, 28381, 28591, 28711, 28801, 29010, 29040, 29130, 29160]
2026-03-07 19:20:09,622 | INFO | Selecting frames for question fWNJmZAWRNg_0 on video fWNJmZAWRNg.mp4: frames=914 tags=4
2026-03-07 19:20:18,247 | INFO | Selected 32 frames for question fWNJmZAWRNg_0: [3380, 3404, 3428, 3452, 3500, 3524, 3572, 3620, 3788, 4747, 5178, 5298, 5322, 5346, 5370, 5418, 5442, 5514, 5754, 5778, 5802, 5850, 5922, 6641, 6665, 6689, 6713, 6833, 6857, 7072, 11652, 13546]
2026-03-07 19:20:18,248 | INFO | Selecting frames for question fWNJmZAWRNg_1 on video fWNJmZAWRNg.mp4: frames=914 tags=4
2026-03-07 19:20:27,293 | INFO | Selected 32 frames for question fWNJmZAWRNg_1: [3188, 4051, 4147, 4723, 4747, 5298, 5370, 5802, 5850, 6473, 6665, 7552, 7576, 7648, 7672, 7696, 7720, 7744, 7768, 7840, 10309, 10333, 10837, 10861, 10885, 10957, 11652, 12611, 16399, 17094, 19636, 19660]
2026-03-07 19:20:27,294 | INFO | Selecting frames for question fWNJmZAWRNg_2 on video fWNJmZAWRNg.mp4: frames=914 tags=4
2026-03-07 19:20:35,513 | INFO | Selected 32 frames for question fWNJmZAWRNg_2: [1582, 1798, 1870, 1894, 2109, 2133, 2157, 2205, 2229, 2253, 2277, 2421, 2445, 2469, 2493, 2901, 5994, 6593, 6905, 7144, 7192, 7240, 7264, 7288, 8367, 8391, 8415, 8439, 8463, 8607, 8655, 12923]
2026-03-07 19:20:35,514 | INFO | Selecting frames for question x4UBaEojM6U_0 on video x4UBaEojM6U.mp4: frames=961 tags=4
2026-03-07 19:20:44,039 | INFO | Selected 32 frames for question x4UBaEojM6U_0: [2880, 2910, 3060, 3390, 3450, 6180, 6210, 6240, 16890, 17730, 17760, 17790, 19260, 23010, 23190, 23220, 23280, 23310, 23340, 23370, 23400, 23460, 24660, 25020, 25170, 25200, 25230, 25260, 25290, 25320, 25350, 25380]
2026-03-07 19:20:44,040 | INFO | Selecting frames for question x4UBaEojM6U_1 on video x4UBaEojM6U.mp4: frames=961 tags=4
2026-03-07 19:20:52,721 | INFO | Selected 32 frames for question x4UBaEojM6U_1: [1020, 3060, 3180, 3780, 3990, 4080, 4110, 4140, 4170, 6090, 6180, 6210, 6240, 8580, 9300, 9330, 9360, 9390, 9420, 9450, 9480, 9510, 16680, 21240, 21900, 23280, 23310, 23340, 23370, 25170, 25200, 25320]
2026-03-07 19:20:52,721 | INFO | Selecting frames for question x4UBaEojM6U_2 on video x4UBaEojM6U.mp4: frames=961 tags=4
2026-03-07 19:21:01,569 | INFO | Selected 32 frames for question x4UBaEojM6U_2: [2820, 3060, 3390, 3450, 5970, 16860, 16890, 17730, 17760, 17790, 18870, 19260, 19530, 20640, 22620, 23190, 23220, 23370, 23610, 23850, 24450, 24660, 24690, 25170, 25260, 25290, 25320, 25350, 25380, 26070, 26190, 26220]
2026-03-07 19:21:01,569 | INFO | Selecting frames for question x1FkhxMMIcg_1 on video x1FkhxMMIcg.mp4: frames=199 tags=4
2026-03-07 19:21:02,040 | INFO | Selected 32 frames for question x1FkhxMMIcg_1: [389, 419, 449, 479, 509, 689, 719, 1288, 1408, 1828, 1918, 1948, 2157, 2217, 2397, 3686, 3716, 3746, 3776, 3806, 4075, 4255, 4315, 4375, 4525, 5754, 5784, 5814, 5844, 5874, 5904, 5934]
2026-03-07 19:21:02,041 | INFO | Selecting frames for question BRiFXVCr1Ak_0 on video BRiFXVCr1Ak.mp4: frames=377 tags=4
2026-03-07 19:21:03,450 | INFO | Selected 32 frames for question BRiFXVCr1Ak_0: [29, 89, 119, 329, 449, 479, 509, 779, 869, 929, 1558, 1618, 1888, 1918, 1948, 2037, 2127, 3026, 3146, 3446, 4405, 4495, 5184, 6413, 6563, 7432, 7732, 8181, 11088, 11118, 11148, 11178]
2026-03-07 19:21:03,451 | INFO | Selecting frames for question BRiFXVCr1Ak_1 on video BRiFXVCr1Ak.mp4: frames=377 tags=4
2026-03-07 19:21:04,711 | INFO | Selected 32 frames for question BRiFXVCr1Ak_1: [0, 29, 59, 89, 119, 329, 449, 479, 509, 779, 869, 929, 989, 1618, 1888, 1918, 1948, 2127, 3026, 3446, 3566, 4285, 5304, 5574, 7012, 7042, 7732, 8181, 11088, 11118, 11148, 11178]
2026-03-07 19:21:04,711 | INFO | Selecting frames for question t1nhAnMQBHg_1 on video t1nhAnMQBHg.mp4: frames=398 tags=4
2026-03-07 19:21:06,124 | INFO | Selected 32 frames for question t1nhAnMQBHg_1: [1378, 1408, 1438, 1498, 1528, 1558, 1588, 1618, 1648, 1678, 1708, 2067, 2547, 2637, 2667, 2697, 2967, 3056, 3086, 3146, 3326, 3476, 3686, 3716, 3746, 3776, 3806, 3836, 3926, 3956, 3986, 4285]
2026-03-07 19:21:06,124 | INFO | Selecting frames for question LHXS0QR1ThA_1 on video LHXS0QR1ThA.mp4: frames=484 tags=4
2026-03-07 19:21:08,323 | INFO | Selected 32 frames for question LHXS0QR1ThA_1: [0, 30, 60, 90, 120, 180, 210, 240, 270, 300, 330, 360, 390, 420, 450, 480, 510, 540, 570, 600, 630, 660, 690, 720, 750, 780, 810, 840, 870, 4230, 8790, 12660]
2026-03-07 19:21:08,324 | INFO | Selecting frames for question fxCRCMLJ0PU_1 on video fxCRCMLJ0PU.mp4: frames=291 tags=4
2026-03-07 19:21:09,210 | INFO | Selected 32 frames for question fxCRCMLJ0PU_1: [240, 288, 696, 720, 744, 768, 792, 816, 840, 864, 888, 912, 936, 960, 1224, 1344, 1512, 1560, 1656, 2712, 3048, 4368, 4392, 4416, 4488, 4512, 4560, 4656, 5136, 5160, 5184, 6096]
2026-03-07 19:21:09,211 | INFO | Selecting frames for question rIU_BQEuKQ8_1 on video rIU_BQEuKQ8.mp4: frames=290 tags=4
2026-03-07 19:21:10,097 | INFO | Selected 32 frames for question rIU_BQEuKQ8_1: [449, 809, 839, 869, 899, 929, 959, 989, 1018, 1048, 1078, 1108, 1138, 1168, 1198, 1228, 1258, 1288, 1318, 1348, 1378, 1588, 1828, 1888, 1948, 1978, 2007, 2037, 2067, 3176, 6623, 6683]
2026-03-07 19:21:10,097 | INFO | Selecting frames for question PzUxuZ-KGsU_1 on video PzUxuZ-KGsU.mp4: frames=245 tags=4
2026-03-07 19:21:10,828 | INFO | Selected 32 frames for question PzUxuZ-KGsU_1: [180, 510, 540, 600, 810, 960, 1470, 1560, 1740, 1800, 2430, 2790, 3780, 3810, 3840, 4050, 4080, 4410, 4560, 4800, 4830, 4860, 4980, 5040, 5070, 5100, 5130, 5160, 5190, 5220, 5250, 6060]
2026-03-07 19:21:10,829 | INFO | Selecting frames for question ZoUsR8t8IxE_1 on video ZoUsR8t8IxE.mp4: frames=394 tags=4
2026-03-07 19:21:12,427 | INFO | Selected 32 frames for question ZoUsR8t8IxE_1: [625, 650, 675, 700, 4375, 4400, 4425, 5150, 5200, 5350, 5525, 5550, 5700, 5725, 5825, 5875, 5925, 6000, 6050, 6125, 6175, 6200, 6225, 6250, 6275, 6300, 6425, 6625, 8375, 8850, 9125, 9200]
2026-03-07 19:21:12,427 | INFO | Selecting frames for question Oht0i1DACcA_1 on video Oht0i1DACcA.mp4: frames=238 tags=4
2026-03-07 19:21:12,945 | INFO | Selected 32 frames for question Oht0i1DACcA_1: [359, 659, 1228, 1258, 1948, 2067, 2097, 2127, 2187, 2217, 2697, 2727, 2757, 2877, 3626, 4825, 5004, 5544, 5604, 5784, 5814, 5844, 6023, 6113, 6143, 6173, 6413, 6443, 6533, 6563, 6593, 6623]
2026-03-07 19:21:12,945 | INFO | Selecting frames for question 0oALTLKRWBA_1 on video 0oALTLKRWBA.mp4: frames=407 tags=4
2026-03-07 19:21:14,531 | INFO | Selected 32 frames for question 0oALTLKRWBA_1: [30, 450, 600, 1380, 1470, 1500, 1530, 1590, 1620, 1890, 3810, 4230, 4320, 5760, 5820, 6120, 6720, 7890, 8580, 8700, 9060, 9390, 9600, 10110, 10740, 10890, 11190, 11460, 11490, 11820, 11880, 11970]
2026-03-07 19:21:14,532 | INFO | Selecting frames for question pFtKaT3GF9I_1 on video pFtKaT3GF9I.mp4: frames=524 tags=4
2026-03-07 19:21:17,051 | INFO | Selected 32 frames for question pFtKaT3GF9I_1: [1948, 1978, 3386, 3416, 3446, 3716, 3806, 4285, 5064, 5094, 6143, 6533, 6623, 6743, 8931, 8961, 8991, 9380, 9890, 11418, 11448, 11628, 13876, 13906, 15134, 15164, 15194, 15224, 15254, 15344, 15524, 15614]
2026-03-07 19:21:17,051 | INFO | Selecting frames for question Efuyl2Anehg_1 on video Efuyl2Anehg.mp4: frames=511 tags=4
2026-03-07 19:21:19,508 | INFO | Selected 32 frames for question Efuyl2Anehg_1: [0, 23, 47, 71, 95, 119, 143, 167, 191, 215, 239, 263, 287, 311, 335, 359, 383, 407, 479, 527, 551, 575, 623, 695, 719, 767, 1942, 1966, 1990, 2493, 2877, 8319]
2026-03-07 19:21:19,509 | INFO | Selecting frames for question 0WEnmqVVbHo_1 on video 0WEnmqVVbHo.mp4: frames=479 tags=4
2026-03-07 19:21:21,563 | INFO | Selected 32 frames for question 0WEnmqVVbHo_1: [2247, 3356, 3446, 3866, 5454, 6743, 7072, 7102, 7342, 7372, 7402, 7432, 7522, 7852, 7882, 7942, 7972, 8211, 8301, 8331, 8361, 8391, 8421, 8451, 8481, 8511, 8541, 8691, 8781, 13276, 13306, 13516]
2026-03-07 19:21:21,563 | INFO | Selecting frames for question q3FAxTSENEw_0 on video q3FAxTSENEw.mp4: frames=416 tags=4
2026-03-07 19:21:23,101 | INFO | Selected 32 frames for question q3FAxTSENEw_0: [1290, 1920, 2040, 2070, 2160, 2190, 2220, 2250, 2490, 6810, 11070, 11430, 11460, 11490, 11520, 11550, 11580, 11610, 11640, 11670, 11700, 11730, 11760, 11790, 11820, 11850, 11880, 11910, 11940, 11970, 12180, 12210]
2026-03-07 19:21:23,101 | INFO | Selecting frames for question q3FAxTSENEw_1 on video q3FAxTSENEw.mp4: frames=416 tags=4
2026-03-07 19:21:24,603 | INFO | Selected 32 frames for question q3FAxTSENEw_1: [1290, 1890, 1920, 1980, 2010, 2040, 2070, 2100, 2130, 2160, 2190, 2220, 2250, 4530, 6810, 9510, 11070, 11520, 11550, 11640, 11670, 11700, 11730, 11760, 11790, 11820, 11850, 11880, 11910, 11940, 11970, 12180]
2026-03-07 19:21:24,604 | INFO | Selecting frames for question T57jVsvVVR0_1 on video T57jVsvVVR0.mp4: frames=263 tags=4
2026-03-07 19:21:25,215 | INFO | Selected 32 frames for question T57jVsvVVR0_1: [1925, 2175, 2200, 2225, 2250, 2275, 2300, 2425, 3575, 3600, 3625, 3650, 3675, 3700, 3725, 3750, 3775, 3800, 3850, 3925, 3950, 4000, 4025, 4100, 4125, 4200, 4300, 4325, 4350, 4375, 4400, 5975]
2026-03-07 19:21:25,215 | INFO | Selecting frames for question qyaQ-wfojbM_0 on video qyaQ-wfojbM.mp4: frames=198 tags=4
2026-03-07 19:21:25,536 | INFO | Selected 32 frames for question qyaQ-wfojbM_0: [503, 599, 743, 767, 1030, 1126, 1318, 1462, 1582, 1630, 2061, 2109, 2157, 2229, 2373, 2397, 2421, 2445, 2589, 2781, 2829, 2877, 3020, 3044, 3164, 3188, 3500, 3692, 4363, 4387, 4411, 4435]
2026-03-07 19:21:25,536 | INFO | Selecting frames for question qyaQ-wfojbM_1 on video qyaQ-wfojbM.mp4: frames=198 tags=4
2026-03-07 19:21:25,887 | INFO | Selected 32 frames for question qyaQ-wfojbM_1: [0, 47, 71, 503, 1318, 1582, 1630, 1990, 2085, 2157, 2373, 2397, 2421, 2445, 2589, 2853, 2877, 2901, 2925, 2973, 2997, 3020, 3044, 3164, 3188, 3692, 3956, 4267, 4363, 4387, 4411, 4435]
2026-03-07 19:21:25,888 | INFO | Selecting frames for question DRIpznER-VQ_1 on video DRIpznER-VQ.mp4: frames=308 tags=4
2026-03-07 19:21:26,697 | INFO | Selected 32 frames for question DRIpznER-VQ_1: [1414, 1438, 1510, 1534, 1558, 1582, 1606, 1630, 1654, 1678, 1750, 1822, 1846, 1870, 1894, 1918, 1942, 1966, 1990, 2013, 2037, 2541, 2565, 2589, 2613, 2661, 4291, 4315, 4339, 4507, 5994, 7168]
2026-03-07 19:21:26,698 | INFO | Selecting frames for question gtX_oRpLClY_1 on video gtX_oRpLClY.mp4: frames=236 tags=4
2026-03-07 19:21:27,191 | INFO | Selected 32 frames for question gtX_oRpLClY_1: [330, 360, 390, 780, 810, 840, 1230, 1680, 1890, 1920, 1950, 1980, 2010, 2040, 2700, 2910, 3810, 3930, 3960, 3990, 4740, 5430, 5760, 5790, 6030, 6300, 6360, 6570, 6630, 6810, 6840, 6900]
2026-03-07 19:21:27,191 | INFO | Selecting frames for question D0RyFh0hnkQ_1 on video D0RyFh0hnkQ.mp4: frames=521 tags=4
2026-03-07 19:21:29,719 | INFO | Selected 32 frames for question D0RyFh0hnkQ_1: [3225, 3300, 3325, 8025, 8625, 8650, 8675, 8700, 8725, 8750, 9700, 10775, 10800, 10825, 10850, 10875, 10900, 10925, 10950, 10975, 11000, 11025, 11150, 11175, 11200, 11225, 11250, 11300, 11350, 11450, 12050, 12775]
2026-03-07 19:21:29,720 | INFO | Selecting frames for question yl-6-Yzt--A_1 on video yl-6-Yzt--A.mp4: frames=349 tags=4
2026-03-07 19:21:30,878 | INFO | Selected 32 frames for question yl-6-Yzt--A_1: [509, 659, 1168, 1198, 1228, 1258, 1288, 1318, 1348, 1648, 2847, 3626, 3686, 3716, 3746, 3776, 3806, 4135, 4195, 4225, 4795, 6263, 6293, 6323, 6353, 6383, 6413, 8001, 8031, 8061, 8091, 8121]
2026-03-07 19:21:30,878 | INFO | Selecting frames for question 2Uh_KNmsoqI_0 on video 2Uh_KNmsoqI.mp4: frames=17 tags=4
2026-03-07 19:21:30,879 | INFO | Selected 17 frames for question 2Uh_KNmsoqI_0: [0, 29, 59, 89, 119, 149, 179, 209, 239, 269, 299, 329, 359, 389, 419, 449, 479]
2026-03-07 19:21:30,879 | INFO | Selecting frames for question xSzXFQPldJg_0 on video xSzXFQPldJg.mp4: frames=51 tags=4
2026-03-07 19:21:30,896 | INFO | Selected 32 frames for question xSzXFQPldJg_0: [0, 24, 48, 96, 120, 144, 288, 312, 336, 360, 384, 408, 432, 456, 480, 504, 816, 864, 888, 912, 936, 960, 984, 1008, 1032, 1056, 1080, 1104, 1128, 1152, 1176, 1200]
2026-03-07 19:21:30,896 | INFO | Selecting frames for question HPunfsyjETs_0 on video HPunfsyjETs.mp4: frames=19 tags=4
2026-03-07 19:21:30,896 | INFO | Selected 19 frames for question HPunfsyjETs_0: [0, 23, 47, 71, 95, 119, 143, 167, 191, 215, 239, 263, 287, 311, 335, 359, 383, 407, 431]
2026-03-07 19:21:30,896 | INFO | Selecting frames for question GdZYLAI0vpc_0 on video GdZYLAI0vpc.mp4: frames=24 tags=4
2026-03-07 19:21:30,896 | INFO | Selected 24 frames for question GdZYLAI0vpc_0: [0, 30, 60, 90, 120, 150, 180, 210, 240, 270, 300, 330, 360, 390, 420, 450, 480, 510, 540, 570, 600, 630, 660, 690]
2026-03-07 19:21:30,896 | INFO | Selecting frames for question mHccnoh9f5w_0 on video mHccnoh9f5w.mp4: frames=8 tags=4
2026-03-07 19:21:30,896 | INFO | Selected 8 frames for question mHccnoh9f5w_0: [0, 29, 59, 89, 119, 149, 179, 209]
2026-03-07 19:21:30,896 | INFO | Selecting frames for question Q4GK4asczVA_0 on video Q4GK4asczVA.mp4: frames=11 tags=4
2026-03-07 19:21:30,896 | INFO | Selected 11 frames for question Q4GK4asczVA_0: [0, 29, 59, 89, 119, 149, 179, 209, 239, 269, 299]
2026-03-07 19:21:30,897 | INFO | Selecting frames for question mFliMGufpwc_0 on video mFliMGufpwc.mp4: frames=1987 tags=4
2026-03-07 19:22:13,326 | INFO | Selected 32 frames for question mFliMGufpwc_0: [8490, 8520, 10860, 10890, 10920, 19620, 19650, 19680, 21360, 21390, 21420, 22470, 22500, 24210, 24240, 24270, 24300, 30600, 30690, 31200, 31470, 31500, 31530, 32550, 33450, 40620, 47580, 47610, 47640, 47880, 47910, 53490]
2026-03-07 19:22:13,327 | INFO | Selecting frames for question mFliMGufpwc_1 on video mFliMGufpwc.mp4: frames=1987 tags=4
2026-03-07 19:22:51,617 | INFO | Selected 32 frames for question mFliMGufpwc_1: [1260, 2280, 2490, 2820, 2850, 2880, 4050, 4080, 4680, 4710, 5460, 5790, 5820, 8700, 8910, 9090, 9540, 9630, 9870, 9900, 12150, 14280, 21990, 22020, 22110, 22140, 23160, 23190, 34110, 37830, 42030, 49530]
2026-03-07 19:22:51,618 | INFO | Selecting frames for question mFliMGufpwc_2 on video mFliMGufpwc.mp4: frames=1987 tags=4
2026-03-07 19:23:30,899 | INFO | Selected 32 frames for question mFliMGufpwc_2: [1860, 7260, 7290, 9870, 9900, 12660, 12690, 14070, 14100, 14940, 23160, 23190, 23880, 23910, 23940, 34110, 34230, 37830, 40500, 40530, 40920, 40950, 42030, 45060, 48300, 48330, 48360, 50520, 51390, 52260, 53550, 55440]
2026-03-07 19:23:30,899 | INFO | Selecting frames for question NpYUxd1vUUE_0 on video NpYUxd1vUUE.mp4: frames=913 tags=4
2026-03-07 19:23:38,776 | INFO | Selected 32 frames for question NpYUxd1vUUE_0: [0, 30, 240, 2520, 3480, 5760, 6180, 6360, 7560, 7800, 9960, 11940, 14010, 14250, 14340, 15000, 15930, 15960, 19680, 19740, 19890, 19920, 19950, 20040, 20760, 21930, 22410, 22440, 23790, 26130, 26460, 27180]
2026-03-07 19:23:38,776 | INFO | Selecting frames for question NpYUxd1vUUE_1 on video NpYUxd1vUUE.mp4: frames=913 tags=4
2026-03-07 19:23:47,608 | INFO | Selected 32 frames for question NpYUxd1vUUE_1: [0, 30, 240, 570, 600, 2520, 3480, 5760, 5790, 6390, 7560, 7800, 9960, 11940, 14010, 14250, 15000, 15930, 15960, 17400, 18900, 19410, 19890, 19950, 22410, 22950, 23790, 24960, 25320, 26070, 26460, 27180]
2026-03-07 19:23:47,609 | INFO | Selecting frames for question NpYUxd1vUUE_2 on video NpYUxd1vUUE.mp4: frames=913 tags=4
2026-03-07 19:23:56,115 | INFO | Selected 32 frames for question NpYUxd1vUUE_2: [0, 30, 240, 2520, 3480, 5760, 6180, 6360, 7560, 7800, 9960, 11940, 14010, 14250, 14340, 15000, 15930, 15960, 19680, 19740, 19890, 19920, 19950, 20040, 20760, 21930, 22410, 22440, 23790, 26130, 26460, 27180]
2026-03-07 19:23:56,116 | INFO | Selecting frames for question HeRS3nwySI8_0 on video HeRS3nwySI8.mp4: frames=974 tags=4
2026-03-07 19:24:05,175 | INFO | Selected 32 frames for question HeRS3nwySI8_0: [120, 150, 1230, 2340, 2400, 3240, 3270, 4830, 9870, 10020, 10050, 10380, 16500, 16620, 16800, 16830, 17610, 17970, 19200, 22200, 22470, 24270, 25950, 25980, 26010, 26040, 27000, 27810, 27960, 27990, 28020, 28050]
2026-03-07 19:24:05,176 | INFO | Selecting frames for question HeRS3nwySI8_1 on video HeRS3nwySI8.mp4: frames=974 tags=4
2026-03-07 19:24:14,459 | INFO | Selected 32 frames for question HeRS3nwySI8_1: [3090, 3120, 3840, 4230, 4260, 4500, 4530, 4560, 4920, 5790, 5820, 5850, 5910, 6120, 6180, 6210, 7740, 8400, 10200, 11430, 14340, 15720, 15750, 16620, 16710, 18810, 18840, 18870, 18990, 19290, 21930, 26070]
2026-03-07 19:24:14,460 | INFO | Selecting frames for question HeRS3nwySI8_2 on video HeRS3nwySI8.mp4: frames=974 tags=4
2026-03-07 19:24:24,020 | INFO | Selected 32 frames for question HeRS3nwySI8_2: [450, 480, 8010, 8070, 8310, 9810, 16530, 17010, 17040, 18660, 19380, 19410, 19440, 19470, 19590, 20070, 21060, 21150, 21660, 21690, 22410, 22470, 23160, 23400, 26910, 26940, 26970, 27000, 27510, 27540, 27900, 28470]
2026-03-07 19:24:24,021 | INFO | Selecting frames for question 3u__SZlBLC0_0 on video 3u__SZlBLC0.mp4: frames=1835 tags=4
2026-03-07 19:25:00,012 | INFO | Selected 32 frames for question 3u__SZlBLC0_0: [17490, 17520, 17550, 17580, 17610, 17640, 17790, 17820, 17850, 18120, 18150, 18180, 20040, 20070, 20310, 20340, 20370, 27480, 40230, 40260, 40290, 40380, 40410, 40440, 40650, 40680, 40710, 41580, 41610, 41640, 42030, 42450]
2026-03-07 19:25:00,013 | INFO | Selecting frames for question 3u__SZlBLC0_1 on video 3u__SZlBLC0.mp4: frames=1835 tags=4
2026-03-07 19:25:34,383 | INFO | Selected 32 frames for question 3u__SZlBLC0_1: [1260, 1290, 6690, 7020, 7590, 16890, 16920, 20040, 35100, 35130, 35160, 35250, 39450, 40230, 40680, 40710, 41250, 41280, 41610, 41640, 42030, 42090, 42480, 42510, 43500, 45900, 45930, 50820, 51030, 51060, 51330, 51360]
2026-03-07 19:25:34,384 | INFO | Selecting frames for question 3u__SZlBLC0_2 on video 3u__SZlBLC0.mp4: frames=1835 tags=4
2026-03-07 19:26:10,132 | INFO | Selected 32 frames for question 3u__SZlBLC0_2: [3840, 3870, 9750, 9780, 10380, 11280, 11850, 12960, 13320, 17190, 17220, 17250, 23610, 23850, 23910, 31500, 31530, 31590, 31620, 34410, 34440, 34590, 34620, 45960, 45990, 46020, 46290, 46320, 46350, 46410, 46890, 50940]
2026-03-07 19:26:10,132 | INFO | Selecting frames for question yz3lOAe32Tw_0 on video yz3lOAe32Tw.mp4: frames=1115 tags=4
2026-03-07 19:26:24,413 | INFO | Selected 32 frames for question yz3lOAe32Tw_0: [671, 719, 1534, 1558, 3092, 3380, 3404, 3428, 3452, 3476, 3500, 3524, 3548, 4315, 4339, 4411, 6473, 6641, 8535, 8583, 8607, 12515, 17526, 17622, 17814, 18173, 18197, 18245, 19876, 19900, 23448, 25462]
2026-03-07 19:26:24,414 | INFO | Selecting frames for question yz3lOAe32Tw_1 on video yz3lOAe32Tw.mp4: frames=1115 tags=4
2026-03-07 19:26:39,126 | INFO | Selected 32 frames for question yz3lOAe32Tw_1: [719, 1534, 1558, 2445, 3380, 3404, 3428, 3452, 3476, 3500, 3524, 3620, 4315, 4411, 4483, 4531, 8079, 8103, 10429, 13282, 17622, 17646, 17670, 17838, 17982, 18029, 18245, 18269, 18293, 18989, 19876, 19900]
2026-03-07 19:26:39,126 | INFO | Selecting frames for question yz3lOAe32Tw_2 on video yz3lOAe32Tw.mp4: frames=1115 tags=4
2026-03-07 19:26:53,772 | INFO | Selected 32 frames for question yz3lOAe32Tw_2: [3068, 4219, 4243, 4267, 6257, 7816, 9230, 12443, 14409, 14433, 14457, 14481, 17598, 17790, 17814, 17862, 18005, 18029, 18245, 18269, 18317, 20931, 20955, 22561, 22609, 22633, 22657, 22993, 23136, 23256, 25774, 26133]
2026-03-07 19:26:53,772 | INFO | Selecting frames for question YcbKamVxDzI_0 on video YcbKamVxDzI.mp4: frames=1050 tags=4
2026-03-07 19:27:07,873 | INFO | Selected 32 frames for question YcbKamVxDzI_0: [1050, 6690, 6720, 6750, 8880, 8910, 8940, 8970, 9000, 11280, 11310, 11340, 12780, 13200, 16140, 16350, 16380, 16410, 16950, 16980, 18870, 18900, 18930, 18990, 20760, 20790, 26970, 27360, 27390, 28800, 29160, 29310]
2026-03-07 19:27:07,874 | INFO | Selecting frames for question YcbKamVxDzI_1 on video YcbKamVxDzI.mp4: frames=1050 tags=4
2026-03-07 19:27:20,002 | INFO | Selected 32 frames for question YcbKamVxDzI_1: [5880, 5910, 7830, 7860, 8010, 8100, 8880, 10800, 14880, 16140, 16170, 16350, 16380, 16410, 16920, 16950, 16980, 18780, 18840, 18900, 18930, 18960, 19020, 19620, 19650, 19680, 20310, 20700, 20760, 20790, 27810, 29310]
2026-03-07 19:27:20,003 | INFO | Selecting frames for question YcbKamVxDzI_2 on video YcbKamVxDzI.mp4: frames=1050 tags=4
2026-03-07 19:27:32,724 | INFO | Selected 32 frames for question YcbKamVxDzI_2: [1050, 1080, 3720, 3780, 4020, 5820, 5880, 5910, 5970, 6060, 10800, 11040, 13560, 13590, 13620, 13650, 15390, 15870, 17010, 17280, 23730, 23760, 23850, 25110, 26190, 26940, 29850, 29880, 30120, 30300, 30330, 30780]
2026-03-07 19:27:32,725 | INFO | Selecting frames for question 5dJUUQufzw4_0 on video 5dJUUQufzw4.mp4: frames=1193 tags=4
2026-03-07 19:27:49,767 | INFO | Selected 32 frames for question 5dJUUQufzw4_0: [0, 119, 149, 419, 449, 539, 5484, 5514, 5544, 5934, 9410, 16003, 16723, 18731, 21938, 23826, 23856, 24575, 25684, 27722, 27872, 27902, 29160, 29190, 29220, 29970, 31738, 32007, 32037, 35214, 35244, 35484]
2026-03-07 19:27:49,767 | INFO | Selecting frames for question 5dJUUQufzw4_1 on video 5dJUUQufzw4.mp4: frames=1193 tags=4
2026-03-07 19:28:08,441 | INFO | Selected 32 frames for question 5dJUUQufzw4_1: [629, 2397, 2427, 2667, 2697, 2817, 3026, 3116, 5514, 6233, 6263, 6413, 6533, 6683, 6713, 7612, 7942, 9140, 9260, 9290, 14745, 15404, 15614, 15644, 18191, 18221, 19750, 19780, 20379, 29460, 30839, 35154]
2026-03-07 19:28:08,441 | INFO | Selecting frames for question 5dJUUQufzw4_2 on video 5dJUUQufzw4.mp4: frames=1193 tags=4
2026-03-07 19:28:25,128 | INFO | Selected 32 frames for question 5dJUUQufzw4_2: [0, 779, 6413, 6773, 15404, 15614, 15644, 15674, 15704, 16063, 16093, 17592, 17652, 17682, 18191, 19300, 19330, 19660, 19750, 19780, 23316, 23346, 23376, 29460, 32037, 35154, 35244, 35274, 35304, 35334, 35394, 35484]
2026-03-07 19:28:25,129 | INFO | Selecting frames for question bXRuqcmTIuk_0 on video bXRuqcmTIuk.mp4: frames=963 tags=4
2026-03-07 19:28:35,708 | INFO | Selected 32 frames for question bXRuqcmTIuk_0: [990, 1020, 1050, 1410, 1440, 1470, 1680, 1710, 7710, 7740, 7860, 7890, 9360, 15300, 18030, 19380, 19410, 19440, 21060, 21090, 22230, 22470, 22620, 22710, 24810, 25260, 26400, 26430, 26460, 26490, 28170, 28350]
2026-03-07 19:28:35,709 | INFO | Selecting frames for question bXRuqcmTIuk_1 on video bXRuqcmTIuk.mp4: frames=963 tags=4
2026-03-07 19:28:46,275 | INFO | Selected 32 frames for question bXRuqcmTIuk_1: [2610, 2640, 6270, 8040, 10260, 10290, 10320, 10410, 11190, 11220, 11370, 11790, 12180, 13590, 13620, 13650, 13740, 13800, 13830, 17430, 19860, 21000, 21570, 22080, 22590, 22770, 22800, 22950, 23580, 26820, 27150, 27180]
2026-03-07 19:28:46,275 | INFO | Selecting frames for question bXRuqcmTIuk_2 on video bXRuqcmTIuk.mp4: frames=963 tags=4
2026-03-07 19:28:56,789 | INFO | Selected 32 frames for question bXRuqcmTIuk_2: [1710, 9090, 9120, 9360, 11370, 12180, 12210, 12630, 12720, 12780, 13170, 13200, 18000, 18030, 19320, 19800, 19830, 19950, 19980, 21540, 21780, 21840, 22170, 22200, 22230, 22740, 22950, 22980, 24210, 27090, 27120, 28350]
2026-03-07 19:28:56,790 | INFO | Selecting frames for question O471uwTNx6k_0 on video O471uwTNx6k.mp4: frames=959 tags=4
2026-03-07 19:29:08,496 | INFO | Selected 32 frames for question O471uwTNx6k_0: [2160, 2190, 2310, 2340, 2370, 2550, 2670, 2760, 2850, 2940, 3180, 3270, 3300, 3390, 5220, 5370, 6960, 7140, 11940, 13980, 14160, 16890, 20190, 20460, 21480, 24780, 25500, 25530, 25560, 25590, 26010, 28470]
2026-03-07 19:29:08,497 | INFO | Selecting frames for question O471uwTNx6k_1 on video O471uwTNx6k.mp4: frames=959 tags=4
2026-03-07 19:29:20,188 | INFO | Selected 32 frames for question O471uwTNx6k_1: [1350, 1380, 1410, 1560, 1620, 1770, 1800, 1950, 3240, 4860, 4890, 4920, 4950, 4980, 5670, 5700, 8640, 9420, 9450, 15450, 15480, 15510, 15810, 16680, 16710, 16770, 16800, 18570, 18630, 26430, 26460, 26490]
2026-03-07 19:29:20,188 | INFO | Selecting frames for question O471uwTNx6k_2 on video O471uwTNx6k.mp4: frames=959 tags=4
2026-03-07 19:29:30,773 | INFO | Selected 32 frames for question O471uwTNx6k_2: [2400, 2640, 2730, 13170, 13410, 13500, 13530, 13770, 13800, 13830, 13860, 14190, 17460, 17490, 17670, 18240, 18270, 18300, 18330, 21810, 22020, 23160, 23190, 23550, 24120, 24780, 25770, 25800, 25830, 27960, 28590, 28620]
2026-03-07 19:29:30,774 | INFO | Selecting frames for question fO7nwCix8xU_0 on video fO7nwCix8xU.mp4: frames=1132 tags=4
2026-03-07 19:29:45,781 | INFO | Selected 32 frames for question fO7nwCix8xU_0: [1858, 2757, 2787, 2817, 2847, 2877, 13936, 13966, 13996, 14715, 14745, 15044, 15074, 15104, 15134, 15164, 15704, 15734, 15764, 15794, 20289, 20829, 32487, 32517, 32547, 32727, 32757, 32787, 32817, 32847, 32877, 32907]
2026-03-07 19:29:45,781 | INFO | Selecting frames for question fO7nwCix8xU_1 on video fO7nwCix8xU.mp4: frames=1132 tags=4
2026-03-07 19:30:00,477 | INFO | Selected 32 frames for question fO7nwCix8xU_1: [2787, 3176, 6833, 15944, 16213, 16693, 16723, 16753, 16783, 19810, 19840, 19930, 19960, 19990, 20019, 20049, 20079, 20139, 21758, 25384, 28771, 28801, 32757, 32907, 33266, 33296, 33326, 33356, 33416, 33446, 33476, 33506]
2026-03-07 19:30:00,478 | INFO | Selecting frames for question fO7nwCix8xU_2 on video fO7nwCix8xU.mp4: frames=1132 tags=4
2026-03-07 19:30:16,310 | INFO | Selected 32 frames for question fO7nwCix8xU_2: [5844, 8031, 13786, 13816, 25534, 25594, 25624, 25654, 25774, 25864, 25924, 25954, 25984, 26013, 26043, 26073, 26463, 26493, 26523, 26553, 26583, 26673, 26733, 26823, 26883, 26913, 27002, 27392, 28111, 28231, 28291, 28801]
2026-03-07 19:30:16,311 | INFO | Selecting frames for question X5v4nBo5y28_0 on video X5v4nBo5y28.mp4: frames=1206 tags=4
2026-03-07 19:30:33,756 | INFO | Selected 32 frames for question X5v4nBo5y28_0: [5574, 5604, 6293, 7342, 8331, 9830, 9860, 10099, 13156, 15104, 18671, 18821, 20289, 20349, 24605, 27602, 29490, 29940, 30989, 31018, 31888, 32067, 32157, 32187, 32247, 32277, 32307, 33176, 34045, 34135, 34165, 34585]
2026-03-07 19:30:33,756 | INFO | Selecting frames for question X5v4nBo5y28_1 on video X5v4nBo5y28.mp4: frames=1206 tags=4
2026-03-07 19:30:53,082 | INFO | Selected 32 frames for question X5v4nBo5y28_1: [329, 359, 1408, 3716, 5124, 5154, 5244, 5604, 13906, 26193, 26223, 26343, 26373, 27572, 28231, 28261, 28981, 29040, 30059, 30089, 30869, 30899, 31198, 32907, 32937, 33476, 33596, 33626, 33656, 34105, 35934, 35964]
2026-03-07 19:30:53,083 | INFO | Selecting frames for question X5v4nBo5y28_2 on video X5v4nBo5y28.mp4: frames=1206 tags=4
2026-03-07 19:31:11,132 | INFO | Selected 32 frames for question X5v4nBo5y28_2: [2397, 2427, 2937, 3086, 3266, 3326, 3416, 3446, 3476, 3566, 3596, 6923, 8931, 12767, 13336, 13636, 16903, 16933, 16963, 16993, 17712, 17742, 19600, 19630, 20049, 23916, 25024, 25774, 28711, 31858, 33056, 35544]
2026-03-07 19:31:11,133 | INFO | Selecting frames for question MvgJAD6tZXo_0 on video MvgJAD6tZXo.mp4: frames=1037 tags=4
2026-03-07 19:31:23,057 | INFO | Selected 32 frames for question MvgJAD6tZXo_0: [0, 2133, 2157, 2253, 2277, 2373, 2397, 2421, 2613, 2637, 2685, 2901, 3236, 4267, 4315, 4603, 5106, 5130, 6809, 7888, 7960, 8919, 8943, 8967, 14721, 18917, 21074, 23784, 23808, 24071, 24095, 24119]
2026-03-07 19:31:23,058 | INFO | Selecting frames for question MvgJAD6tZXo_1 on video MvgJAD6tZXo.mp4: frames=1037 tags=4
2026-03-07 19:31:35,667 | INFO | Selected 32 frames for question MvgJAD6tZXo_1: [311, 383, 407, 2253, 2421, 5970, 6041, 6065, 6113, 6137, 6209, 6233, 6257, 6281, 6305, 6329, 6377, 6665, 7432, 7456, 10021, 15992, 16015, 16111, 16135, 16207, 16231, 16255, 16687, 18917, 18941, 19252]
2026-03-07 19:31:35,668 | INFO | Selecting frames for question MvgJAD6tZXo_2 on video MvgJAD6tZXo.mp4: frames=1037 tags=4
2026-03-07 19:31:49,343 | INFO | Selected 32 frames for question MvgJAD6tZXo_2: [1102, 1126, 1150, 1318, 1342, 1366, 1390, 1414, 1438, 1462, 5514, 5538, 18269, 18293, 18317, 18341, 18437, 18461, 18701, 18773, 21914, 22465, 22561, 22849, 22873, 22897, 23328, 23352, 23376, 23400, 23424, 23448]
2026-03-07 19:31:49,344 | INFO | Selecting frames for question HQns-h_82qU_0 on video HQns-h_82qU.mp4: frames=1333 tags=4
2026-03-07 19:32:12,109 | INFO | Selected 32 frames for question HQns-h_82qU_0: [1438, 1468, 1528, 1888, 1918, 6473, 6503, 7612, 14235, 17202, 17232, 26253, 28111, 28141, 30000, 30029, 30059, 30089, 30479, 30539, 30629, 30689, 30959, 30989, 31048, 31258, 31288, 35214, 35454, 35544, 37882, 38031]
2026-03-07 19:32:12,110 | INFO | Selecting frames for question HQns-h_82qU_1 on video HQns-h_82qU.mp4: frames=1333 tags=4
2026-03-07 19:32:32,236 | INFO | Selected 32 frames for question HQns-h_82qU_1: [689, 719, 749, 809, 6113, 6143, 9650, 11358, 13726, 15854, 16873, 17262, 17322, 17592, 19300, 25144, 25204, 25384, 25744, 25774, 25804, 26763, 29700, 29850, 32217, 32667, 35334, 35394, 36233, 36263, 37402, 38991]
2026-03-07 19:32:32,237 | INFO | Selecting frames for question HQns-h_82qU_2 on video HQns-h_82qU.mp4: frames=1333 tags=4
2026-03-07 19:32:53,613 | INFO | Selected 32 frames for question HQns-h_82qU_2: [329, 1258, 1288, 1798, 5004, 6143, 9500, 10189, 16783, 17322, 17682, 17712, 19150, 24005, 24035, 24125, 24155, 25174, 27782, 28651, 30689, 30749, 31228, 31678, 31708, 32547, 32577, 33566, 33956, 37492, 39440, 39470]
2026-03-07 19:32:53,614 | INFO | Selecting frames for question O3Hwh0uv8Mg_0 on video O3Hwh0uv8Mg.mp4: frames=1149 tags=4
2026-03-07 19:33:10,954 | INFO | Selected 32 frames for question O3Hwh0uv8Mg_0: [0, 30, 240, 270, 330, 480, 570, 600, 2310, 3930, 6180, 6480, 7020, 7260, 7380, 9480, 9900, 13350, 13680, 13710, 15120, 22770, 23850, 26550, 28530, 32370, 33480, 34320, 34350, 34380, 34410, 34440]
2026-03-07 19:33:10,955 | INFO | Selecting frames for question O3Hwh0uv8Mg_1 on video O3Hwh0uv8Mg.mp4: frames=1149 tags=4
2026-03-07 19:33:26,339 | INFO | Selected 32 frames for question O3Hwh0uv8Mg_1: [1650, 1980, 2010, 2940, 3120, 5040, 5310, 5370, 6210, 8580, 9690, 10410, 10530, 13890, 16170, 19890, 19920, 20280, 20310, 20340, 20700, 20730, 21690, 24480, 25980, 28830, 28860, 31500, 31560, 32310, 32340, 32940]
2026-03-07 19:33:26,340 | INFO | Selecting frames for question O3Hwh0uv8Mg_2 on video O3Hwh0uv8Mg.mp4: frames=1149 tags=4
2026-03-07 19:33:42,000 | INFO | Selected 32 frames for question O3Hwh0uv8Mg_2: [2520, 2880, 2910, 2940, 3510, 5310, 5370, 6480, 6510, 6540, 6960, 6990, 9090, 9510, 18570, 18600, 19080, 19770, 19890, 22230, 26940, 28860, 29040, 29070, 29100, 30600, 30720, 31050, 31080, 31230, 33330, 33720]
2026-03-07 19:33:42,001 | INFO | Selecting frames for question NSn78eNspwU_0 on video NSn78eNspwU.mp4: frames=990 tags=4
2026-03-07 19:33:53,558 | INFO | Selected 32 frames for question NSn78eNspwU_0: [975, 1050, 1075, 1100, 7975, 12700, 14025, 14350, 14500, 17225, 17250, 17425, 17450, 18150, 18675, 19850, 19950, 19975, 20000, 20100, 20400, 20425, 21125, 21200, 21325, 23400, 23425, 23450, 23475, 23625, 23825, 24325]
2026-03-07 19:33:53,559 | INFO | Selecting frames for question NSn78eNspwU_1 on video NSn78eNspwU.mp4: frames=990 tags=4
2026-03-07 19:34:04,751 | INFO | Selected 32 frames for question NSn78eNspwU_1: [550, 925, 950, 975, 1025, 1050, 1075, 1100, 4600, 5750, 5775, 7825, 7975, 8575, 12700, 12725, 12825, 12875, 14350, 16950, 16975, 17425, 18250, 19850, 19875, 19975, 20100, 21125, 21825, 22825, 23400, 23825]
2026-03-07 19:34:04,752 | INFO | Selecting frames for question NSn78eNspwU_2 on video NSn78eNspwU.mp4: frames=990 tags=4
2026-03-07 19:34:15,925 | INFO | Selected 32 frames for question NSn78eNspwU_2: [975, 1050, 1075, 1100, 7975, 12700, 14025, 14350, 14500, 17225, 17250, 17425, 17450, 18150, 18675, 19850, 19950, 19975, 20000, 20100, 20400, 20425, 21125, 21200, 21325, 23400, 23425, 23450, 23475, 23625, 23825, 24325]
2026-03-07 19:34:15,925 | INFO | Selecting frames for question 0ln2qdCR5lA_0 on video 0ln2qdCR5lA.mp4: frames=1358 tags=4
2026-03-07 19:34:36,370 | INFO | Selected 32 frames for question 0ln2qdCR5lA_0: [3884, 5562, 8511, 9542, 10069, 10093, 10117, 10429, 10453, 10573, 10693, 10717, 10789, 10813, 10981, 11676, 11892, 12059, 12083, 12803, 12827, 13234, 15464, 18677, 22105, 22129, 22801, 24839, 24863, 26205, 26229, 31456]
2026-03-07 19:34:36,372 | INFO | Selecting frames for question 0ln2qdCR5lA_1 on video 0ln2qdCR5lA.mp4: frames=1358 tags=4
2026-03-07 19:35:00,239 | INFO | Selected 32 frames for question 0ln2qdCR5lA_1: [911, 1630, 1654, 1678, 1798, 1894, 1918, 2061, 2085, 2133, 2157, 2181, 2637, 7384, 8631, 8799, 9182, 9206, 9230, 9614, 11604, 13594, 16783, 18461, 21602, 21626, 21794, 24023, 24047, 24071, 27548, 31312]
2026-03-07 19:35:00,240 | INFO | Selecting frames for question 0ln2qdCR5lA_2 on video 0ln2qdCR5lA.mp4: frames=1358 tags=4
2026-03-07 19:35:22,202 | INFO | Selected 32 frames for question 0ln2qdCR5lA_2: [911, 1102, 1366, 1462, 1534, 2133, 2157, 10453, 11652, 11676, 11916, 12059, 12275, 12371, 12395, 12419, 12491, 12563, 15464, 15584, 15608, 19060, 20571, 21362, 22081, 22105, 22225, 22369, 23232, 23496, 25534, 25558]
2026-03-07 19:35:22,203 | INFO | Selecting frames for question j6beJTHUT_c_0 on video j6beJTHUT_c.mp4: frames=918 tags=4
2026-03-07 19:35:33,162 | INFO | Selected 32 frames for question j6beJTHUT_c_0: [1260, 4380, 4740, 5220, 5280, 5850, 6000, 7440, 7500, 7590, 10590, 10740, 12300, 12360, 13350, 13800, 14040, 14160, 14670, 14850, 15960, 15990, 16710, 17670, 17820, 17850, 17880, 18780, 18930, 19110, 19350, 27150]
2026-03-07 19:35:33,163 | INFO | Selecting frames for question j6beJTHUT_c_1 on video j6beJTHUT_c.mp4: frames=918 tags=4
2026-03-07 19:35:44,096 | INFO | Selected 32 frames for question j6beJTHUT_c_1: [4350, 4380, 4410, 4440, 4680, 4740, 5160, 5190, 5250, 5280, 5760, 5850, 10770, 10800, 11250, 11280, 12450, 12840, 12870, 12960, 13020, 13050, 13140, 13350, 13380, 14040, 14160, 15810, 17880, 19350, 20670, 20700]
2026-03-07 19:35:44,096 | INFO | Selecting frames for question j6beJTHUT_c_2 on video j6beJTHUT_c.mp4: frames=918 tags=4
2026-03-07 19:35:53,202 | INFO | Selected 32 frames for question j6beJTHUT_c_2: [30, 60, 120, 180, 480, 510, 540, 570, 7590, 15420, 15630, 16050, 16080, 16110, 16140, 16230, 16260, 16290, 16320, 18300, 20370, 20430, 20460, 20670, 20700, 21120, 22140, 22200, 25740, 25890, 26040, 26070]
2026-03-07 19:35:53,202 | INFO | Selecting frames for question TxS1JnfuG34_0 on video TxS1JnfuG34.mp4: frames=1217 tags=4
2026-03-07 19:36:10,106 | INFO | Selected 32 frames for question TxS1JnfuG34_0: [3926, 3956, 3986, 5214, 5304, 5394, 5424, 5454, 7972, 9110, 9740, 9770, 9800, 9920, 9950, 12287, 12317, 12497, 13456, 13546, 15374, 15404, 21518, 21668, 21698, 21878, 26043, 27212, 33266, 33866, 35034, 35064]
2026-03-07 19:36:10,107 | INFO | Selecting frames for question TxS1JnfuG34_1 on video TxS1JnfuG34.mp4: frames=1217 tags=4
2026-03-07 19:36:26,932 | INFO | Selected 32 frames for question TxS1JnfuG34_1: [629, 929, 3236, 3536, 3566, 3776, 3806, 5694, 6413, 6983, 7012, 7252, 7612, 9170, 9740, 11688, 11718, 15974, 16183, 16213, 16813, 19420, 21878, 27212, 30869, 33236, 33386, 33416, 33446, 33626, 33656, 33866]
2026-03-07 19:36:26,932 | INFO | Selecting frames for question TxS1JnfuG34_2 on video TxS1JnfuG34.mp4: frames=1217 tags=4
2026-03-07 19:36:45,217 | INFO | Selected 32 frames for question TxS1JnfuG34_2: [1078, 19300, 19330, 19390, 19450, 22747, 23556, 24365, 24545, 24575, 26163, 26313, 26673, 26763, 28921, 28951, 29340, 29370, 29610, 29640, 29790, 29820, 29850, 29880, 30359, 30389, 30629, 30779, 31408, 31498, 32997, 33956]
2026-03-07 19:36:45,218 | INFO | Selecting frames for question d5JlCEDlHGE_0 on video d5JlCEDlHGE.mp4: frames=931 tags=4
2026-03-07 19:36:56,865 | INFO | Selected 32 frames for question d5JlCEDlHGE_0: [839, 2037, 2247, 3026, 5064, 7312, 7342, 7402, 7432, 7462, 7492, 7522, 7552, 7582, 8031, 8271, 8331, 8361, 8391, 8421, 9350, 11868, 12557, 12947, 13096, 13546, 13966, 13996, 19090, 22777, 25024, 26013]
2026-03-07 19:36:56,866 | INFO | Selecting frames for question d5JlCEDlHGE_1 on video d5JlCEDlHGE.mp4: frames=931 tags=4
2026-03-07 19:37:07,188 | INFO | Selected 32 frames for question d5JlCEDlHGE_1: [5064, 8121, 8181, 11778, 11808, 11868, 11898, 11928, 11988, 12497, 12527, 12557, 12707, 12737, 13156, 13186, 13216, 13516, 13546, 13846, 13906, 13936, 17052, 17082, 17682, 17712, 17892, 18521, 18581, 18641, 18761, 26013]
2026-03-07 19:37:07,189 | INFO | Selecting frames for question d5JlCEDlHGE_2 on video d5JlCEDlHGE.mp4: frames=931 tags=4
2026-03-07 19:37:16,968 | INFO | Selected 32 frames for question d5JlCEDlHGE_2: [599, 629, 839, 3026, 6173, 6953, 12767, 12797, 12827, 12947, 12977, 13006, 13306, 13336, 13366, 13966, 13996, 14235, 14265, 14295, 14385, 14415, 14475, 14595, 14625, 15944, 15974, 16003, 17322, 17352, 17922, 22747]
2026-03-07 19:37:16,969 | INFO | Selecting frames for question Y5833KeDmp4_0 on video Y5833KeDmp4.mp4: frames=9 tags=4
2026-03-07 19:37:16,969 | INFO | Selected 9 frames for question Y5833KeDmp4_0: [0, 29, 59, 89, 119, 149, 179, 209, 239]
2026-03-07 19:37:16,969 | INFO | Selecting frames for question e11Q4ThFu5A_0 on video e11Q4ThFu5A.mp4: frames=13 tags=4
2026-03-07 19:37:16,969 | INFO | Selected 13 frames for question e11Q4ThFu5A_0: [0, 29, 59, 89, 119, 149, 179, 209, 239, 269, 299, 329, 359]
2026-03-07 19:37:16,969 | INFO | Selecting frames for question GRPLynULvJY_0 on video GRPLynULvJY.mp4: frames=14 tags=4
2026-03-07 19:37:16,969 | INFO | Selected 14 frames for question GRPLynULvJY_0: [0, 23, 47, 71, 95, 119, 143, 167, 191, 215, 239, 263, 287, 311]
2026-03-07 19:37:16,969 | INFO | Selecting frames for question T1K4rgs-1b8_0 on video T1K4rgs-1b8.mp4: frames=12 tags=4
2026-03-07 19:37:16,969 | INFO | Selected 12 frames for question T1K4rgs-1b8_0: [0, 30, 60, 90, 120, 150, 180, 210, 240, 270, 300, 330]
2026-03-07 19:37:16,969 | INFO | Selecting frames for question 3zv9RkDPX14_0 on video 3zv9RkDPX14.mp4: frames=9 tags=4
2026-03-07 19:37:16,969 | INFO | Selected 9 frames for question 3zv9RkDPX14_0: [0, 29, 59, 89, 119, 149, 179, 209, 239]
2026-03-07 19:37:16,969 | INFO | Selecting frames for question uJgZo4KxoZw_0 on video uJgZo4KxoZw.mp4: frames=13 tags=4
2026-03-07 19:37:16,969 | INFO | Selected 13 frames for question uJgZo4KxoZw_0: [0, 23, 47, 71, 95, 119, 143, 167, 191, 215, 239, 263, 287]
2026-03-07 19:37:16,969 | INFO | Selecting frames for question oddHY1vwcjo_0 on video oddHY1vwcjo.mp4: frames=13 tags=4
2026-03-07 19:37:16,969 | INFO | Selected 13 frames for question oddHY1vwcjo_0: [0, 23, 47, 71, 95, 119, 143, 167, 191, 215, 239, 263, 287]
2026-03-07 19:37:16,969 | INFO | Selecting frames for question kWUmHAzCp7s_0 on video kWUmHAzCp7s.mp4: frames=13 tags=4
2026-03-07 19:37:16,970 | INFO | Selected 13 frames for question kWUmHAzCp7s_0: [0, 29, 59, 89, 119, 149, 179, 209, 239, 269, 299, 329, 359]
2026-03-07 19:37:16,970 | INFO | Selecting frames for question p7YxwveUrjI_0 on video p7YxwveUrjI.mp4: frames=14 tags=4
2026-03-07 19:37:16,970 | INFO | Selected 14 frames for question p7YxwveUrjI_0: [0, 29, 59, 89, 119, 149, 179, 209, 239, 269, 299, 329, 359, 389]
2026-03-07 19:37:16,970 | INFO | Selecting frames for question H2ksp6sRR-k_0 on video H2ksp6sRR-k.mp4: frames=1058 tags=4
2026-03-07 19:37:29,753 | INFO | Selected 32 frames for question H2ksp6sRR-k_0: [1582, 2205, 2229, 2277, 2301, 2325, 2349, 2373, 2397, 2421, 2445, 2469, 2493, 2517, 2541, 2565, 2589, 2613, 2637, 2661, 2685, 2709, 2733, 2805, 2829, 5250, 10933, 10981, 11148, 14217, 21914, 21962]
2026-03-07 19:37:29,753 | INFO | Selecting frames for question H2ksp6sRR-k_1 on video H2ksp6sRR-k.mp4: frames=1058 tags=4
2026-03-07 19:37:41,958 | INFO | Selected 32 frames for question H2ksp6sRR-k_1: [5730, 5946, 5994, 9398, 9830, 9878, 10981, 11484, 12395, 13882, 14217, 14409, 14433, 14457, 15944, 16015, 16087, 17742, 18149, 18293, 23112, 23184, 23472, 23496, 23520, 24167, 24215, 24287, 24551, 24599, 24719, 24743]
2026-03-07 19:37:41,959 | INFO | Selecting frames for question H2ksp6sRR-k_2 on video H2ksp6sRR-k.mp4: frames=1058 tags=4
2026-03-07 19:37:54,725 | INFO | Selected 32 frames for question H2ksp6sRR-k_2: [263, 575, 599, 1198, 1462, 1726, 2853, 2997, 3020, 3068, 3092, 3116, 4195, 4267, 5346, 5394, 5466, 7120, 7936, 8463, 8487, 12611, 12923, 13306, 13330, 13354, 18749, 18845, 18893, 22633, 22657, 24911]
2026-03-07 19:37:54,726 | INFO | Selecting frames for question TlaX2iIYZD4_0 on video TlaX2iIYZD4.mp4: frames=2475 tags=4
2026-03-07 19:39:07,638 | INFO | Selected 32 frames for question TlaX2iIYZD4_0: [209, 359, 779, 1918, 2247, 2277, 2367, 2607, 2637, 2727, 2937, 7012, 8871, 8931, 10639, 32847, 35514, 62937, 62997, 63386, 63416, 64315, 64495, 64525, 64555, 64615, 64975, 65004, 65094, 65184, 65334, 65364]
2026-03-07 19:39:07,640 | INFO | Selecting frames for question TlaX2iIYZD4_1 on video TlaX2iIYZD4.mp4: frames=2475 tags=4
2026-03-07 19:40:16,915 | INFO | Selected 32 frames for question TlaX2iIYZD4_1: [209, 779, 1318, 1918, 2637, 2937, 7012, 7042, 7342, 8841, 8871, 8901, 8931, 9080, 9230, 9410, 9440, 10609, 10639, 10669, 13336, 13366, 16123, 35514, 37432, 38601, 48491, 62157, 62937, 64975, 65124, 65304]
2026-03-07 19:40:16,917 | INFO | Selecting frames for question TlaX2iIYZD4_2 on video TlaX2iIYZD4.mp4: frames=2475 tags=4
2026-03-07 19:41:26,919 | INFO | Selected 32 frames for question TlaX2iIYZD4_2: [179, 209, 329, 419, 779, 1348, 1378, 1708, 1738, 1918, 2247, 2277, 2577, 2637, 2757, 2877, 4705, 6323, 7012, 8871, 8931, 9230, 9530, 10429, 10609, 10639, 10669, 33116, 38001, 64975, 65004, 65334]
2026-03-07 19:41:26,920 | INFO | Selecting frames for question UO_6TQnnOxM_0 on video UO_6TQnnOxM.mp4: frames=3573 tags=4
2026-03-07 19:43:59,071 | INFO | Selected 32 frames for question UO_6TQnnOxM_0: [2500, 2525, 2550, 2575, 2600, 2625, 2650, 2675, 2700, 2725, 3100, 3125, 3150, 3175, 3200, 3350, 3375, 3400, 3425, 3450, 3475, 3500, 3525, 3550, 3575, 3600, 3625, 3650, 3675, 3700, 5950, 7050]
2026-03-07 19:43:59,073 | INFO | Selecting frames for question UO_6TQnnOxM_1 on video UO_6TQnnOxM.mp4: frames=3573 tags=4
2026-03-07 19:46:30,210 | INFO | Selected 32 frames for question UO_6TQnnOxM_1: [20225, 20250, 20275, 20300, 20325, 25675, 52950, 52975, 53000, 53025, 53050, 53075, 53100, 53125, 53150, 53175, 61025, 61050, 61075, 61100, 61125, 64500, 64525, 64550, 64575, 64600, 70200, 71075, 71100, 71125, 71150, 71175]
2026-03-07 19:46:30,212 | INFO | Selecting frames for question UO_6TQnnOxM_2 on video UO_6TQnnOxM.mp4: frames=3573 tags=4
2026-03-07 19:49:03,577 | INFO | Selected 32 frames for question UO_6TQnnOxM_2: [23575, 52950, 52975, 53000, 53025, 53050, 53075, 53100, 53125, 53150, 53175, 55700, 55725, 55750, 55775, 61025, 64500, 64525, 64550, 64575, 64600, 69175, 70200, 70225, 70250, 70275, 70300, 71075, 71100, 71125, 71150, 71175]
2026-03-07 19:49:03,578 | INFO | Selecting frames for question Aau-XoIebno_0 on video Aau-XoIebno.mp4: frames=1499 tags=4
2026-03-07 19:49:29,823 | INFO | Selected 32 frames for question Aau-XoIebno_0: [1948, 3416, 11808, 12707, 14535, 14565, 16183, 18881, 20139, 20289, 20469, 20499, 21458, 21728, 22087, 22417, 22447, 22837, 22987, 28021, 28141, 28471, 28531, 30719, 30749, 30929, 31168, 31888, 32217, 35244, 35844, 36143]
2026-03-07 19:49:29,823 | INFO | Selecting frames for question Aau-XoIebno_1 on video Aau-XoIebno.mp4: frames=1499 tags=4
2026-03-07 19:49:56,383 | INFO | Selected 32 frames for question Aau-XoIebno_1: [179, 1378, 1408, 3716, 3986, 6113, 6143, 6623, 9020, 9320, 9350, 9410, 9440, 9470, 13816, 14535, 16663, 16693, 16723, 16813, 16903, 16963, 17052, 17112, 17142, 17172, 17202, 17232, 17262, 22087, 28021, 43636]
2026-03-07 19:49:56,385 | INFO | Selecting frames for question Aau-XoIebno_2 on video Aau-XoIebno.mp4: frames=1499 tags=4
2026-03-07 19:50:22,134 | INFO | Selected 32 frames for question Aau-XoIebno_2: [1378, 1408, 9020, 9440, 16663, 16693, 16723, 16813, 16903, 16963, 16993, 17022, 17052, 17142, 17172, 17202, 17232, 17262, 22087, 28021, 37822, 38481, 38511, 38541, 38571, 38661, 39080, 39170, 39200, 39470, 39500, 44415]
2026-03-07 19:50:22,139 | INFO | Selecting frames for question O6UedmnRJc0_0 on video O6UedmnRJc0.mp4: frames=1035 tags=4
2026-03-07 19:50:36,070 | INFO | Selected 32 frames for question O6UedmnRJc0_0: [743, 6689, 6737, 6761, 6809, 6833, 6881, 6905, 6953, 7096, 7768, 8703, 8799, 10117, 10141, 10165, 10357, 10669, 10789, 10813, 11364, 11580, 11628, 11676, 11700, 11748, 12563, 13546, 13594, 18557, 19468, 19540]
2026-03-07 19:50:36,071 | INFO | Selecting frames for question O6UedmnRJc0_1 on video O6UedmnRJc0.mp4: frames=1035 tags=4
2026-03-07 19:50:49,543 | INFO | Selected 32 frames for question O6UedmnRJc0_1: [695, 2109, 2133, 2157, 2205, 2229, 2253, 2301, 2397, 2445, 2517, 2541, 2565, 2589, 2613, 2853, 12683, 17334, 17406, 17814, 20475, 20715, 20739, 20763, 20835, 20859, 20907, 20931, 21410, 21434, 21986, 22585]
2026-03-07 19:50:49,544 | INFO | Selecting frames for question O6UedmnRJc0_2 on video O6UedmnRJc0.mp4: frames=1035 tags=4
2026-03-07 19:51:02,216 | INFO | Selected 32 frames for question O6UedmnRJc0_2: [13954, 14289, 14361, 14697, 14721, 14769, 14793, 14841, 14865, 14961, 15200, 15224, 15248, 15272, 15296, 15320, 15368, 15392, 15416, 15440, 15464, 15488, 15512, 15680, 15728, 15944, 17334, 17406, 18029, 18581, 18773, 18917]
2026-03-07 19:51:02,217 | INFO | Selecting frames for question 9WjElCiDpzM_0 on video 9WjElCiDpzM.mp4: frames=949 tags=4
2026-03-07 19:51:12,150 | INFO | Selected 32 frames for question 9WjElCiDpzM_0: [3120, 5160, 8610, 9900, 10680, 10800, 10830, 11010, 11640, 11970, 13050, 13260, 13290, 13320, 13380, 14610, 14760, 14820, 17520, 20130, 20430, 20550, 20700, 20730, 22920, 23160, 24570, 24720, 25200, 25590, 26400, 26430]
2026-03-07 19:51:12,150 | INFO | Selecting frames for question 9WjElCiDpzM_1 on video 9WjElCiDpzM.mp4: frames=949 tags=4
2026-03-07 19:51:22,385 | INFO | Selected 32 frames for question 9WjElCiDpzM_1: [3120, 5160, 8610, 9900, 10680, 10800, 10830, 11010, 11640, 11970, 13050, 13260, 13290, 13320, 13380, 14610, 14760, 14820, 17520, 20130, 20430, 20550, 20700, 20730, 22920, 23160, 24570, 24720, 25200, 25590, 26400, 26430]
2026-03-07 19:51:22,386 | INFO | Selecting frames for question 9WjElCiDpzM_2 on video 9WjElCiDpzM.mp4: frames=949 tags=4
2026-03-07 19:51:32,254 | INFO | Selected 32 frames for question 9WjElCiDpzM_2: [3120, 3360, 3420, 5160, 9960, 10800, 10830, 10980, 11010, 13680, 20520, 21240, 21930, 22050, 22380, 22620, 22920, 23070, 23160, 23250, 23280, 23520, 23550, 23580, 24330, 24450, 24570, 24720, 25080, 25200, 25380, 27000]
2026-03-07 19:51:32,255 | INFO | Selecting frames for question ClYmTkGTGYg_0 on video ClYmTkGTGYg.mp4: frames=1512 tags=4
2026-03-07 19:51:58,030 | INFO | Selected 32 frames for question ClYmTkGTGYg_0: [3176, 3266, 3326, 4705, 5034, 5064, 5094, 5124, 15914, 15944, 15974, 16003, 16033, 21398, 22477, 32067, 32097, 32127, 32157, 35334, 37072, 37702, 37732, 37882, 37972, 42617, 42647, 42677, 42707, 42737, 42767, 42797]
2026-03-07 19:51:58,031 | INFO | Selecting frames for question ClYmTkGTGYg_1 on video ClYmTkGTGYg.mp4: frames=1512 tags=4
2026-03-07 19:52:23,128 | INFO | Selected 32 frames for question ClYmTkGTGYg_1: [9380, 13756, 13786, 13876, 13906, 13936, 14025, 14205, 15974, 16033, 18221, 18311, 18401, 18491, 18671, 23976, 24005, 24365, 25144, 25174, 26583, 26613, 27542, 27572, 27602, 34285, 34315, 34345, 39500, 39530, 39560, 44205]
2026-03-07 19:52:23,129 | INFO | Selecting frames for question ClYmTkGTGYg_2 on video ClYmTkGTGYg.mp4: frames=1512 tags=4
2026-03-07 19:52:51,441 | INFO | Selected 32 frames for question ClYmTkGTGYg_2: [13786, 13876, 13936, 14145, 17682, 18341, 18371, 18431, 18461, 18491, 18521, 18551, 18581, 18611, 18671, 18821, 18851, 18881, 18911, 18941, 18971, 19030, 19120, 19150, 24365, 27602, 34225, 34765, 34975, 35094, 35244, 42647]
2026-03-07 19:52:51,442 | INFO | Selecting frames for question b__dUom9AcQ_0 on video b__dUom9AcQ.mp4: frames=2454 tags=4
2026-03-07 19:53:59,114 | INFO | Selected 32 frames for question b__dUom9AcQ_0: [539, 569, 1168, 2127, 2217, 2397, 2427, 2457, 2667, 2877, 3596, 3626, 4285, 4525, 5094, 5124, 5424, 6923, 8361, 9620, 10249, 10549, 10579, 10609, 10639, 46033, 46063, 46093, 46123, 46153, 50019, 57992]
2026-03-07 19:53:59,116 | INFO | Selecting frames for question b__dUom9AcQ_1 on video b__dUom9AcQ.mp4: frames=2454 tags=4
2026-03-07 19:55:10,814 | INFO | Selected 32 frames for question b__dUom9AcQ_1: [539, 569, 10249, 11988, 12437, 12917, 12947, 13156, 13216, 25264, 25294, 25324, 25354, 25804, 26823, 26853, 27902, 27932, 27962, 28141, 28561, 28621, 28681, 28711, 28771, 36473, 36803, 38451, 38481, 38511, 38541, 50019]
2026-03-07 19:55:10,815 | INFO | Selecting frames for question b__dUom9AcQ_2 on video b__dUom9AcQ.mp4: frames=2454 tags=4
2026-03-07 19:56:22,275 | INFO | Selected 32 frames for question b__dUom9AcQ_2: [15374, 15524, 32637, 33776, 36803, 50919, 63716, 65304, 65334, 65784, 65814, 65844, 65874, 65904, 65934, 65964, 65994, 66023, 66053, 66083, 66113, 66143, 66173, 66203, 66233, 66263, 66293, 66323, 66353, 66383, 67222, 73396]
2026-03-07 19:56:22,276 | INFO | Selecting frames for question JDtVwz1R-kI_0 on video JDtVwz1R-kI.mp4: frames=1197 tags=4
2026-03-07 19:56:40,409 | INFO | Selected 32 frames for question JDtVwz1R-kI_0: [1294, 1318, 1462, 1486, 1774, 3164, 3764, 3788, 3812, 4387, 4435, 4483, 5322, 7576, 9086, 13546, 13906, 15416, 15464, 15512, 15680, 16159, 16183, 16207, 16231, 17166, 17190, 19996, 20067, 20115, 20379, 20955]
2026-03-07 19:56:40,410 | INFO | Selecting frames for question JDtVwz1R-kI_1 on video JDtVwz1R-kI.mp4: frames=1197 tags=4
2026-03-07 19:56:56,195 | INFO | Selected 32 frames for question JDtVwz1R-kI_1: [359, 431, 647, 8103, 8127, 9950, 9998, 10021, 10093, 10141, 10165, 10213, 10285, 10309, 10333, 11676, 15944, 15968, 15992, 16015, 16279, 16303, 23280, 23784, 24095, 24263, 24383, 24431, 28387, 28459, 28603, 28675]
2026-03-07 19:56:56,195 | INFO | Selecting frames for question JDtVwz1R-kI_2 on video JDtVwz1R-kI.mp4: frames=1197 tags=4
2026-03-07 19:57:13,386 | INFO | Selected 32 frames for question JDtVwz1R-kI_2: [3356, 3380, 3404, 3428, 3452, 5106, 5874, 11700, 11724, 11748, 11772, 11796, 11820, 11844, 11892, 11916, 12011, 12131, 12155, 12179, 12203, 12227, 12251, 12563, 12635, 21626, 21650, 21674, 21698, 21794, 21818, 24143]
2026-03-07 19:57:13,387 | INFO | Selecting frames for question _ZIa6SEJEyg_0 on video _ZIa6SEJEyg.mp4: frames=1463 tags=4
2026-03-07 19:57:38,923 | INFO | Selected 32 frames for question _ZIa6SEJEyg_0: [479, 509, 539, 569, 599, 629, 659, 689, 719, 6533, 8841, 8871, 8901, 8931, 8961, 15044, 15074, 15104, 35334, 40039, 43306, 43336, 43366, 43426, 43456, 43486, 43516, 43576, 43606, 43636, 43696, 43726]
2026-03-07 19:57:38,924 | INFO | Selecting frames for question _ZIa6SEJEyg_1 on video _ZIa6SEJEyg.mp4: frames=1463 tags=4
2026-03-07 19:58:05,004 | INFO | Selected 32 frames for question _ZIa6SEJEyg_1: [479, 509, 539, 569, 599, 629, 659, 719, 2607, 2637, 2667, 2757, 2787, 2817, 5184, 5274, 5814, 8301, 8931, 21938, 22027, 32097, 34885, 35454, 43336, 43366, 43456, 43486, 43576, 43606, 43636, 43696]
2026-03-07 19:58:05,006 | INFO | Selecting frames for question _ZIa6SEJEyg_2 on video _ZIa6SEJEyg.mp4: frames=1463 tags=4
2026-03-07 19:58:31,927 | INFO | Selected 32 frames for question _ZIa6SEJEyg_2: [0, 89, 119, 239, 269, 299, 359, 389, 449, 479, 509, 539, 569, 599, 2637, 8271, 8841, 8871, 8931, 22297, 23916, 32097, 32157, 32187, 32217, 35394, 37132, 43486, 43516, 43576, 43606, 43636]
2026-03-07 19:58:31,927 | INFO | Selecting frames for question -An3wZyoYe0_0 on video -An3wZyoYe0.mp4: frames=996 tags=4
2026-03-07 19:58:42,748 | INFO | Selected 32 frames for question -An3wZyoYe0_0: [539, 629, 1438, 1528, 1558, 1588, 1618, 3146, 4195, 4345, 9980, 11388, 11418, 11448, 11778, 11808, 11868, 13126, 13156, 13186, 13216, 13486, 18821, 19660, 19690, 19720, 21128, 22567, 29130, 29250, 29280, 29820]
2026-03-07 19:58:42,749 | INFO | Selecting frames for question -An3wZyoYe0_1 on video -An3wZyoYe0.mp4: frames=996 tags=4
2026-03-07 19:58:54,290 | INFO | Selected 32 frames for question -An3wZyoYe0_1: [5724, 7222, 7282, 7312, 7372, 7402, 9500, 9560, 9890, 10039, 10069, 10099, 10489, 10519, 10549, 10579, 10609, 10999, 11028, 11178, 11238, 11388, 13276, 15554, 17562, 18671, 18821, 22687, 26343, 26373, 26403, 26433]
2026-03-07 19:58:54,291 | INFO | Selecting frames for question -An3wZyoYe0_2 on video -An3wZyoYe0.mp4: frames=996 tags=4
2026-03-07 19:59:05,935 | INFO | Selected 32 frames for question -An3wZyoYe0_2: [629, 4255, 4285, 8391, 8421, 9710, 10699, 10729, 10759, 10789, 11268, 11298, 15134, 15164, 15194, 15224, 15554, 16513, 16543, 23166, 24245, 24275, 24305, 24335, 25564, 28411, 29130, 29160, 29550, 29580, 29730, 29820]
2026-03-07 19:59:05,936 | INFO | Selecting frames for question lnCPn8gX3FU_0 on video lnCPn8gX3FU.mp4: frames=8 tags=4
2026-03-07 19:59:05,936 | INFO | Selected 8 frames for question lnCPn8gX3FU_0: [0, 29, 59, 89, 119, 149, 179, 209]
2026-03-07 19:59:05,936 | INFO | Selecting frames for question 49YMA0f1yhI_0 on video 49YMA0f1yhI.mp4: frames=11 tags=4
2026-03-07 19:59:05,936 | INFO | Selected 11 frames for question 49YMA0f1yhI_0: [0, 23, 47, 71, 95, 119, 143, 167, 191, 215, 239]
2026-03-07 19:59:05,936 | INFO | Selecting frames for question hXFfPjytMo0_0 on video hXFfPjytMo0.mp4: frames=10 tags=4
2026-03-07 19:59:05,936 | INFO | Selected 10 frames for question hXFfPjytMo0_0: [0, 30, 60, 90, 120, 150, 180, 210, 240, 270]
2026-03-07 19:59:05,937 | INFO | Selecting frames for question shGkzHpzwAQ_0 on video shGkzHpzwAQ.mp4: frames=11 tags=4
2026-03-07 19:59:05,937 | INFO | Selected 11 frames for question shGkzHpzwAQ_0: [0, 29, 59, 89, 119, 149, 179, 209, 239, 269, 299]
2026-03-07 19:59:05,937 | INFO | Selecting frames for question 8Qe03WDCrB4_0 on video 8Qe03WDCrB4.mp4: frames=8 tags=4
2026-03-07 19:59:05,937 | INFO | Selected 8 frames for question 8Qe03WDCrB4_0: [0, 29, 59, 89, 119, 149, 179, 209]
2026-03-07 19:59:05,937 | INFO | Selecting frames for question 58mCJVNMJvw_0 on video 58mCJVNMJvw.mp4: frames=13 tags=4
2026-03-07 19:59:05,937 | INFO | Selected 13 frames for question 58mCJVNMJvw_0: [0, 29, 59, 89, 119, 149, 179, 209, 239, 269, 299, 329, 359]
2026-03-07 19:59:05,937 | INFO | Selecting frames for question ErGYJ7kqIow_0 on video ErGYJ7kqIow.mp4: frames=14 tags=4
2026-03-07 19:59:05,937 | INFO | Selected 14 frames for question ErGYJ7kqIow_0: [0, 23, 47, 71, 95, 119, 143, 167, 191, 215, 239, 263, 287, 311]
2026-03-07 19:59:05,937 | INFO | Selecting frames for question @recipesbyanne-7141686631676808454_0 on video 7141686631676808454.mp4: frames=13 tags=4
2026-03-07 19:59:05,937 | INFO | Selected 13 frames for question @recipesbyanne-7141686631676808454_0: [0, 30, 60, 90, 120, 150, 180, 210, 240, 270, 300, 330, 360]
2026-03-07 19:59:05,937 | INFO | Selecting frames for question @recipesbyanne-7112477530824756486_0 on video 7112477530824756486.mp4: frames=10 tags=4
2026-03-07 19:59:05,937 | INFO | Selected 10 frames for question @recipesbyanne-7112477530824756486_0: [0, 30, 60, 90, 120, 150, 180, 210, 240, 270]
2026-03-07 19:59:05,937 | INFO | Selecting frames for question @asianfoodrecipes-7109221563697876225_0 on video 7109221563697876225.mp4: frames=14 tags=4
2026-03-07 19:59:05,938 | INFO | Selected 14 frames for question @asianfoodrecipes-7109221563697876225_0: [0, 29, 59, 89, 119, 149, 179, 209, 239, 269, 299, 329, 359, 389]
2026-03-07 19:59:05,938 | INFO | Selecting frames for question @recipesbyanne-7234536361296940314_0 on video 7234536361296940314.mp4: frames=11 tags=4
2026-03-07 19:59:05,938 | INFO | Selected 11 frames for question @recipesbyanne-7234536361296940314_0: [0, 30, 60, 90, 120, 150, 180, 210, 240, 270, 300]
2026-03-07 19:59:05,938 | INFO | Selecting frames for question @healthfood-6880172230588894465_0 on video 6880172230588894465.mp4: frames=14 tags=4
2026-03-07 19:59:05,938 | INFO | Selected 14 frames for question @healthfood-6880172230588894465_0: [0, 30, 60, 90, 120, 150, 180, 210, 240, 270, 300, 330, 360, 390]
2026-03-07 19:59:05,938 | INFO | Selecting frames for question @healthfood-6917750501975100677_0 on video 6917750501975100677.mp4: frames=15 tags=4
2026-03-07 19:59:05,938 | INFO | Selected 15 frames for question @healthfood-6917750501975100677_0: [0, 30, 60, 90, 120, 150, 180, 210, 240, 270, 300, 330, 360, 390, 420]
2026-03-07 19:59:05,938 | INFO | Selecting frames for question @tiffycooks-7022693587703926022_0 on video 7022693587703926022.mp4: frames=12 tags=4
2026-03-07 19:59:05,938 | INFO | Selected 12 frames for question @tiffycooks-7022693587703926022_0: [0, 30, 60, 90, 120, 150, 180, 210, 240, 270, 300, 330]
2026-03-07 19:59:05,938 | INFO | Selecting frames for question @recipesbyanne-7231566545263103259_0 on video 7231566545263103259.mp4: frames=15 tags=4
2026-03-07 19:59:05,938 | INFO | Selected 15 frames for question @recipesbyanne-7231566545263103259_0: [0, 60, 120, 180, 240, 300, 360, 420, 480, 540, 600, 660, 720, 780, 840]
2026-03-07 19:59:05,938 | INFO | Selecting frames for question @healthfood-7115052132578921774_0 on video 7115052132578921774.mp4: frames=8 tags=4
2026-03-07 19:59:05,938 | INFO | Selected 8 frames for question @healthfood-7115052132578921774_0: [0, 30, 60, 90, 120, 150, 180, 210]
2026-03-07 19:59:05,938 | INFO | Selecting frames for question @healthfood-7200404243168415022_0 on video 7200404243168415022.mp4: frames=14 tags=4
2026-03-07 19:59:05,938 | INFO | Selected 14 frames for question @healthfood-7200404243168415022_0: [0, 29, 59, 89, 118, 148, 178, 207, 237, 267, 296, 326, 356, 385]
2026-03-07 19:59:05,938 | INFO | Selecting frames for question @healthfood-6867204066108329221_0 on video 6867204066108329221.mp4: frames=14 tags=4
2026-03-07 19:59:05,938 | INFO | Selected 14 frames for question @healthfood-6867204066108329221_0: [0, 30, 60, 90, 120, 150, 180, 210, 240, 270, 300, 330, 360, 390]
2026-03-07 19:59:05,938 | INFO | Selecting frames for question @recipesbyanne-7190395053343296774_0 on video 7190395053343296774.mp4: frames=8 tags=4
2026-03-07 19:59:05,938 | INFO | Selected 8 frames for question @recipesbyanne-7190395053343296774_0: [0, 30, 60, 90, 120, 150, 180, 210]
2026-03-07 19:59:05,938 | INFO | Selecting frames for question @recipesbyanne-7161798161395240197_0 on video 7161798161395240197.mp4: frames=12 tags=4
2026-03-07 19:59:05,938 | INFO | Selected 12 frames for question @recipesbyanne-7161798161395240197_0: [0, 30, 60, 90, 120, 150, 180, 210, 240, 270, 300, 330]
2026-03-07 19:59:05,938 | INFO | Selecting frames for question @healthfood-6999715804623293702_0 on video 6999715804623293702.mp4: frames=13 tags=4
2026-03-07 19:59:05,938 | INFO | Selected 13 frames for question @healthfood-6999715804623293702_0: [0, 31, 62, 93, 124, 155, 186, 217, 248, 279, 310, 341, 372]
2026-03-07 19:59:05,938 | INFO | Selecting frames for question @_eat_sleep_travel_repeat-7275734357799652640_0 on video 7275734357799652640.mp4: frames=9 tags=4
2026-03-07 19:59:05,939 | INFO | Selected 9 frames for question @_eat_sleep_travel_repeat-7275734357799652640_0: [0, 30, 60, 90, 120, 150, 180, 210, 240]
2026-03-07 19:59:05,939 | INFO | Selecting frames for question @kelseyinlondon-7258968758130085146_0 on video 7258968758130085146.mp4: frames=11 tags=4
2026-03-07 19:59:05,939 | INFO | Selected 11 frames for question @kelseyinlondon-7258968758130085146_0: [0, 30, 60, 90, 120, 150, 180, 210, 240, 270, 300]
2026-03-07 19:59:05,939 | INFO | Selecting frames for question @daiki.shino-7120297338056281349_0 on video 7120297338056281349.mp4: frames=15 tags=4
2026-03-07 19:59:05,939 | INFO | Selected 15 frames for question @daiki.shino-7120297338056281349_0: [0, 25, 50, 75, 100, 125, 150, 175, 200, 225, 250, 275, 300, 325, 350]
2026-03-07 19:59:05,939 | INFO | Selecting frames for question @placesunleashed-7297000148201262341_0 on video 7297000148201262341.mp4: frames=10 tags=4
2026-03-07 19:59:05,939 | INFO | Selected 10 frames for question @placesunleashed-7297000148201262341_0: [0, 28, 57, 86, 114, 143, 172, 201, 229, 258]
2026-03-07 19:59:05,939 | INFO | Selecting frames for question @placesunleashed-7325156862486220038_0 on video 7325156862486220038.mp4: frames=15 tags=4
2026-03-07 19:59:05,939 | INFO | Selected 15 frames for question @placesunleashed-7325156862486220038_0: [0, 28, 57, 85, 114, 142, 171, 199, 228, 256, 285, 313, 342, 371, 399]
2026-03-07 19:59:05,939 | INFO | Selecting frames for question @kelseyinlondon-7287537087203511585_0 on video 7287537087203511585.mp4: frames=12 tags=4
2026-03-07 19:59:05,939 | INFO | Selected 12 frames for question @kelseyinlondon-7287537087203511585_0: [0, 30, 60, 90, 120, 150, 180, 210, 240, 270, 300, 330]
2026-03-07 19:59:05,939 | INFO | Selecting frames for question @jetset_anna-6985193727107009798_0 on video 6985193727107009798.mp4: frames=14 tags=4
2026-03-07 19:59:05,939 | INFO | Selected 14 frames for question @jetset_anna-6985193727107009798_0: [0, 30, 60, 90, 120, 150, 180, 210, 240, 270, 300, 330, 360, 390]
2026-03-07 19:59:05,939 | INFO | Selecting frames for question @jetset_anna-7126584501228129542_0 on video 7126584501228129542.mp4: frames=10 tags=4
2026-03-07 19:59:05,939 | INFO | Selected 10 frames for question @jetset_anna-7126584501228129542_0: [0, 29, 59, 89, 119, 149, 179, 209, 239, 269]
2026-03-07 19:59:05,939 | INFO | Selecting frames for question @luxtravelbe-7233851486474636570_0 on video 7233851486474636570.mp4: frames=9 tags=4
2026-03-07 19:59:05,939 | INFO | Selected 9 frames for question @luxtravelbe-7233851486474636570_0: [0, 29, 59, 89, 119, 149, 179, 209, 239]
2026-03-07 19:59:05,939 | INFO | Selecting frames for question @placesunleashed-7327779917989416197_0 on video 7327779917989416197.mp4: frames=15 tags=4
2026-03-07 19:59:05,939 | INFO | Selected 15 frames for question @placesunleashed-7327779917989416197_0: [0, 27, 54, 81, 108, 135, 162, 189, 216, 243, 270, 298, 325, 352, 379]
2026-03-07 19:59:05,939 | INFO | Selecting frames for question @placesunleashed-7334544531490196741_0 on video 7334544531490196741.mp4: frames=10 tags=4
2026-03-07 19:59:05,939 | INFO | Selected 10 frames for question @placesunleashed-7334544531490196741_0: [0, 30, 60, 90, 120, 150, 180, 210, 240, 270]
2026-03-07 19:59:05,939 | INFO | Selecting frames for question @placesunleashed-7303594391850044678_0 on video 7303594391850044678.mp4: frames=14 tags=4
2026-03-07 19:59:05,939 | INFO | Selected 14 frames for question @placesunleashed-7303594391850044678_0: [0, 29, 59, 89, 119, 148, 178, 208, 238, 268, 297, 327, 357, 387]
2026-03-07 19:59:05,939 | INFO | Selecting frames for question @placesunleashed-7297652941551439109_0 on video 7297652941551439109.mp4: frames=14 tags=4
2026-03-07 19:59:05,941 | INFO | Selected 14 frames for question @placesunleashed-7297652941551439109_0: [0, 29, 59, 89, 119, 148, 178, 208, 238, 268, 297, 327, 357, 387]
2026-03-07 19:59:05,941 | INFO | Selecting frames for question @jetset_anna-6933580627824495878_0 on video 6933580627824495878.mp4: frames=15 tags=4
2026-03-07 19:59:05,941 | INFO | Selected 15 frames for question @jetset_anna-6933580627824495878_0: [0, 30, 60, 90, 120, 150, 180, 210, 240, 270, 300, 330, 360, 390, 420]
2026-03-07 19:59:05,941 | INFO | Selecting frames for question @movie.explained6-7278310085217094914_0 on video 7278310085217094914.mp4: frames=10 tags=4
2026-03-07 19:59:05,941 | INFO | Selected 10 frames for question @movie.explained6-7278310085217094914_0: [0, 30, 60, 90, 120, 150, 180, 210, 240, 270]
2026-03-07 19:59:05,941 | INFO | Selecting frames for question @movie.explained6-7270058445577948418_0 on video 7270058445577948418.mp4: frames=13 tags=4
2026-03-07 19:59:05,941 | INFO | Selected 13 frames for question @movie.explained6-7270058445577948418_0: [0, 30, 60, 90, 120, 150, 180, 210, 240, 270, 300, 330, 360]
2026-03-07 19:59:05,941 | INFO | Selecting frames for question @movie.explained6-7252661595875183874_0 on video 7252661595875183874.mp4: frames=13 tags=4
2026-03-07 19:59:05,942 | INFO | Selected 13 frames for question @movie.explained6-7252661595875183874_0: [0, 30, 60, 90, 120, 150, 180, 210, 240, 270, 300, 330, 360]
2026-03-07 19:59:05,942 | INFO | Selecting frames for question @movie.explained6-7275485247351901442_0 on video 7275485247351901442.mp4: frames=9 tags=4
2026-03-07 19:59:05,942 | INFO | Selected 9 frames for question @movie.explained6-7275485247351901442_0: [0, 29, 59, 89, 119, 149, 179, 209, 239]
2026-03-07 19:59:05,942 | INFO | Selecting frames for question @movie.explained6-7268771669123042562_0 on video 7268771669123042562.mp4: frames=12 tags=4
2026-03-07 19:59:05,942 | INFO | Selected 12 frames for question @movie.explained6-7268771669123042562_0: [0, 29, 59, 89, 119, 149, 179, 209, 239, 269, 299, 329]
2026-03-07 19:59:05,942 | INFO | Selecting frames for question @movie.explained6-7254803496900267266_0 on video 7254803496900267266.mp4: frames=13 tags=4
2026-03-07 19:59:05,942 | INFO | Selected 13 frames for question @movie.explained6-7254803496900267266_0: [0, 30, 60, 90, 120, 150, 180, 210, 240, 270, 300, 330, 360]
2026-03-07 19:59:05,942 | INFO | Selecting frames for question @movie.explained6-7253792552996867330_0 on video 7253792552996867330.mp4: frames=8 tags=4
2026-03-07 19:59:05,942 | INFO | Selected 8 frames for question @movie.explained6-7253792552996867330_0: [0, 29, 59, 89, 119, 149, 179, 209]
2026-03-07 19:59:05,942 | INFO | Selecting frames for question @movie.explained6-7274542274997013761_0 on video 7274542274997013761.mp4: frames=14 tags=4
2026-03-07 19:59:05,942 | INFO | Selected 14 frames for question @movie.explained6-7274542274997013761_0: [0, 30, 60, 90, 120, 150, 180, 210, 240, 270, 300, 330, 360, 390]
2026-03-07 19:59:05,942 | INFO | Selecting frames for question @jonijawne-7305901654417706246_0 on video 7305901654417706246.mp4: frames=10 tags=4
2026-03-07 19:59:05,942 | INFO | Selected 10 frames for question @jonijawne-7305901654417706246_0: [0, 30, 60, 90, 120, 150, 180, 210, 240, 270]
2026-03-07 19:59:05,942 | INFO | Selecting frames for question @kerstinong-6965059948090821890_0 on video 6965059948090821890.mp4: frames=12 tags=4
2026-03-07 19:59:05,942 | INFO | Selected 12 frames for question @kerstinong-6965059948090821890_0: [0, 24, 48, 72, 96, 120, 144, 168, 192, 216, 240, 264]
2026-03-07 19:59:05,942 | INFO | Selecting frames for question @jess.morg-7195624647830850858_0 on video 7195624647830850858.mp4: frames=13 tags=4
2026-03-07 19:59:05,942 | INFO | Selected 13 frames for question @jess.morg-7195624647830850858_0: [0, 30, 60, 90, 120, 150, 180, 210, 240, 270, 300, 330, 360]
2026-03-07 19:59:05,942 | INFO | Selecting frames for question @jess.morg-7291800958152084782_0 on video 7291800958152084782.mp4: frames=9 tags=4
2026-03-07 19:59:05,942 | INFO | Selected 9 frames for question @jess.morg-7291800958152084782_0: [0, 30, 60, 90, 120, 150, 180, 210, 240]
2026-03-07 19:59:05,942 | INFO | Selecting frames for question @jonijawne-7318074908645264645_0 on video 7318074908645264645.mp4: frames=8 tags=4
2026-03-07 19:59:05,942 | INFO | Selected 8 frames for question @jonijawne-7318074908645264645_0: [0, 30, 60, 90, 120, 150, 180, 210]
2026-03-07 19:59:05,942 | INFO | Selecting frames for question @jess.morg-7275475379375164715_0 on video 7275475379375164715.mp4: frames=11 tags=4
2026-03-07 19:59:05,942 | INFO | Selected 11 frames for question @jess.morg-7275475379375164715_0: [0, 23, 47, 71, 95, 119, 143, 167, 191, 215, 239]
2026-03-07 19:59:05,942 | INFO | Selecting frames for question @jonijawne-7184469162956246277_0 on video 7184469162956246277.mp4: frames=10 tags=4
2026-03-07 19:59:05,943 | INFO | Selected 10 frames for question @jonijawne-7184469162956246277_0: [0, 60, 120, 180, 240, 300, 360, 420, 480, 540]
2026-03-07 19:59:05,943 | INFO | Selecting frames for question @kerstinong-6900436106790194434_0 on video 6900436106790194434.mp4: frames=13 tags=4
2026-03-07 19:59:05,943 | INFO | Selected 13 frames for question @kerstinong-6900436106790194434_0: [0, 30, 60, 90, 120, 150, 180, 210, 240, 270, 300, 330, 360]
2026-03-07 19:59:05,943 | INFO | Selecting frames for question @jonijawne-7312063059160206597_0 on video 7312063059160206597.mp4: frames=9 tags=4
2026-03-07 19:59:05,943 | INFO | Selected 9 frames for question @jonijawne-7312063059160206597_0: [0, 30, 60, 90, 120, 150, 180, 210, 240]
2026-03-07 19:59:05,943 | INFO | Selecting frames for question @jess.morg-7255843192677911851_0 on video 7255843192677911851.mp4: frames=9 tags=4
2026-03-07 19:59:05,943 | INFO | Selected 9 frames for question @jess.morg-7255843192677911851_0: [0, 23, 47, 71, 95, 119, 142, 166, 190]
2026-03-07 19:59:05,943 | INFO | Selecting frames for question @jess.morg-7284004157311421742_0 on video 7284004157311421742.mp4: frames=10 tags=4
2026-03-07 19:59:05,943 | INFO | Selected 10 frames for question @jess.morg-7284004157311421742_0: [0, 30, 60, 90, 120, 150, 180, 210, 240, 270]
2026-03-07 19:59:05,943 | INFO | Selecting frames for question @jess.morg-7272881154838023467_0 on video 7272881154838023467.mp4: frames=9 tags=4
2026-03-07 19:59:05,943 | INFO | Selected 9 frames for question @jess.morg-7272881154838023467_0: [0, 24, 48, 72, 96, 120, 144, 168, 192]
2026-03-07 19:59:05,943 | INFO | Selecting frames for question @jess.morg-7248745529272700202_0 on video 7248745529272700202.mp4: frames=11 tags=4
2026-03-07 19:59:05,943 | INFO | Selected 11 frames for question @jess.morg-7248745529272700202_0: [0, 23, 47, 71, 95, 119, 142, 166, 190, 214, 238]
2026-03-07 19:59:05,943 | INFO | Selecting frames for question @lisolna-7203500499360877829_0 on video 7203500499360877829.mp4: frames=11 tags=4
2026-03-07 19:59:05,943 | INFO | Selected 11 frames for question @lisolna-7203500499360877829_0: [0, 60, 120, 180, 240, 300, 360, 420, 480, 540, 600]
2026-03-07 19:59:05,943 | INFO | Selecting frames for question @kerstinong-6976239624578419969_0 on video 6976239624578419969.mp4: frames=15 tags=4
2026-03-07 19:59:05,943 | INFO | Selected 15 frames for question @kerstinong-6976239624578419969_0: [0, 29, 59, 89, 119, 149, 179, 209, 239, 269, 299, 329, 359, 389, 419]
2026-03-07 19:59:05,943 | INFO | Selecting frames for question @jonijawne-7194500194648476933_0 on video 7194500194648476933.mp4: frames=10 tags=4
2026-03-07 19:59:05,943 | INFO | Selected 10 frames for question @jonijawne-7194500194648476933_0: [0, 30, 60, 90, 120, 150, 180, 210, 240, 270]
2026-03-07 19:59:05,943 | INFO | Selecting frames for question @jess.morg-7079970495499717934_0 on video 7079970495499717934.mp4: frames=9 tags=4
2026-03-07 19:59:05,943 | INFO | Selected 9 frames for question @jess.morg-7079970495499717934_0: [0, 30, 60, 90, 120, 150, 180, 210, 240]
2026-03-07 19:59:05,944 | INFO | Selecting frames for question Jfp1Ks7Hh1E_0 on video Jfp1Ks7Hh1E.mp4: frames=909 tags=4
2026-03-07 19:59:15,702 | INFO | Selected 32 frames for question Jfp1Ks7Hh1E_0: [2637, 3044, 3068, 3092, 7120, 9278, 9326, 9590, 9614, 9638, 9710, 9734, 9758, 9782, 9806, 10165, 10189, 10501, 10525, 10549, 10573, 10597, 10621, 10765, 11604, 11844, 13594, 13930, 14025, 14169, 16471, 17358]
2026-03-07 19:59:15,703 | INFO | Selecting frames for question Jfp1Ks7Hh1E_1 on video Jfp1Ks7Hh1E.mp4: frames=909 tags=4
2026-03-07 19:59:25,044 | INFO | Selected 32 frames for question Jfp1Ks7Hh1E_1: [2709, 11988, 13930, 14025, 14289, 14313, 14337, 14457, 14697, 14721, 14745, 14817, 14841, 14865, 14889, 14937, 14961, 14985, 15008, 15032, 15104, 15128, 15152, 15224, 15272, 15296, 15344, 15416, 15824, 15872, 16039, 16759]
2026-03-07 19:59:25,045 | INFO | Selecting frames for question Jfp1Ks7Hh1E_2 on video Jfp1Ks7Hh1E.mp4: frames=909 tags=4
2026-03-07 19:59:34,165 | INFO | Selected 32 frames for question Jfp1Ks7Hh1E_2: [407, 695, 719, 743, 1294, 1414, 1462, 8847, 9302, 9398, 9590, 9614, 9638, 9734, 9758, 9782, 9806, 9830, 9854, 10309, 10333, 10501, 10525, 10693, 11484, 11508, 11604, 11988, 13930, 14025, 14745, 15848]
2026-03-07 19:59:34,166 | INFO | Selecting frames for question gURB1JwPfJw_0 on video gURB1JwPfJw.mp4: frames=903 tags=4
2026-03-07 19:59:42,882 | INFO | Selected 32 frames for question gURB1JwPfJw_0: [329, 479, 2457, 4165, 4195, 4225, 4255, 4285, 4315, 4345, 4375, 4405, 4435, 4465, 4525, 4585, 4825, 4975, 5004, 5034, 5064, 5094, 5184, 5244, 5304, 6953, 6983, 7012, 7432, 10069, 10159, 17352]
2026-03-07 19:59:42,883 | INFO | Selecting frames for question gURB1JwPfJw_1 on video gURB1JwPfJw.mp4: frames=903 tags=4
2026-03-07 19:59:51,828 | INFO | Selected 32 frames for question gURB1JwPfJw_1: [5064, 5094, 5304, 5334, 5364, 5394, 6143, 6173, 6203, 6233, 6263, 6293, 6353, 6413, 6473, 6503, 6533, 6563, 6683, 6803, 6953, 6983, 7012, 7162, 7252, 7282, 7372, 7402, 7432, 14175, 17352, 26583]
2026-03-07 19:59:51,829 | INFO | Selecting frames for question gURB1JwPfJw_2 on video gURB1JwPfJw.mp4: frames=903 tags=4
2026-03-07 20:00:01,080 | INFO | Selected 32 frames for question gURB1JwPfJw_2: [329, 809, 839, 869, 1318, 5304, 6953, 6983, 7012, 8991, 9020, 9260, 9290, 9350, 9440, 9470, 9800, 10129, 10159, 10189, 10219, 10249, 14175, 17322, 17352, 18821, 26553, 26583, 26613, 26643, 26703, 26733]
2026-03-07 20:00:01,081 | INFO | Selecting frames for question 9S9i12n0TIw_0 on video 9S9i12n0TIw.mp4: frames=1168 tags=4
2026-03-07 20:00:18,429 | INFO | Selected 32 frames for question 9S9i12n0TIw_0: [8541, 17262, 17382, 19030, 19540, 19690, 19930, 20589, 20859, 21218, 21248, 21398, 21428, 21458, 21518, 21578, 21608, 21668, 21698, 22177, 22267, 22537, 22867, 23256, 24485, 24575, 25054, 25324, 25354, 25594, 25624, 29220]
2026-03-07 20:00:18,430 | INFO | Selecting frames for question 9S9i12n0TIw_1 on video 9S9i12n0TIw.mp4: frames=1168 tags=4
2026-03-07 20:00:35,353 | INFO | Selected 32 frames for question 9S9i12n0TIw_1: [10429, 14565, 14655, 14685, 17262, 17382, 17502, 17622, 17772, 17802, 18161, 19030, 19540, 19690, 21188, 21428, 21608, 21668, 22537, 22627, 23256, 24485, 24635, 25054, 25324, 25354, 27812, 27902, 29040, 31138, 32397, 32457]
2026-03-07 20:00:35,353 | INFO | Selecting frames for question 9S9i12n0TIw_2 on video 9S9i12n0TIw.mp4: frames=1168 tags=4
2026-03-07 20:00:50,561 | INFO | Selected 32 frames for question 9S9i12n0TIw_2: [9800, 10429, 19540, 19690, 22747, 24485, 24635, 24665, 25354, 27812, 29040, 29700, 29760, 29790, 29820, 29850, 29880, 29910, 30029, 30059, 30089, 30389, 30449, 30509, 30689, 30779, 30809, 30899, 31078, 31138, 31168, 31198]
2026-03-07 20:00:50,562 | INFO | Selecting frames for question gJijNOktmoI_0 on video gJijNOktmoI.mp4: frames=967 tags=4
2026-03-07 20:01:02,205 | INFO | Selected 32 frames for question gJijNOktmoI_0: [200, 225, 5175, 6675, 6725, 6825, 6850, 6875, 6975, 7000, 7025, 10900, 10950, 14150, 14175, 14200, 14225, 14250, 14275, 14375, 14450, 18350, 20175, 23350, 23400, 23500, 23525, 23550, 23625, 23650, 23725, 23850]
2026-03-07 20:01:02,206 | INFO | Selecting frames for question gJijNOktmoI_1 on video gJijNOktmoI.mp4: frames=967 tags=4
2026-03-07 20:01:14,603 | INFO | Selected 32 frames for question gJijNOktmoI_1: [0, 25, 100, 125, 225, 3400, 3450, 3475, 3500, 3725, 5175, 6700, 7025, 8075, 8125, 8150, 10900, 10950, 11125, 11150, 11175, 11200, 11225, 11325, 11425, 14150, 18400, 18450, 22300, 22400, 23250, 23350]
2026-03-07 20:01:14,604 | INFO | Selecting frames for question gJijNOktmoI_2 on video gJijNOktmoI.mp4: frames=967 tags=4
2026-03-07 20:01:26,929 | INFO | Selected 32 frames for question gJijNOktmoI_2: [0, 25, 100, 125, 3350, 3725, 3950, 4000, 4225, 4850, 5300, 6275, 6300, 6325, 6350, 6375, 6400, 6425, 6950, 7075, 7150, 7850, 15175, 15250, 15300, 15325, 18500, 18775, 18825, 18875, 21900, 21950]
2026-03-07 20:01:26,930 | INFO | Selecting frames for question d7IqrLV6Tlg_0 on video d7IqrLV6Tlg.mp4: frames=1008 tags=4
2026-03-07 20:01:38,462 | INFO | Selected 32 frames for question d7IqrLV6Tlg_0: [95, 1534, 1894, 1918, 2157, 2181, 2325, 2349, 2589, 2613, 3452, 3476, 4051, 4123, 4171, 4507, 5178, 5250, 5274, 5346, 5514, 5562, 8847, 12587, 12611, 12899, 14601, 15848, 19420, 20571, 21554, 21698]
2026-03-07 20:01:38,463 | INFO | Selecting frames for question d7IqrLV6Tlg_1 on video d7IqrLV6Tlg.mp4: frames=1008 tags=4
2026-03-07 20:01:51,300 | INFO | Selected 32 frames for question d7IqrLV6Tlg_1: [1294, 1534, 1630, 1894, 1918, 2157, 2181, 2349, 2589, 2613, 2685, 2733, 2757, 3356, 3452, 3476, 3572, 3716, 4051, 4123, 4171, 5178, 5250, 5274, 5346, 12515, 12755, 12827, 14601, 19420, 20571, 21698]
2026-03-07 20:01:51,301 | INFO | Selecting frames for question d7IqrLV6Tlg_2 on video d7IqrLV6Tlg.mp4: frames=1008 tags=4
2026-03-07 20:02:03,946 | INFO | Selected 32 frames for question d7IqrLV6Tlg_2: [1294, 1534, 1630, 1894, 1918, 2157, 2181, 2229, 2325, 2349, 2565, 2589, 2613, 2757, 3452, 3476, 3500, 3692, 3764, 4051, 4123, 4171, 5178, 5250, 5274, 5346, 5514, 14601, 16279, 18173, 19420, 20571]
2026-03-07 20:02:03,946 | INFO | Selecting frames for question PCPQToF10IM_0 on video PCPQToF10IM.mp4: frames=904 tags=4
2026-03-07 20:02:14,179 | INFO | Selected 32 frames for question PCPQToF10IM_0: [120, 312, 528, 552, 576, 600, 624, 648, 672, 720, 816, 840, 912, 1632, 2784, 6120, 6384, 6408, 6432, 10920, 10944, 13176, 13464, 13560, 13608, 13752, 14232, 15192, 15216, 17352, 17376, 18888]
2026-03-07 20:02:14,180 | INFO | Selecting frames for question PCPQToF10IM_1 on video PCPQToF10IM.mp4: frames=904 tags=4
2026-03-07 20:02:25,031 | INFO | Selected 32 frames for question PCPQToF10IM_1: [120, 144, 168, 840, 2904, 3888, 4488, 6384, 6936, 6960, 7128, 7152, 7200, 7344, 10608, 10800, 10872, 10896, 10920, 10944, 12168, 12456, 12576, 12600, 13176, 13536, 14664, 15408, 15648, 17376, 17928, 18480]
2026-03-07 20:02:25,032 | INFO | Selecting frames for question PCPQToF10IM_2 on video PCPQToF10IM.mp4: frames=904 tags=4
2026-03-07 20:02:35,589 | INFO | Selected 32 frames for question PCPQToF10IM_2: [288, 1512, 4752, 7464, 7608, 8016, 8136, 8160, 8352, 8592, 8736, 8760, 9168, 9192, 11016, 13896, 13968, 14136, 14208, 14232, 14256, 14328, 14352, 15360, 16200, 16968, 16992, 17016, 18048, 18720, 19320, 20016]
2026-03-07 20:02:35,590 | INFO | Selecting frames for question IN0osLg-Mn8_0 on video IN0osLg-Mn8.mp4: frames=468 tags=4
2026-03-07 20:02:38,498 | INFO | Selected 32 frames for question IN0osLg-Mn8_0: [569, 599, 689, 1168, 3146, 3656, 4345, 4375, 4435, 4465, 4555, 5934, 5994, 6023, 7762, 7942, 8391, 8571, 8691, 8811, 8931, 8961, 9200, 9230, 9920, 10489, 11088, 11118, 11148, 11718, 12767, 13606]
2026-03-07 20:02:38,499 | INFO | Selecting frames for question IN0osLg-Mn8_1 on video IN0osLg-Mn8.mp4: frames=468 tags=4
2026-03-07 20:02:41,332 | INFO | Selected 32 frames for question IN0osLg-Mn8_1: [569, 599, 1408, 2457, 2517, 4795, 5514, 5544, 5634, 5664, 5694, 5724, 6983, 9320, 9920, 9980, 10039, 10069, 10669, 10789, 10939, 10969, 11088, 11118, 11148, 11178, 11598, 11718, 11928, 11958, 11988, 12017]
2026-03-07 20:02:41,332 | INFO | Selecting frames for question pFpZvRsEGZs_0 on video pFpZvRsEGZs.mp4: frames=559 tags=4
2026-03-07 20:02:45,878 | INFO | Selected 32 frames for question pFpZvRsEGZs_0: [0, 119, 179, 479, 509, 3236, 3416, 4345, 4375, 4405, 4435, 4465, 4495, 4555, 4585, 4615, 4735, 4765, 6053, 6113, 6143, 11418, 11448, 11478, 11598, 11868, 11928, 11958, 11988, 12017, 12047, 13726]
2026-03-07 20:02:45,882 | INFO | Selecting frames for question pFpZvRsEGZs_1 on video pFpZvRsEGZs.mp4: frames=559 tags=4
2026-03-07 20:02:50,259 | INFO | Selected 32 frames for question pFpZvRsEGZs_1: [0, 179, 209, 1318, 2037, 2427, 2757, 2787, 3176, 3326, 4585, 4975, 5334, 5364, 8031, 8391, 8421, 8451, 8481, 10669, 10699, 10729, 10759, 10789, 11238, 11268, 11298, 12347, 15224, 15254, 15284, 15314]
2026-03-07 20:02:50,260 | INFO | Selecting frames for question 6hBbXVkgxGE_0 on video 6hBbXVkgxGE.mp4: frames=539 tags=4
2026-03-07 20:02:53,520 | INFO | Selected 32 frames for question 6hBbXVkgxGE_0: [359, 671, 1054, 1174, 1198, 1678, 2661, 3788, 3812, 3932, 4099, 4123, 4267, 4603, 4699, 5322, 5490, 5514, 5802, 6137, 6257, 6281, 6737, 6761, 7216, 7984, 8175, 8439, 9398, 11772, 11892, 11916]
2026-03-07 20:02:53,521 | INFO | Selecting frames for question 6hBbXVkgxGE_1 on video 6hBbXVkgxGE.mp4: frames=539 tags=4
2026-03-07 20:02:56,871 | INFO | Selected 32 frames for question 6hBbXVkgxGE_1: [359, 671, 1054, 1174, 1198, 1654, 1678, 2733, 3788, 3812, 3932, 4099, 4123, 4219, 4267, 4339, 4363, 5490, 5514, 6257, 6281, 6425, 7216, 8175, 9398, 11556, 11628, 11748, 11772, 11796, 11892, 11916]
2026-03-07 20:02:56,871 | INFO | Selecting frames for question kj3Po7zUeyw_0 on video kj3Po7zUeyw.mp4: frames=504 tags=4
2026-03-07 20:02:59,857 | INFO | Selected 32 frames for question kj3Po7zUeyw_0: [150, 240, 2190, 2280, 2310, 2490, 4200, 5100, 5310, 5340, 5970, 6060, 8430, 8460, 9480, 9510, 9810, 9840, 9870, 9990, 10020, 10440, 11700, 11790, 12960, 13020, 13350, 13410, 13440, 13740, 14670, 14700]
2026-03-07 20:02:59,857 | INFO | Selecting frames for question kj3Po7zUeyw_1 on video kj3Po7zUeyw.mp4: frames=504 tags=4
2026-03-07 20:03:02,651 | INFO | Selected 32 frames for question kj3Po7zUeyw_1: [120, 150, 2280, 3600, 4200, 4260, 4980, 6180, 6870, 6900, 7260, 7650, 7920, 8220, 8430, 8460, 8700, 8760, 9210, 9270, 10440, 10560, 11610, 11640, 11880, 12960, 12990, 13020, 13320, 13350, 13380, 14580]
2026-03-07 20:03:02,652 | INFO | Selecting frames for question w2HKqOhf7KQ_0 on video w2HKqOhf7KQ.mp4: frames=598 tags=4
2026-03-07 20:03:07,151 | INFO | Selected 32 frames for question w2HKqOhf7KQ_0: [0, 1738, 1768, 4765, 6053, 6113, 6143, 6263, 8241, 8481, 8631, 8811, 9110, 9140, 9230, 9260, 9290, 9320, 9350, 10549, 10699, 10729, 10759, 10789, 10969, 11748, 11958, 13366, 13396, 13846, 15464, 17322]
2026-03-07 20:03:07,152 | INFO | Selecting frames for question w2HKqOhf7KQ_1 on video w2HKqOhf7KQ.mp4: frames=598 tags=4
2026-03-07 20:03:12,010 | INFO | Selected 32 frames for question w2HKqOhf7KQ_1: [0, 1708, 1738, 2757, 3446, 3686, 3716, 4465, 4495, 4645, 4675, 5274, 5634, 5664, 10519, 10789, 10849, 11298, 11448, 11538, 11568, 11598, 11628, 12587, 12617, 13396, 13786, 13846, 15614, 16153, 16183, 17322]
2026-03-07 20:03:12,010 | INFO | Selecting frames for question k4jiEuZbN-4_0 on video k4jiEuZbN-4.mp4: frames=599 tags=4
2026-03-07 20:03:16,624 | INFO | Selected 32 frames for question k4jiEuZbN-4_0: [569, 1528, 1558, 1588, 1828, 1858, 1888, 1948, 2037, 2157, 2517, 2667, 5304, 7492, 9620, 9650, 9680, 10459, 10849, 10969, 14025, 14745, 14805, 14835, 14865, 15314, 15344, 15374, 17382, 17412, 17442, 17472]
2026-03-07 20:03:16,625 | INFO | Selecting frames for question k4jiEuZbN-4_1 on video k4jiEuZbN-4.mp4: frames=599 tags=4
2026-03-07 20:03:21,209 | INFO | Selected 32 frames for question k4jiEuZbN-4_1: [1348, 1408, 1528, 1558, 1828, 1858, 1888, 2517, 2997, 3026, 3656, 3686, 3776, 3986, 5124, 8901, 8961, 9140, 9620, 9650, 9680, 9740, 10849, 11418, 11568, 14025, 15284, 15314, 16033, 16123, 16693, 17082]
2026-03-07 20:03:21,210 | INFO | Selecting frames for question OUeE8nCKWGA_0 on video OUeE8nCKWGA.mp4: frames=275 tags=4
2026-03-07 20:03:22,177 | INFO | Selected 32 frames for question OUeE8nCKWGA_0: [0, 29, 59, 89, 119, 149, 209, 389, 419, 749, 779, 1378, 1648, 1738, 1798, 3626, 3896, 3926, 3956, 3986, 4105, 4165, 4195, 4465, 4495, 4525, 5454, 5484, 5844, 5874, 5904, 5934]
2026-03-07 20:03:22,177 | INFO | Selecting frames for question OUeE8nCKWGA_1 on video OUeE8nCKWGA.mp4: frames=275 tags=4
2026-03-07 20:03:23,105 | INFO | Selected 32 frames for question OUeE8nCKWGA_1: [629, 2217, 2277, 3626, 3656, 3686, 3716, 3746, 4975, 6563, 6863, 6893, 7372, 7402, 7432, 7462, 7492, 7522, 7552, 7582, 7612, 7642, 7672, 7702, 7732, 7762, 7792, 7822, 7852, 7882, 7912, 7942]
2026-03-07 20:03:23,106 | INFO | Selecting frames for question N7RTTiHsSjI_0 on video N7RTTiHsSjI.mp4: frames=481 tags=4
2026-03-07 20:03:25,849 | INFO | Selected 32 frames for question N7RTTiHsSjI_0: [100, 125, 150, 2500, 5125, 5200, 5225, 5250, 5275, 5300, 5825, 6050, 6075, 6100, 6125, 7625, 7650, 7800, 8400, 8875, 8900, 8925, 9725, 9750, 10300, 10775, 11075, 11150, 11175, 11425, 11525, 11575]
2026-03-07 20:03:25,849 | INFO | Selecting frames for question N7RTTiHsSjI_1 on video N7RTTiHsSjI.mp4: frames=481 tags=4
2026-03-07 20:03:28,799 | INFO | Selected 32 frames for question N7RTTiHsSjI_1: [50, 350, 1900, 2575, 5075, 5550, 7175, 8675, 8700, 8725, 8750, 8950, 8975, 9000, 9025, 9050, 9125, 9150, 9175, 9200, 9225, 9250, 9275, 9300, 9625, 9650, 9675, 9700, 10975, 11050, 11475, 11675]
2026-03-07 20:03:28,799 | INFO | Selecting frames for question e6HwinLBK_Y_0 on video e6HwinLBK_Y.mp4: frames=512 tags=4
2026-03-07 20:03:32,157 | INFO | Selected 32 frames for question e6HwinLBK_Y_0: [1408, 1768, 1828, 1858, 1888, 1918, 1948, 2397, 4105, 4135, 4165, 4225, 4255, 4285, 4315, 4345, 4465, 4975, 5214, 5904, 6623, 6653, 6683, 6743, 6803, 9920, 13036, 14055, 14895, 14925, 14955, 15014]
2026-03-07 20:03:32,158 | INFO | Selecting frames for question e6HwinLBK_Y_1 on video e6HwinLBK_Y.mp4: frames=512 tags=4
2026-03-07 20:03:35,607 | INFO | Selected 32 frames for question e6HwinLBK_Y_1: [0, 839, 869, 1678, 2667, 2697, 2967, 2997, 3596, 3626, 3656, 3746, 3776, 5394, 5424, 6743, 7042, 7072, 7132, 9320, 9380, 10699, 10729, 10759, 12017, 12047, 12707, 12767, 12797, 14445, 14475, 14505]
2026-03-07 20:03:35,608 | INFO | Selecting frames for question T5bTeGzgJFs_0 on video T5bTeGzgJFs.mp4: frames=534 tags=4
2026-03-07 20:03:39,146 | INFO | Selected 32 frames for question T5bTeGzgJFs_0: [119, 179, 449, 1228, 1258, 2037, 2067, 2307, 2787, 2817, 2847, 2877, 3296, 3506, 3536, 3566, 3596, 3626, 3656, 3686, 3866, 4075, 4255, 4285, 4765, 5154, 6383, 7072, 7102, 7432, 12587, 12617]
2026-03-07 20:03:39,146 | INFO | Selecting frames for question T5bTeGzgJFs_1 on video T5bTeGzgJFs.mp4: frames=534 tags=4
2026-03-07 20:03:42,335 | INFO | Selected 32 frames for question T5bTeGzgJFs_1: [179, 269, 1858, 1888, 2937, 3356, 7792, 8241, 8271, 8421, 8961, 8991, 9020, 9200, 9230, 9260, 9290, 9320, 9710, 9770, 10039, 10519, 11028, 11058, 12947, 12977, 13126, 13156, 13336, 13366, 13846, 13876]
2026-03-07 20:03:42,336 | INFO | Selecting frames for question n24n_20Kwe4_0 on video n24n_20Kwe4.mp4: frames=593 tags=4
2026-03-07 20:03:46,879 | INFO | Selected 32 frames for question n24n_20Kwe4_0: [839, 869, 899, 1228, 1258, 1288, 1318, 1708, 1738, 5424, 5604, 5814, 5844, 5874, 8871, 8901, 9020, 9560, 9620, 10009, 10309, 12497, 12527, 12557, 13096, 13126, 13156, 13996, 14025, 14055, 15194, 15224]
2026-03-07 20:03:46,880 | INFO | Selecting frames for question n24n_20Kwe4_1 on video n24n_20Kwe4.mp4: frames=593 tags=4
2026-03-07 20:03:51,285 | INFO | Selected 32 frames for question n24n_20Kwe4_1: [539, 1618, 1648, 5094, 5124, 5154, 5214, 5334, 5364, 5394, 5484, 5664, 5694, 8661, 8751, 11268, 11298, 11328, 11478, 11838, 11868, 11898, 11928, 12167, 13276, 13306, 13336, 13666, 16453, 16483, 16513, 16543]
2026-03-07 20:03:51,286 | INFO | Selecting frames for question sHUEJw1BsGQ_0 on video sHUEJw1BsGQ.mp4: frames=470 tags=4
2026-03-07 20:03:53,768 | INFO | Selected 32 frames for question sHUEJw1BsGQ_0: [0, 29, 569, 3686, 3716, 4345, 4375, 4405, 4465, 4495, 4555, 4585, 4615, 4885, 4915, 5784, 8511, 8691, 8901, 9080, 9260, 9710, 9740, 10009, 10129, 10279, 10339, 10699, 10879, 12467, 12677, 12887]
2026-03-07 20:03:53,769 | INFO | Selecting frames for question sHUEJw1BsGQ_1 on video sHUEJw1BsGQ.mp4: frames=470 tags=4
2026-03-07 20:03:56,185 | INFO | Selected 32 frames for question sHUEJw1BsGQ_1: [299, 2877, 3116, 3176, 3446, 3476, 5814, 8271, 8511, 8841, 8931, 8961, 9230, 9260, 9320, 9590, 9860, 10009, 10189, 10759, 10789, 10909, 10939, 11208, 11328, 13126, 13156, 13186, 13276, 13366, 13396, 13486]
2026-03-07 20:03:56,186 | INFO | Selecting frames for question XJ6REZOXsvM_0 on video XJ6REZOXsvM.mp4: frames=588 tags=4
2026-03-07 20:04:00,488 | INFO | Selected 32 frames for question XJ6REZOXsvM_0: [143, 167, 191, 215, 2661, 4915, 5370, 5394, 5418, 5442, 5490, 5514, 5874, 5898, 5922, 5946, 6089, 6113, 6137, 6233, 6257, 6281, 8463, 8487, 8535, 8847, 8871, 8919, 8943, 8967, 8991, 9014]
2026-03-07 20:04:00,489 | INFO | Selecting frames for question XJ6REZOXsvM_1 on video XJ6REZOXsvM.mp4: frames=588 tags=4
2026-03-07 20:04:04,554 | INFO | Selected 32 frames for question XJ6REZOXsvM_1: [143, 167, 191, 215, 1942, 1990, 2061, 2181, 2205, 4843, 4891, 5538, 6041, 6257, 6281, 6617, 8319, 8343, 8847, 8871, 8895, 9038, 9830, 9854, 10021, 10045, 10069, 10093, 10117, 10141, 10165, 11004]
2026-03-07 20:04:04,555 | INFO | Selecting frames for question pPJq1rMDRGs_0 on video pPJq1rMDRGs.mp4: frames=484 tags=4
2026-03-07 20:04:07,325 | INFO | Selected 32 frames for question pPJq1rMDRGs_0: [870, 1050, 1080, 1260, 2130, 2460, 2490, 3270, 3300, 3780, 6030, 6600, 7200, 7230, 8640, 8700, 8820, 8850, 8880, 8940, 9240, 9270, 9630, 9930, 9990, 10470, 11580, 11730, 12060, 12480, 13890, 13920]
2026-03-07 20:04:07,326 | INFO | Selecting frames for question pPJq1rMDRGs_1 on video pPJq1rMDRGs.mp4: frames=484 tags=4
2026-03-07 20:04:10,030 | INFO | Selected 32 frames for question pPJq1rMDRGs_1: [1260, 2130, 2460, 2490, 3270, 3300, 4080, 6030, 6600, 6720, 7200, 7230, 7440, 7980, 8640, 8700, 8820, 8850, 8880, 8940, 9240, 9450, 9630, 9930, 10470, 11580, 11730, 12480, 12780, 13260, 13890, 13920]
2026-03-07 20:04:10,031 | INFO | Selecting frames for question tWiGnu2BNsY_0 on video tWiGnu2BNsY.mp4: frames=585 tags=4
2026-03-07 20:04:14,509 | INFO | Selected 32 frames for question tWiGnu2BNsY_0: [2760, 2820, 2940, 3060, 3390, 4770, 5070, 6180, 6210, 6240, 6270, 6300, 6330, 6360, 6390, 6420, 6450, 6480, 6510, 6600, 6630, 9090, 9570, 9600, 11430, 11460, 11490, 11520, 11550, 11580, 15360, 15960]
2026-03-07 20:04:14,510 | INFO | Selecting frames for question tWiGnu2BNsY_1 on video tWiGnu2BNsY.mp4: frames=585 tags=4
2026-03-07 20:04:18,684 | INFO | Selected 32 frames for question tWiGnu2BNsY_1: [2580, 4200, 4290, 4350, 5070, 6600, 6960, 7560, 7920, 8010, 8700, 8730, 12120, 13470, 13500, 13530, 13560, 13590, 13620, 13650, 13680, 13710, 13830, 13860, 13890, 13950, 13980, 14010, 14040, 14070, 15570, 15600]
2026-03-07 20:04:18,684 | INFO | Selecting frames for question LAQRjgx_OY8_0 on video LAQRjgx_OY8.mp4: frames=468 tags=4
2026-03-07 20:04:21,435 | INFO | Selected 32 frames for question LAQRjgx_OY8_0: [269, 299, 869, 929, 1078, 2037, 2277, 2337, 2517, 3266, 3296, 3326, 4195, 5334, 5364, 5454, 5604, 5634, 5664, 5694, 5814, 5844, 5964, 6893, 6923, 6953, 8331, 8571, 9020, 9050, 10969, 11088]
2026-03-07 20:04:21,436 | INFO | Selecting frames for question LAQRjgx_OY8_1 on video LAQRjgx_OY8.mp4: frames=468 tags=4
2026-03-07 20:04:24,115 | INFO | Selected 32 frames for question LAQRjgx_OY8_1: [1168, 1198, 1258, 1288, 1318, 1348, 1738, 1768, 4195, 4375, 4405, 4435, 7042, 7672, 7762, 8331, 8361, 8721, 8751, 8781, 9290, 9560, 9980, 10069, 10099, 10969, 11058, 11088, 11628, 12887, 12917, 12947]
2026-03-07 20:04:24,115 | INFO | Selecting frames for question @movie.explained6-7259227637992705282_0 on video 7259227637992705282.mp4: frames=60 tags=4
2026-03-07 20:04:24,153 | INFO | Selected 32 frames for question @movie.explained6-7259227637992705282_0: [0, 60, 90, 120, 150, 180, 210, 240, 270, 300, 330, 390, 450, 480, 600, 630, 660, 720, 750, 780, 870, 930, 960, 990, 1050, 1110, 1140, 1170, 1200, 1230, 1260, 1590]
2026-03-07 20:04:24,153 | INFO | Selecting frames for question @movie.explained6-7253164232307379457_0 on video 7253164232307379457.mp4: frames=60 tags=4
2026-03-07 20:04:24,192 | INFO | Selected 32 frames for question @movie.explained6-7253164232307379457_0: [25, 50, 125, 150, 175, 200, 300, 325, 350, 375, 400, 650, 750, 775, 825, 850, 875, 900, 925, 950, 975, 1000, 1025, 1050, 1075, 1100, 1225, 1250, 1275, 1400, 1450, 1475]
2026-03-07 20:04:24,193 | INFO | Selecting frames for question @movie.explained6-7280742496882134274_0 on video 7280742496882134274.mp4: frames=57 tags=4
2026-03-07 20:04:24,239 | INFO | Selected 32 frames for question @movie.explained6-7280742496882134274_0: [60, 90, 180, 300, 330, 360, 390, 420, 480, 510, 540, 570, 600, 630, 690, 720, 750, 780, 810, 930, 960, 1080, 1200, 1230, 1260, 1350, 1380, 1410, 1500, 1620, 1650, 1680]
2026-03-07 20:04:24,240 | INFO | Selecting frames for question @movie.explained6-7262938043315686664_0 on video 7262938043315686664.mp4: frames=51 tags=4
2026-03-07 20:04:24,266 | INFO | Selected 32 frames for question @movie.explained6-7262938043315686664_0: [0, 25, 50, 75, 100, 125, 150, 300, 325, 375, 475, 525, 550, 575, 625, 650, 725, 825, 875, 925, 950, 975, 1000, 1025, 1050, 1075, 1100, 1150, 1175, 1200, 1225, 1250]
2026-03-07 20:04:24,266 | INFO | Selecting frames for question @movie.explained6-7268167132591000833_0 on video 7268167132591000833.mp4: frames=56 tags=4
2026-03-07 20:04:24,298 | INFO | Selected 32 frames for question @movie.explained6-7268167132591000833_0: [150, 180, 210, 240, 270, 300, 330, 390, 450, 510, 600, 720, 750, 780, 810, 840, 870, 900, 990, 1020, 1050, 1080, 1110, 1140, 1230, 1320, 1350, 1470, 1530, 1560, 1590, 1650]
2026-03-07 20:04:24,298 | INFO | Selecting frames for question @movie.explained6-7277548218106367234_0 on video 7277548218106367234.mp4: frames=49 tags=4
2026-03-07 20:04:24,322 | INFO | Selected 32 frames for question @movie.explained6-7277548218106367234_0: [0, 25, 50, 75, 175, 275, 375, 400, 425, 450, 475, 500, 525, 550, 575, 600, 675, 700, 725, 750, 775, 800, 825, 850, 875, 900, 925, 1075, 1100, 1125, 1175, 1200]
2026-03-07 20:04:24,322 | INFO | Selecting frames for question @movie.explained6-7269647281668852993_0 on video 7269647281668852993.mp4: frames=59 tags=4
2026-03-07 20:04:24,358 | INFO | Selected 32 frames for question @movie.explained6-7269647281668852993_0: [0, 30, 60, 90, 120, 150, 180, 210, 240, 300, 330, 360, 480, 600, 630, 660, 690, 780, 810, 990, 1050, 1140, 1200, 1260, 1290, 1560, 1590, 1620, 1650, 1680, 1710, 1740]
2026-03-07 20:04:24,358 | INFO | Selecting frames for question @movie.explained6-7267308320413797650_0 on video 7267308320413797650.mp4: frames=60 tags=4
2026-03-07 20:04:24,400 | INFO | Selected 32 frames for question @movie.explained6-7267308320413797650_0: [120, 150, 180, 390, 510, 540, 600, 630, 660, 690, 720, 750, 780, 870, 900, 930, 960, 1080, 1110, 1260, 1290, 1350, 1380, 1440, 1470, 1500, 1530, 1560, 1590, 1650, 1680, 1710]
2026-03-07 20:04:24,400 | INFO | Selecting frames for question @movie.explained6-7275653401025826050_0 on video 7275653401025826050.mp4: frames=60 tags=4
2026-03-07 20:04:24,441 | INFO | Selected 32 frames for question @movie.explained6-7275653401025826050_0: [120, 150, 180, 240, 330, 360, 390, 420, 570, 600, 630, 720, 750, 810, 870, 900, 990, 1140, 1170, 1200, 1290, 1320, 1350, 1380, 1410, 1440, 1470, 1560, 1650, 1710, 1740, 1770]
2026-03-07 20:04:24,441 | INFO | Selecting frames for question @movie.explained6-7267884432420277506_0 on video 7267884432420277506.mp4: frames=60 tags=4
2026-03-07 20:04:24,481 | INFO | Selected 32 frames for question @movie.explained6-7267884432420277506_0: [23, 71, 167, 239, 311, 527, 551, 575, 599, 623, 647, 671, 695, 719, 743, 767, 791, 911, 959, 983, 1006, 1054, 1078, 1102, 1126, 1174, 1246, 1318, 1342, 1366, 1390, 1414]
2026-03-07 20:04:24,482 | INFO | Selecting frames for question @movie.explained6-7268213090708245761_0 on video 7268213090708245761.mp4: frames=56 tags=4
2026-03-07 20:04:24,513 | INFO | Selected 32 frames for question @movie.explained6-7268213090708245761_0: [0, 30, 60, 150, 180, 300, 330, 420, 570, 600, 630, 660, 690, 720, 750, 810, 840, 870, 1050, 1080, 1170, 1230, 1260, 1320, 1350, 1380, 1410, 1500, 1530, 1590, 1620, 1650]
2026-03-07 20:04:24,513 | INFO | Selecting frames for question @movie.explained6-7269746510462536962_0 on video 7269746510462536962.mp4: frames=58 tags=4
2026-03-07 20:04:24,540 | INFO | Selected 32 frames for question @movie.explained6-7269746510462536962_0: [0, 30, 60, 90, 120, 150, 180, 210, 240, 270, 300, 330, 360, 390, 420, 450, 480, 510, 540, 690, 750, 840, 870, 900, 1290, 1320, 1350, 1410, 1560, 1590, 1620, 1650]
2026-03-07 20:04:24,540 | INFO | Selecting frames for question @movie.explained6-7270293967017725185_0 on video 7270293967017725185.mp4: frames=48 tags=4
2026-03-07 20:04:24,559 | INFO | Selected 32 frames for question @movie.explained6-7270293967017725185_0: [90, 120, 150, 210, 330, 390, 450, 510, 540, 570, 600, 630, 660, 690, 720, 780, 810, 840, 870, 900, 930, 960, 990, 1080, 1110, 1140, 1200, 1230, 1260, 1350, 1380, 1410]
2026-03-07 20:04:24,559 | INFO | Selecting frames for question @movie.explained6-7254238802577820929_0 on video 7254238802577820929.mp4: frames=54 tags=4
2026-03-07 20:04:24,594 | INFO | Selected 32 frames for question @movie.explained6-7254238802577820929_0: [29, 59, 89, 149, 179, 209, 239, 269, 389, 449, 479, 509, 539, 569, 659, 689, 809, 929, 959, 1018, 1048, 1078, 1108, 1138, 1168, 1198, 1228, 1258, 1348, 1408, 1468, 1588]
2026-03-07 20:04:24,595 | INFO | Selecting frames for question @movie.explained6-7269006883380399362_0 on video 7269006883380399362.mp4: frames=57 tags=4
2026-03-07 20:04:24,630 | INFO | Selected 32 frames for question @movie.explained6-7269006883380399362_0: [30, 180, 210, 240, 270, 300, 360, 450, 480, 510, 540, 570, 600, 660, 690, 720, 810, 1020, 1050, 1080, 1140, 1260, 1290, 1320, 1350, 1380, 1410, 1440, 1470, 1500, 1620, 1680]
2026-03-07 20:04:24,631 | INFO | Selecting frames for question @movie.explained6-7270058010888768770_0 on video 7270058010888768770.mp4: frames=40 tags=4
2026-03-07 20:04:24,645 | INFO | Selected 32 frames for question @movie.explained6-7270058010888768770_0: [0, 60, 90, 120, 150, 180, 240, 300, 330, 360, 390, 450, 480, 510, 540, 570, 600, 630, 660, 690, 720, 750, 780, 810, 870, 930, 960, 990, 1020, 1050, 1080, 1110]
2026-03-07 20:04:24,645 | INFO | Selecting frames for question @kerstinong-7074483613273754882_0 on video 7074483613273754882.mp4: frames=47 tags=4
2026-03-07 20:04:24,674 | INFO | Selected 32 frames for question @kerstinong-7074483613273754882_0: [0, 30, 60, 90, 120, 180, 240, 270, 300, 330, 360, 420, 450, 480, 510, 540, 570, 630, 720, 750, 780, 840, 870, 930, 960, 1110, 1140, 1200, 1230, 1260, 1320, 1350]
2026-03-07 20:04:24,675 | INFO | Selecting frames for question @lisolna-7288701821369978144_0 on video 7288701821369978144.mp4: frames=60 tags=4
2026-03-07 20:04:24,714 | INFO | Selected 32 frames for question @lisolna-7288701821369978144_0: [0, 30, 60, 90, 120, 240, 270, 300, 330, 360, 390, 420, 450, 480, 510, 570, 600, 630, 660, 690, 840, 870, 900, 930, 1020, 1140, 1440, 1470, 1500, 1590, 1680, 1740]
2026-03-07 20:04:24,714 | INFO | Selecting frames for question @jonijawne-7197144530024500485_0 on video 7197144530024500485.mp4: frames=38 tags=4
2026-03-07 20:04:24,727 | INFO | Selected 32 frames for question @jonijawne-7197144530024500485_0: [0, 60, 120, 180, 240, 300, 360, 420, 480, 540, 600, 780, 840, 900, 960, 1020, 1080, 1140, 1200, 1260, 1320, 1500, 1620, 1680, 1740, 1800, 1860, 1920, 1980, 2040, 2100, 2220]
2026-03-07 20:04:24,727 | INFO | Selecting frames for question @lisolna-7284252812194729248_0 on video 7284252812194729248.mp4: frames=60 tags=4
2026-03-07 20:04:24,769 | INFO | Selected 32 frames for question @lisolna-7284252812194729248_0: [30, 60, 120, 150, 180, 210, 240, 300, 390, 420, 450, 510, 540, 600, 660, 990, 1020, 1050, 1080, 1110, 1230, 1350, 1410, 1440, 1500, 1530, 1560, 1590, 1650, 1680, 1710, 1740]
2026-03-07 20:04:24,770 | INFO | Selecting frames for question @emsiiees-7296863219178638594_0 on video 7296863219178638594.mp4: frames=37 tags=4
2026-03-07 20:04:24,782 | INFO | Selected 32 frames for question @emsiiees-7296863219178638594_0: [0, 30, 60, 90, 120, 150, 180, 210, 240, 270, 300, 330, 360, 390, 420, 450, 480, 510, 540, 630, 690, 750, 780, 840, 870, 900, 930, 960, 990, 1020, 1050, 1080]
2026-03-07 20:04:24,784 | INFO | Selecting frames for question @lisolna-7184160724715883781_0 on video 7184160724715883781.mp4: frames=22 tags=4
2026-03-07 20:04:24,784 | INFO | Selected 22 frames for question @lisolna-7184160724715883781_0: [0, 30, 60, 90, 120, 150, 180, 210, 240, 270, 300, 330, 360, 390, 420, 450, 480, 510, 540, 570, 600, 630]
2026-03-07 20:04:24,784 | INFO | Selecting frames for question @jonijawne-7214559428471770374_0 on video 7214559428471770374.mp4: frames=28 tags=4
2026-03-07 20:04:24,784 | INFO | Selected 28 frames for question @jonijawne-7214559428471770374_0: [0, 30, 60, 90, 120, 150, 180, 210, 240, 270, 300, 330, 360, 390, 420, 450, 480, 510, 540, 570, 600, 630, 660, 690, 720, 750, 780, 810]
2026-03-07 20:04:24,784 | INFO | Selecting frames for question @lisolna-7321010343067618592_0 on video 7321010343067618592.mp4: frames=60 tags=4
2026-03-07 20:04:24,836 | INFO | Selected 32 frames for question @lisolna-7321010343067618592_0: [0, 30, 60, 90, 120, 150, 210, 240, 270, 300, 330, 360, 390, 420, 450, 630, 690, 780, 810, 840, 870, 900, 930, 960, 990, 1020, 1050, 1170, 1320, 1350, 1380, 1620]
2026-03-07 20:04:24,840 | INFO | Selecting frames for question @jess.morg-7206809277867052330_0 on video 7206809277867052330.mp4: frames=34 tags=4
2026-03-07 20:04:24,849 | INFO | Selected 32 frames for question @jess.morg-7206809277867052330_0: [0, 30, 60, 90, 120, 150, 180, 210, 240, 270, 300, 390, 420, 450, 480, 510, 540, 570, 600, 630, 660, 690, 720, 750, 780, 810, 840, 870, 900, 930, 960, 990]
2026-03-07 20:04:24,849 | INFO | Selecting frames for question @lisolna-7359951777845775648_0 on video 7359951777845775648.mp4: frames=60 tags=4
2026-03-07 20:04:24,885 | INFO | Selected 32 frames for question @lisolna-7359951777845775648_0: [0, 30, 60, 90, 180, 210, 240, 270, 360, 540, 630, 660, 750, 870, 960, 990, 1110, 1140, 1230, 1320, 1350, 1380, 1410, 1440, 1470, 1500, 1530, 1590, 1620, 1650, 1680, 1770]
2026-03-07 20:04:24,885 | INFO | Selecting frames for question @jess.morg-7203120578537049386_0 on video 7203120578537049386.mp4: frames=20 tags=4
2026-03-07 20:04:24,886 | INFO | Selected 20 frames for question @jess.morg-7203120578537049386_0: [0, 30, 60, 90, 120, 150, 180, 210, 240, 270, 300, 330, 360, 390, 420, 450, 480, 510, 540, 570]
2026-03-07 20:04:24,886 | INFO | Selecting frames for question @kerstinong-7197781091162279169_0 on video 7197781091162279169.mp4: frames=19 tags=4
2026-03-07 20:04:24,886 | INFO | Selected 19 frames for question @kerstinong-7197781091162279169_0: [0, 30, 60, 90, 120, 150, 180, 210, 240, 270, 300, 330, 360, 390, 420, 450, 480, 510, 540]
2026-03-07 20:04:24,886 | INFO | Selecting frames for question @lisolna-7198577717292322054_0 on video 7198577717292322054.mp4: frames=18 tags=4
2026-03-07 20:04:24,886 | INFO | Selected 18 frames for question @lisolna-7198577717292322054_0: [0, 30, 60, 90, 120, 150, 180, 210, 240, 270, 300, 330, 360, 390, 420, 450, 480, 510]
2026-03-07 20:04:24,886 | INFO | Selecting frames for question @lisolna-7333990579963039009_0 on video 7333990579963039009.mp4: frames=60 tags=4
2026-03-07 20:04:24,922 | INFO | Selected 32 frames for question @lisolna-7333990579963039009_0: [0, 30, 60, 120, 150, 180, 210, 240, 270, 300, 390, 420, 450, 600, 630, 750, 930, 1050, 1080, 1140, 1170, 1260, 1290, 1320, 1380, 1440, 1500, 1530, 1560, 1650, 1680, 1770]
2026-03-07 20:04:24,922 | INFO | Selecting frames for question @kerstinong-7254520467002854657_0 on video 7254520467002854657.mp4: frames=60 tags=4
2026-03-07 20:04:24,959 | INFO | Selected 32 frames for question @kerstinong-7254520467002854657_0: [90, 120, 150, 180, 330, 450, 480, 570, 660, 690, 720, 750, 780, 810, 870, 960, 1020, 1050, 1080, 1110, 1140, 1170, 1200, 1230, 1320, 1350, 1410, 1440, 1470, 1500, 1560, 1680]
2026-03-07 20:04:24,959 | INFO | Selecting frames for question @lisolna-7265680288636767520_0 on video 7265680288636767520.mp4: frames=53 tags=4
2026-03-07 20:04:24,987 | INFO | Selected 32 frames for question @lisolna-7265680288636767520_0: [0, 30, 60, 90, 120, 150, 300, 450, 480, 540, 570, 690, 720, 750, 780, 810, 840, 870, 900, 930, 960, 990, 1020, 1050, 1080, 1110, 1140, 1170, 1230, 1260, 1530, 1560]
2026-03-07 20:04:24,987 | INFO | Selecting frames for question @lisolna-7235995901477604635_0 on video 7235995901477604635.mp4: frames=36 tags=4
2026-03-07 20:04:24,998 | INFO | Selected 32 frames for question @lisolna-7235995901477604635_0: [0, 54, 108, 162, 216, 270, 324, 378, 432, 486, 594, 648, 702, 756, 810, 918, 972, 1026, 1080, 1134, 1188, 1242, 1296, 1350, 1404, 1512, 1566, 1620, 1675, 1729, 1783, 1837]
2026-03-07 20:04:24,999 | INFO | Selecting frames for question @kerstinong-7097604725134118146_0 on video 7097604725134118146.mp4: frames=16 tags=4
2026-03-07 20:04:24,999 | INFO | Selected 16 frames for question @kerstinong-7097604725134118146_0: [0, 30, 60, 90, 120, 150, 180, 210, 240, 270, 300, 330, 360, 390, 420, 450]
2026-03-07 20:04:24,999 | INFO | Selecting frames for question VNvH5u5CWV8_0 on video VNvH5u5CWV8.mp4: frames=13 tags=4
2026-03-07 20:04:24,999 | INFO | Selected 13 frames for question VNvH5u5CWV8_0: [0, 25, 50, 75, 100, 125, 150, 175, 200, 225, 250, 275, 300]
2026-03-07 20:04:24,999 | INFO | Selecting frames for question baFsMWNavQ4_0 on video baFsMWNavQ4.mp4: frames=14 tags=4
2026-03-07 20:04:24,999 | INFO | Selected 14 frames for question baFsMWNavQ4_0: [0, 23, 47, 71, 95, 119, 143, 167, 191, 215, 239, 263, 287, 311]
2026-03-07 20:04:24,999 | INFO | Selecting frames for question akoJDx23QWU_0 on video akoJDx23QWU.mp4: frames=14 tags=4
2026-03-07 20:04:25,000 | INFO | Selected 14 frames for question akoJDx23QWU_0: [0, 23, 47, 71, 95, 119, 143, 167, 191, 215, 239, 263, 287, 311]
2026-03-07 20:04:25,000 | INFO | Selecting frames for question MTmUo6QITo4_0 on video MTmUo6QITo4.mp4: frames=13 tags=4
2026-03-07 20:04:25,000 | INFO | Selected 13 frames for question MTmUo6QITo4_0: [0, 29, 59, 89, 119, 149, 179, 209, 239, 269, 299, 329, 359]
2026-03-07 20:04:25,000 | INFO | Selecting frames for question zU3bjOKfsww_0 on video zU3bjOKfsww.mp4: frames=12 tags=4
2026-03-07 20:04:25,000 | INFO | Selected 12 frames for question zU3bjOKfsww_0: [0, 25, 50, 75, 100, 125, 150, 175, 200, 225, 250, 275]
2026-03-07 20:04:25,000 | INFO | Selecting frames for question qZVBFAtfp2A_0 on video qZVBFAtfp2A.mp4: frames=10 tags=4
2026-03-07 20:04:25,000 | INFO | Selected 10 frames for question qZVBFAtfp2A_0: [0, 23, 47, 71, 95, 119, 143, 167, 191, 215]
2026-03-07 20:04:25,000 | INFO | Selecting frames for question Uy_o-WCq2Cc_0 on video Uy_o-WCq2Cc.mp4: frames=11 tags=4
2026-03-07 20:04:25,000 | INFO | Selected 11 frames for question Uy_o-WCq2Cc_0: [0, 23, 47, 71, 95, 119, 143, 167, 191, 215, 239]
2026-03-07 20:04:25,000 | INFO | Selecting frames for question q2bpkhjNxf0_0 on video q2bpkhjNxf0.mp4: frames=9 tags=4
2026-03-07 20:04:25,000 | INFO | Selected 9 frames for question q2bpkhjNxf0_0: [0, 29, 59, 89, 119, 149, 179, 209, 239]
2026-03-07 20:04:25,000 | INFO | Selecting frames for question z8YF-D-t7AI_0 on video z8YF-D-t7AI.mp4: frames=13 tags=4
2026-03-07 20:04:25,000 | INFO | Selected 13 frames for question z8YF-D-t7AI_0: [0, 23, 47, 71, 95, 119, 143, 167, 191, 215, 239, 263, 287]
2026-03-07 20:04:25,000 | INFO | Selecting frames for question wl58wNMvi6Y_0 on video wl58wNMvi6Y.mp4: frames=13 tags=4
2026-03-07 20:04:25,000 | INFO | Selected 13 frames for question wl58wNMvi6Y_0: [0, 23, 47, 71, 95, 119, 143, 167, 191, 215, 239, 263, 287]
2026-03-07 20:04:25,000 | INFO | Selecting frames for question u5NAcHhI_Uc_0 on video u5NAcHhI_Uc.mp4: frames=8 tags=4
2026-03-07 20:04:25,000 | INFO | Selected 8 frames for question u5NAcHhI_Uc_0: [0, 24, 48, 72, 96, 120, 144, 168]
2026-03-07 20:04:25,000 | INFO | Selecting frames for question sWfcgeDth_w_0 on video sWfcgeDth_w.mp4: frames=9 tags=4
2026-03-07 20:04:25,000 | INFO | Selected 9 frames for question sWfcgeDth_w_0: [0, 30, 60, 90, 120, 150, 180, 210, 240]
2026-03-07 20:04:25,001 | INFO | Selecting frames for question N2mrK33gCYE_0 on video N2mrK33gCYE.mp4: frames=14 tags=4
2026-03-07 20:04:25,001 | INFO | Selected 14 frames for question N2mrK33gCYE_0: [0, 23, 47, 71, 95, 119, 143, 167, 191, 215, 239, 263, 287, 311]
2026-03-07 20:04:25,001 | INFO | Selecting frames for question VLInjyogciw_0 on video VLInjyogciw.mp4: frames=13 tags=4
2026-03-07 20:04:25,001 | INFO | Selected 13 frames for question VLInjyogciw_0: [0, 29, 59, 89, 119, 149, 179, 209, 239, 269, 299, 329, 359]
2026-03-07 20:04:25,001 | INFO | Selecting frames for question kONR5_mHofA_0 on video kONR5_mHofA.mp4: frames=13 tags=4
2026-03-07 20:04:25,001 | INFO | Selected 13 frames for question kONR5_mHofA_0: [0, 29, 59, 89, 119, 149, 179, 209, 239, 269, 299, 329, 359]
2026-03-07 20:04:25,001 | INFO | Selecting frames for question 5Hn1UhlLphk_0 on video 5Hn1UhlLphk.mp4: frames=8 tags=4
2026-03-07 20:04:25,001 | INFO | Selected 8 frames for question 5Hn1UhlLphk_0: [0, 23, 47, 71, 95, 119, 143, 167]
2026-03-07 20:04:25,001 | INFO | Selecting frames for question cceTeD4JADU_1 on video cceTeD4JADU.mp4: frames=10 tags=4
2026-03-07 20:04:25,001 | INFO | Selected 10 frames for question cceTeD4JADU_1: [0, 29, 59, 89, 119, 149, 179, 209, 239, 269]
2026-03-07 20:04:25,001 | INFO | Selecting frames for question YiHjsOqxtk0_0 on video YiHjsOqxtk0.mp4: frames=11 tags=4
2026-03-07 20:04:25,001 | INFO | Selected 11 frames for question YiHjsOqxtk0_0: [0, 23, 47, 71, 95, 119, 143, 167, 191, 215, 239]
2026-03-07 20:04:25,001 | INFO | Selecting frames for question bgklOaBBmB8_1 on video bgklOaBBmB8.mp4: frames=12 tags=4
2026-03-07 20:04:25,001 | INFO | Selected 12 frames for question bgklOaBBmB8_1: [0, 29, 59, 89, 119, 149, 179, 209, 239, 269, 299, 329]
2026-03-07 20:04:25,001 | INFO | Selecting frames for question -QSAotqKqX8_1 on video -QSAotqKqX8.mp4: frames=8 tags=4
2026-03-07 20:04:25,001 | INFO | Selected 8 frames for question -QSAotqKqX8_1: [0, 29, 59, 89, 119, 149, 179, 209]
2026-03-07 20:04:25,001 | INFO | Selecting frames for question @recipesbyanne-7153617149041446150_0 on video 7153617149041446150.mp4: frames=9 tags=4
2026-03-07 20:04:25,001 | INFO | Selected 9 frames for question @recipesbyanne-7153617149041446150_0: [0, 30, 60, 90, 120, 150, 180, 210, 240]
2026-03-07 20:04:25,001 | INFO | Selecting frames for question @kelseyinlondon-7068018011139050758_0 on video 7068018011139050758.mp4: frames=10 tags=4
2026-03-07 20:04:25,001 | INFO | Selected 10 frames for question @kelseyinlondon-7068018011139050758_0: [0, 30, 60, 90, 120, 150, 180, 210, 240, 270]
2026-03-07 20:04:25,002 | INFO | Selecting frames for question @placesunleashed-7293176969531870470_0 on video 7293176969531870470.mp4: frames=14 tags=4
2026-03-07 20:04:25,002 | INFO | Selected 14 frames for question @placesunleashed-7293176969531870470_0: [0, 30, 60, 90, 120, 150, 180, 210, 240, 270, 300, 330, 360, 390]
2026-03-07 20:04:25,002 | INFO | Selecting frames for question @kelseyinlondon-7094322812327906565_0 on video 7094322812327906565.mp4: frames=11 tags=4
2026-03-07 20:04:25,002 | INFO | Selected 11 frames for question @kelseyinlondon-7094322812327906565_0: [0, 30, 60, 90, 120, 150, 180, 210, 240, 270, 300]
2026-03-07 20:04:25,002 | INFO | Selecting frames for question @_eat_sleep_travel_repeat-7296468146473536800_0 on video 7296468146473536800.mp4: frames=12 tags=4
2026-03-07 20:04:25,002 | INFO | Selected 12 frames for question @_eat_sleep_travel_repeat-7296468146473536800_0: [0, 30, 60, 90, 120, 150, 180, 210, 240, 270, 300, 330]
2026-03-07 20:04:25,002 | INFO | Selecting frames for question @movie.explained6-7268936523481943297_0 on video 7268936523481943297.mp4: frames=12 tags=4
2026-03-07 20:04:25,002 | INFO | Selected 12 frames for question @movie.explained6-7268936523481943297_0: [0, 30, 60, 90, 120, 150, 180, 210, 240, 270, 300, 330]
2026-03-07 20:04:25,002 | INFO | Selecting frames for question @movie.explained6-7257359603489443073_0 on video 7257359603489443073.mp4: frames=12 tags=4
2026-03-07 20:04:25,002 | INFO | Selected 12 frames for question @movie.explained6-7257359603489443073_0: [0, 25, 50, 75, 100, 125, 150, 175, 200, 225, 250, 275]
2026-03-07 20:04:25,002 | INFO | Selecting frames for question UKU-W5bBCwY_0 on video UKU-W5bBCwY.mp4: frames=9 tags=4
2026-03-07 20:04:25,002 | INFO | Selected 9 frames for question UKU-W5bBCwY_0: [0, 29, 59, 89, 119, 149, 179, 209, 239]
2026-03-07 20:04:25,002 | INFO | Selecting frames for question VGQ_djSR7zE_0 on video VGQ_djSR7zE.mp4: frames=8 tags=4
2026-03-07 20:04:25,002 | INFO | Selected 8 frames for question VGQ_djSR7zE_0: [0, 29, 59, 89, 119, 149, 179, 209]
2026-03-07 20:04:25,002 | INFO | Selecting frames for question 0rWA-p4p5IM_0 on video 0rWA-p4p5IM.mp4: frames=461 tags=4
2026-03-07 20:04:27,955 | INFO | Selected 32 frames for question 0rWA-p4p5IM_0: [1630, 1654, 1702, 1726, 1966, 1990, 2013, 2037, 2061, 2085, 2133, 2157, 3572, 8127, 8559, 8823, 8847, 8871, 8895, 8919, 8943, 8991, 9014, 9086, 9302, 9326, 9350, 9422, 9446, 9494, 9518, 9566]
2026-03-07 20:04:27,956 | INFO | Selecting frames for question 0rWA-p4p5IM_1 on video 0rWA-p4p5IM.mp4: frames=461 tags=4
2026-03-07 20:04:30,430 | INFO | Selected 32 frames for question 0rWA-p4p5IM_1: [959, 1054, 1078, 1102, 1126, 1150, 1390, 1606, 1630, 1654, 1702, 1726, 1750, 1774, 1918, 1942, 1966, 1990, 2013, 2037, 2061, 2085, 2133, 2157, 2733, 2757, 3524, 5946, 6041, 6425, 6449, 7768]
2026-03-07 20:04:30,430 | INFO | Selecting frames for question fvCrE5NCsts_0 on video fvCrE5NCsts.mp4: frames=511 tags=4
2026-03-07 20:04:33,630 | INFO | Selected 32 frames for question fvCrE5NCsts_0: [1138, 2667, 2967, 2997, 3056, 3386, 3416, 3446, 3626, 3656, 3686, 3716, 3746, 3776, 3806, 3836, 5304, 5424, 6803, 7462, 7672, 7702, 8121, 8151, 9050, 9080, 9110, 9230, 12107, 12377, 12407, 12437]
2026-03-07 20:04:33,631 | INFO | Selecting frames for question fvCrE5NCsts_1 on video fvCrE5NCsts.mp4: frames=511 tags=4
2026-03-07 20:04:37,013 | INFO | Selected 32 frames for question fvCrE5NCsts_1: [1108, 1138, 1168, 1198, 3386, 3416, 3446, 5304, 5334, 5364, 5394, 5424, 5454, 5514, 5604, 6983, 9050, 9080, 9110, 9140, 9170, 9200, 9230, 9320, 12167, 12227, 12377, 12407, 12437, 12467, 12497, 12527]
2026-03-07 20:04:37,014 | INFO | Selecting frames for question 8905KCkLDYc_0 on video 8905KCkLDYc.mp4: frames=497 tags=4
2026-03-07 20:04:40,068 | INFO | Selected 32 frames for question 8905KCkLDYc_0: [59, 1498, 1528, 1828, 1858, 1888, 1918, 2097, 2547, 5454, 5484, 5514, 5544, 6353, 7492, 7852, 9710, 10189, 10219, 10279, 10309, 10339, 10639, 10759, 11028, 11688, 11748, 11808, 12377, 13876, 14475, 14535]
2026-03-07 20:04:40,069 | INFO | Selecting frames for question 8905KCkLDYc_1 on video 8905KCkLDYc.mp4: frames=497 tags=4
2026-03-07 20:04:43,117 | INFO | Selected 32 frames for question 8905KCkLDYc_1: [59, 1888, 3206, 6593, 6623, 6653, 8961, 9080, 9380, 9410, 9470, 9650, 9710, 9920, 9950, 9980, 10009, 10609, 11058, 11148, 11208, 11358, 11388, 11688, 11718, 11748, 11778, 11808, 13876, 14205, 14235, 14865]
2026-03-07 20:04:43,118 | INFO | Selecting frames for question 6qLYX6bzsl4_0 on video 6qLYX6bzsl4.mp4: frames=307 tags=4
2026-03-07 20:04:44,121 | INFO | Selected 32 frames for question 6qLYX6bzsl4_0: [0, 30, 60, 90, 150, 180, 3090, 3540, 3570, 3600, 3630, 3660, 3690, 3720, 3750, 3840, 4020, 4050, 4110, 4170, 4230, 5010, 5040, 5130, 5190, 5220, 5640, 5670, 5700, 5730, 6360, 8910]
2026-03-07 20:04:44,122 | INFO | Selecting frames for question 6qLYX6bzsl4_1 on video 6qLYX6bzsl4.mp4: frames=307 tags=4
2026-03-07 20:04:45,084 | INFO | Selected 32 frames for question 6qLYX6bzsl4_1: [0, 2610, 3540, 4620, 4890, 4920, 4950, 4980, 5460, 5520, 5640, 5670, 5700, 5730, 5760, 5880, 6240, 6270, 6330, 6360, 6480, 6630, 6660, 6690, 6720, 6810, 7050, 7080, 7110, 7230, 7560, 8910]
2026-03-07 20:04:45,085 | INFO | Selecting frames for question UbNyMSwoT5A_0 on video UbNyMSwoT5A.mp4: frames=250 tags=4
2026-03-07 20:04:45,779 | INFO | Selected 32 frames for question UbNyMSwoT5A_0: [0, 263, 287, 335, 359, 383, 599, 2037, 2061, 2085, 2109, 2133, 2157, 2181, 2205, 2229, 2253, 2277, 2301, 2325, 2349, 2373, 2397, 2421, 2589, 3764, 4339, 5586, 5610, 5658, 5946, 5970]
2026-03-07 20:04:45,780 | INFO | Selecting frames for question UbNyMSwoT5A_1 on video UbNyMSwoT5A.mp4: frames=250 tags=4
2026-03-07 20:04:46,443 | INFO | Selected 32 frames for question UbNyMSwoT5A_1: [263, 287, 335, 359, 383, 407, 2037, 2061, 2085, 2109, 2133, 2157, 2181, 2205, 2229, 2253, 2277, 2301, 2325, 2373, 2397, 2421, 2445, 2469, 2493, 2517, 2541, 2565, 2589, 3764, 4315, 4339]
2026-03-07 20:04:46,444 | INFO | Selecting frames for question Sy2unO22PUE_0 on video Sy2unO22PUE.mp4: frames=557 tags=4
2026-03-07 20:04:50,072 | INFO | Selected 32 frames for question Sy2unO22PUE_0: [2184, 2208, 2232, 2256, 3696, 3720, 3744, 3768, 3792, 3816, 3840, 3864, 4104, 4152, 4248, 4272, 4392, 4416, 6792, 6816, 6840, 7632, 7704, 7728, 7752, 7776, 7800, 7824, 9048, 9072, 9408, 9624]
2026-03-07 20:04:50,073 | INFO | Selecting frames for question Sy2unO22PUE_1 on video Sy2unO22PUE.mp4: frames=557 tags=4
2026-03-07 20:04:54,125 | INFO | Selected 32 frames for question Sy2unO22PUE_1: [2280, 3696, 3720, 3744, 3768, 3792, 3816, 3840, 3864, 4464, 4512, 6816, 6864, 7056, 7224, 7248, 7272, 7296, 7320, 7344, 7368, 7392, 7416, 7440, 7488, 7800, 7824, 9192, 10704, 10752, 10776, 12792]
2026-03-07 20:04:54,125 | INFO | Selecting frames for question 66dwcQ1Y048_0 on video 66dwcQ1Y048.mp4: frames=186 tags=4
2026-03-07 20:04:54,541 | INFO | Selected 32 frames for question 66dwcQ1Y048_0: [71, 95, 119, 143, 215, 551, 575, 623, 647, 671, 1294, 1318, 1390, 1414, 1438, 1462, 1510, 1582, 3116, 3212, 3716, 3764, 3788, 3812, 3836, 3860, 3884, 3932, 3956, 3980, 4171, 4195]
2026-03-07 20:04:54,542 | INFO | Selecting frames for question 66dwcQ1Y048_1 on video 66dwcQ1Y048.mp4: frames=186 tags=4
2026-03-07 20:04:54,967 | INFO | Selected 32 frames for question 66dwcQ1Y048_1: [0, 71, 431, 1126, 1150, 1174, 1342, 1846, 2157, 2181, 2205, 2229, 2253, 2397, 2613, 2637, 2829, 2853, 2877, 2901, 2925, 2949, 2973, 3428, 3500, 4267, 4291, 4339, 4363, 4387, 4411, 4435]
2026-03-07 20:04:54,967 | INFO | Selecting frames for question UwlKYM2Sotg_0 on video UwlKYM2Sotg.mp4: frames=503 tags=4
2026-03-07 20:04:58,052 | INFO | Selected 32 frames for question UwlKYM2Sotg_0: [200, 350, 475, 525, 575, 600, 1425, 2975, 3225, 5925, 5950, 6025, 6225, 6250, 6275, 6300, 6325, 6350, 6400, 7150, 7175, 7200, 7275, 7300, 7325, 10225, 10250, 11400, 11975, 12000, 12050, 12075]
2026-03-07 20:04:58,053 | INFO | Selecting frames for question UwlKYM2Sotg_1 on video UwlKYM2Sotg.mp4: frames=503 tags=4
2026-03-07 20:05:01,328 | INFO | Selected 32 frames for question UwlKYM2Sotg_1: [0, 25, 100, 200, 350, 475, 525, 550, 600, 2775, 4350, 6900, 6925, 6975, 7000, 7025, 7225, 7275, 8625, 11150, 11200, 11225, 11250, 11300, 11400, 11975, 12075, 12200, 12225, 12250, 12275, 12300]
2026-03-07 20:05:01,329 | INFO | Selecting frames for question 1oL4ugMdDvQ_0 on video 1oL4ugMdDvQ.mp4: frames=428 tags=4
2026-03-07 20:05:03,608 | INFO | Selected 32 frames for question 1oL4ugMdDvQ_0: [7072, 9158, 9182, 9206, 9230, 9278, 9302, 9326, 9350, 9374, 9398, 9422, 9446, 9470, 9494, 9518, 9542, 9566, 9590, 9614, 9638, 9662, 9686, 9710, 9734, 9782, 9806, 9830, 9854, 9878, 9902, 9926]
2026-03-07 20:05:03,609 | INFO | Selecting frames for question 1oL4ugMdDvQ_1 on video 1oL4ugMdDvQ.mp4: frames=428 tags=4
2026-03-07 20:05:05,873 | INFO | Selected 32 frames for question 1oL4ugMdDvQ_1: [215, 239, 263, 359, 431, 719, 1510, 1774, 1798, 4483, 4867, 5130, 7696, 7816, 7912, 8079, 8151, 8175, 8199, 8223, 8247, 8271, 8295, 8319, 8343, 8367, 8391, 8439, 8463, 8487, 8511, 8943]
2026-03-07 20:05:05,874 | INFO | Selecting frames for question mld0TnA2jEs_0 on video mld0TnA2jEs.mp4: frames=457 tags=4
2026-03-07 20:05:08,453 | INFO | Selected 32 frames for question mld0TnA2jEs_0: [0, 30, 60, 90, 120, 150, 180, 210, 240, 270, 300, 330, 360, 390, 450, 480, 510, 540, 3480, 3540, 3570, 3630, 3720, 3750, 3780, 3810, 3870, 3900, 3930, 5760, 10110, 10140]
2026-03-07 20:05:08,454 | INFO | Selecting frames for question mld0TnA2jEs_1 on video mld0TnA2jEs.mp4: frames=457 tags=4
2026-03-07 20:05:11,033 | INFO | Selected 32 frames for question mld0TnA2jEs_1: [30, 60, 90, 120, 180, 240, 300, 330, 360, 390, 450, 480, 510, 540, 2580, 3480, 3540, 3570, 3600, 3630, 3720, 3750, 3780, 3810, 3840, 3870, 3900, 3930, 4020, 5880, 5910, 10110]
2026-03-07 20:05:11,034 | INFO | Selecting frames for question JLnsWrzV_j4_0 on video JLnsWrzV_j4.mp4: frames=590 tags=4
2026-03-07 20:05:15,528 | INFO | Selected 32 frames for question JLnsWrzV_j4_0: [215, 239, 263, 287, 311, 335, 359, 383, 479, 503, 863, 887, 911, 959, 983, 1006, 2853, 4267, 4531, 4747, 4771, 5322, 5850, 6425, 6521, 6545, 7408, 7768, 9854, 9902, 10021, 11676]
2026-03-07 20:05:15,530 | INFO | Selecting frames for question JLnsWrzV_j4_1 on video JLnsWrzV_j4.mp4: frames=590 tags=4
2026-03-07 20:05:20,138 | INFO | Selected 32 frames for question JLnsWrzV_j4_1: [599, 695, 719, 2373, 2973, 3548, 4123, 4243, 4507, 4747, 4771, 5202, 5226, 5250, 5274, 5322, 5346, 7336, 9518, 9902, 10237, 10309, 10405, 10429, 10453, 10549, 10597, 11028, 11196, 12131, 13114, 13138]
2026-03-07 20:05:20,139 | INFO | Selecting frames for question @healthfood-6874943613630041350_0 on video 6874943613630041350.mp4: frames=27 tags=4
2026-03-07 20:05:20,139 | INFO | Selected 27 frames for question @healthfood-6874943613630041350_0: [0, 30, 60, 90, 120, 150, 180, 210, 240, 270, 300, 330, 360, 390, 420, 450, 480, 510, 540, 570, 600, 630, 660, 690, 720, 750, 780]
2026-03-07 20:05:20,139 | INFO | Selecting frames for question @healthfood-7135100078221430058_0 on video 7135100078221430058.mp4: frames=17 tags=4
2026-03-07 20:05:20,139 | INFO | Selected 17 frames for question @healthfood-7135100078221430058_0: [0, 29, 59, 89, 119, 149, 179, 209, 239, 269, 299, 329, 359, 389, 419, 449, 479]
2026-03-07 20:05:20,139 | INFO | Selecting frames for question @tiffycooks-7201571680890670342_0 on video 7201571680890670342.mp4: frames=48 tags=4
2026-03-07 20:05:20,162 | INFO | Selected 32 frames for question @tiffycooks-7201571680890670342_0: [0, 30, 60, 90, 120, 150, 240, 390, 420, 630, 660, 690, 720, 780, 810, 840, 870, 900, 930, 960, 990, 1020, 1050, 1080, 1110, 1140, 1170, 1200, 1230, 1260, 1290, 1320]
2026-03-07 20:05:20,162 | INFO | Selecting frames for question @tiffycooks-7171182579058511110_0 on video 7171182579058511110.mp4: frames=27 tags=4
2026-03-07 20:05:20,162 | INFO | Selected 27 frames for question @tiffycooks-7171182579058511110_0: [0, 60, 120, 180, 240, 300, 360, 420, 480, 540, 600, 660, 720, 780, 840, 900, 960, 1020, 1080, 1140, 1200, 1260, 1320, 1380, 1440, 1500, 1560]
2026-03-07 20:05:20,162 | INFO | Selecting frames for question @thatrecipe.us-7266555380925287723_0 on video 7266555380925287723.mp4: frames=60 tags=4
2026-03-07 20:05:20,202 | INFO | Selected 32 frames for question @thatrecipe.us-7266555380925287723_0: [0, 60, 300, 420, 480, 600, 720, 780, 840, 1020, 1080, 1200, 1260, 1320, 1380, 1500, 1620, 1800, 2040, 2100, 2160, 2220, 2580, 2640, 2700, 2760, 2820, 2880, 3360, 3420, 3480, 3540]
2026-03-07 20:05:20,202 | INFO | Selecting frames for question @tiffycooks-7080578381569445125_0 on video 7080578381569445125.mp4: frames=27 tags=4
2026-03-07 20:05:20,203 | INFO | Selected 27 frames for question @tiffycooks-7080578381569445125_0: [0, 30, 60, 90, 120, 150, 180, 210, 240, 270, 300, 330, 360, 390, 420, 450, 480, 510, 540, 570, 600, 630, 660, 690, 720, 750, 780]
2026-03-07 20:05:20,203 | INFO | Selecting frames for question @thatrecipe.us-7301855783438896427_0 on video 7301855783438896427.mp4: frames=60 tags=4
2026-03-07 20:05:20,241 | INFO | Selected 32 frames for question @thatrecipe.us-7301855783438896427_0: [0, 30, 90, 120, 150, 180, 210, 240, 270, 300, 330, 360, 450, 480, 510, 630, 660, 690, 720, 870, 900, 930, 1020, 1290, 1350, 1380, 1410, 1440, 1470, 1500, 1530, 1620]
2026-03-07 20:05:20,242 | INFO | Selecting frames for question @tiffycooks-7062861483687873798_0 on video 7062861483687873798.mp4: frames=41 tags=4
2026-03-07 20:05:20,257 | INFO | Selected 32 frames for question @tiffycooks-7062861483687873798_0: [30, 60, 90, 120, 150, 180, 210, 240, 270, 330, 360, 390, 420, 450, 480, 510, 540, 570, 630, 690, 780, 810, 870, 900, 930, 990, 1050, 1080, 1110, 1140, 1170, 1200]
2026-03-07 20:05:20,257 | INFO | Selecting frames for question @healthfood-6862748507976011013_0 on video 6862748507976011013.mp4: frames=22 tags=4
2026-03-07 20:05:20,257 | INFO | Selected 22 frames for question @healthfood-6862748507976011013_0: [0, 30, 60, 90, 120, 150, 180, 210, 240, 270, 300, 330, 360, 390, 420, 450, 480, 510, 540, 570, 600, 630]
2026-03-07 20:05:20,257 | INFO | Selecting frames for question @healthfood-6948509102305791238_0 on video 6948509102305791238.mp4: frames=47 tags=4
2026-03-07 20:05:20,276 | INFO | Selected 32 frames for question @healthfood-6948509102305791238_0: [120, 150, 180, 210, 240, 270, 300, 330, 360, 390, 420, 450, 480, 510, 540, 570, 600, 630, 660, 690, 720, 750, 780, 810, 900, 930, 960, 1050, 1080, 1110, 1170, 1380]
2026-03-07 20:05:20,277 | INFO | Selecting frames for question @thatrecipe.us-7262468242692689194_0 on video 7262468242692689194.mp4: frames=60 tags=4
2026-03-07 20:05:20,311 | INFO | Selected 32 frames for question @thatrecipe.us-7262468242692689194_0: [60, 180, 360, 420, 480, 540, 600, 660, 720, 780, 840, 900, 960, 1020, 1080, 1140, 1200, 1260, 1320, 1440, 1500, 1560, 1620, 1680, 1740, 1860, 1920, 1980, 2040, 2100, 2460, 2880]
2026-03-07 20:05:20,312 | INFO | Selecting frames for question @healthfood-7125042270381853995_0 on video 7125042270381853995.mp4: frames=16 tags=4
2026-03-07 20:05:20,312 | INFO | Selected 16 frames for question @healthfood-7125042270381853995_0: [0, 50, 100, 150, 200, 251, 301, 351, 401, 452, 502, 552, 602, 653, 703, 753]
2026-03-07 20:05:20,312 | INFO | Selecting frames for question @thatrecipe.us-7245035133688892714_0 on video 7245035133688892714.mp4: frames=60 tags=4
2026-03-07 20:05:20,349 | INFO | Selected 32 frames for question @thatrecipe.us-7245035133688892714_0: [240, 300, 360, 1020, 1080, 1140, 1200, 1380, 1500, 1680, 1740, 1860, 1920, 1980, 2040, 2100, 2160, 2220, 2280, 2340, 2400, 2460, 2520, 2580, 2640, 2700, 2760, 2820, 2940, 3000, 3060, 3120]
2026-03-07 20:05:20,349 | INFO | Selecting frames for question @tiffycooks-6940704678569053446_0 on video 6940704678569053446.mp4: frames=29 tags=4
2026-03-07 20:05:20,349 | INFO | Selected 29 frames for question @tiffycooks-6940704678569053446_0: [0, 30, 60, 90, 120, 150, 180, 210, 240, 270, 300, 330, 360, 390, 420, 450, 480, 510, 540, 570, 600, 630, 660, 690, 720, 750, 780, 810, 840]
2026-03-07 20:05:20,349 | INFO | Selecting frames for question @thatrecipe.us-7309241426028596523_0 on video 7309241426028596523.mp4: frames=60 tags=4
2026-03-07 20:05:20,385 | INFO | Selected 32 frames for question @thatrecipe.us-7309241426028596523_0: [0, 89, 119, 179, 209, 239, 269, 299, 329, 359, 389, 419, 449, 509, 839, 1018, 1048, 1078, 1318, 1348, 1378, 1408, 1438, 1468, 1498, 1528, 1558, 1588, 1678, 1708, 1738, 1768]
2026-03-07 20:05:20,385 | INFO | Selecting frames for question @placesunleashed-7324761016909188358_0 on video 7324761016909188358.mp4: frames=20 tags=4
2026-03-07 20:05:20,385 | INFO | Selected 20 frames for question @placesunleashed-7324761016909188358_0: [0, 29, 58, 87, 117, 146, 175, 205, 234, 263, 293, 322, 351, 381, 410, 439, 469, 498, 527, 556]
2026-03-07 20:05:20,386 | INFO | Selecting frames for question @placesunleashed-7289528053112343814_0 on video 7289528053112343814.mp4: frames=24 tags=4
2026-03-07 20:05:20,386 | INFO | Selected 24 frames for question @placesunleashed-7289528053112343814_0: [0, 30, 60, 90, 120, 150, 180, 210, 240, 270, 300, 330, 360, 390, 420, 450, 480, 510, 540, 570, 600, 630, 660, 690]
2026-03-07 20:05:20,386 | INFO | Selecting frames for question @placesunleashed-7298820532466683142_0 on video 7298820532466683142.mp4: frames=16 tags=4
2026-03-07 20:05:20,386 | INFO | Selected 16 frames for question @placesunleashed-7298820532466683142_0: [0, 30, 60, 90, 120, 150, 180, 210, 240, 270, 300, 330, 360, 390, 420, 450]
2026-03-07 20:05:20,386 | INFO | Selecting frames for question @placesunleashed-7324498849857326341_0 on video 7324498849857326341.mp4: frames=16 tags=4
2026-03-07 20:05:20,386 | INFO | Selected 16 frames for question @placesunleashed-7324498849857326341_0: [0, 29, 58, 87, 116, 145, 174, 203, 232, 261, 290, 319, 348, 377, 407, 436]
2026-03-07 20:05:20,386 | INFO | Selecting frames for question @placesunleashed-7308098412078025989_0 on video 7308098412078025989.mp4: frames=23 tags=4
2026-03-07 20:05:20,386 | INFO | Selected 23 frames for question @placesunleashed-7308098412078025989_0: [0, 30, 60, 90, 120, 150, 180, 210, 240, 270, 300, 330, 360, 390, 420, 450, 480, 510, 540, 570, 600, 630, 660]
2026-03-07 20:05:20,386 | INFO | Selecting frames for question @luxtravelbe-7286546546932370721_0 on video 7286546546932370721.mp4: frames=27 tags=4
2026-03-07 20:05:20,387 | INFO | Selected 27 frames for question @luxtravelbe-7286546546932370721_0: [0, 30, 60, 90, 120, 150, 180, 210, 240, 270, 300, 330, 360, 390, 420, 450, 480, 510, 540, 570, 600, 630, 660, 690, 720, 750, 780]
2026-03-07 20:05:20,387 | INFO | Selecting frames for question @luxtravelbe-7273938266183847200_0 on video 7273938266183847200.mp4: frames=23 tags=4
2026-03-07 20:05:20,387 | INFO | Selected 23 frames for question @luxtravelbe-7273938266183847200_0: [0, 33, 66, 99, 132, 165, 198, 231, 264, 297, 330, 363, 396, 429, 462, 495, 528, 561, 594, 627, 660, 693, 726]
2026-03-07 20:05:20,387 | INFO | Selecting frames for question @placesunleashed-7285075986662624518_0 on video 7285075986662624518.mp4: frames=30 tags=4
2026-03-07 20:05:20,387 | INFO | Selected 30 frames for question @placesunleashed-7285075986662624518_0: [0, 30, 60, 90, 120, 150, 180, 210, 240, 270, 300, 330, 360, 390, 420, 450, 480, 510, 540, 570, 600, 630, 660, 690, 720, 750, 780, 810, 840, 870]
2026-03-07 20:05:20,387 | INFO | Selecting frames for question @placesunleashed-7283971258755140869_0 on video 7283971258755140869.mp4: frames=19 tags=4
2026-03-07 20:05:20,387 | INFO | Selected 19 frames for question @placesunleashed-7283971258755140869_0: [0, 30, 60, 90, 120, 151, 181, 211, 241, 271, 302, 332, 362, 392, 422, 453, 483, 513, 543]
2026-03-07 20:05:20,387 | INFO | Selecting frames for question @placesunleashed-7302913253959617797_0 on video 7302913253959617797.mp4: frames=17 tags=4
2026-03-07 20:05:20,387 | INFO | Selected 17 frames for question @placesunleashed-7302913253959617797_0: [0, 28, 57, 86, 115, 144, 173, 202, 231, 260, 289, 318, 347, 376, 405, 434, 463]
2026-03-07 20:05:20,387 | INFO | Selecting frames for question @placesunleashed-7321079612488862981_0 on video 7321079612488862981.mp4: frames=20 tags=4
2026-03-07 20:05:20,388 | INFO | Selected 20 frames for question @placesunleashed-7321079612488862981_0: [0, 29, 58, 88, 117, 147, 176, 205, 235, 264, 294, 323, 352, 382, 411, 441, 470, 499, 529, 558]
2026-03-07 20:05:20,388 | INFO | Selecting frames for question @placesunleashed-7319588197858610438_0 on video 7319588197858610438.mp4: frames=17 tags=4
2026-03-07 20:05:20,388 | INFO | Selected 17 frames for question @placesunleashed-7319588197858610438_0: [0, 29, 58, 87, 116, 145, 174, 203, 232, 262, 291, 320, 349, 378, 407, 436, 465]
2026-03-07 20:05:20,388 | INFO | Selecting frames for question @placesunleashed-7337436458078260485_0 on video 7337436458078260485.mp4: frames=16 tags=4
2026-03-07 20:05:20,388 | INFO | Selected 16 frames for question @placesunleashed-7337436458078260485_0: [0, 28, 57, 85, 114, 142, 171, 200, 228, 257, 285, 314, 342, 371, 400, 428]
2026-03-07 20:05:20,389 | INFO | Selecting frames for question 1R5uPaL0V-0_0 on video 1R5uPaL0V-0.mp4: frames=1008 tags=4
2026-03-07 20:05:34,328 | INFO | Selected 32 frames for question 1R5uPaL0V-0_0: [1198, 1222, 1294, 1318, 1342, 1366, 1390, 1414, 1438, 1462, 1486, 1510, 1534, 1798, 2013, 2421, 2445, 2469, 2493, 2661, 2685, 2709, 2733, 2757, 20139, 20235, 20259, 21818, 22057, 22177, 22897, 23640]
2026-03-07 20:05:34,329 | INFO | Selecting frames for question 1R5uPaL0V-0_1 on video 1R5uPaL0V-0.mp4: frames=1008 tags=4
2026-03-07 20:05:48,306 | INFO | Selected 32 frames for question 1R5uPaL0V-0_1: [2997, 3836, 3884, 3908, 5778, 5802, 5826, 5850, 6425, 6497, 7000, 7024, 7264, 8151, 8991, 9662, 10237, 12371, 12443, 13426, 15704, 16591, 17502, 17526, 17694, 17718, 17766, 17790, 17814, 18077, 18125, 18173]
2026-03-07 20:05:48,310 | INFO | Selecting frames for question 1R5uPaL0V-0_2 on video 1R5uPaL0V-0.mp4: frames=1008 tags=4
2026-03-07 20:06:01,265 | INFO | Selected 32 frames for question 1R5uPaL0V-0_2: [6041, 6065, 14625, 15008, 15128, 15752, 19948, 20067, 20091, 20115, 20163, 20307, 20331, 20355, 20427, 20475, 20499, 20571, 20595, 20619, 20643, 20811, 21746, 21818, 21938, 22561, 22585, 22609, 22633, 22657, 22681, 23544]
2026-03-07 20:06:01,265 | INFO | Selecting frames for question fPLjjr8w6DU_0 on video fPLjjr8w6DU.mp4: frames=1158 tags=4
2026-03-07 20:06:16,591 | INFO | Selected 32 frames for question fPLjjr8w6DU_0: [0, 59, 89, 359, 449, 479, 509, 539, 569, 1708, 1738, 1768, 1798, 1828, 1858, 1888, 1918, 1948, 1978, 3026, 3296, 8871, 8991, 9110, 9230, 16183, 16213, 16273, 16303, 19690, 26163, 32907]
2026-03-07 20:06:16,591 | INFO | Selecting frames for question fPLjjr8w6DU_1 on video fPLjjr8w6DU.mp4: frames=1158 tags=4
2026-03-07 20:06:34,242 | INFO | Selected 32 frames for question fPLjjr8w6DU_1: [479, 599, 1858, 1888, 1918, 1948, 1978, 3236, 3266, 8511, 22177, 24785, 24845, 24935, 25474, 25534, 25564, 25624, 25654, 25684, 25714, 25744, 25774, 25804, 25924, 25983, 26013, 26043, 26073, 26103, 26133, 26163]
2026-03-07 20:06:34,243 | INFO | Selecting frames for question fPLjjr8w6DU_2 on video fPLjjr8w6DU.mp4: frames=1158 tags=4
2026-03-07 20:06:52,733 | INFO | Selected 32 frames for question fPLjjr8w6DU_2: [1258, 1288, 1348, 2067, 2097, 2457, 2487, 2727, 2907, 5094, 10819, 10909, 10939, 10969, 11028, 22087, 22357, 22477, 22507, 22537, 22567, 22597, 22777, 22807, 22867, 22897, 22986, 23016, 23046, 23136, 27242, 32907]
2026-03-07 20:06:52,734 | INFO | Selecting frames for question Z6Hx_BAZeUw_0 on video Z6Hx_BAZeUw.mp4: frames=2186 tags=4
2026-03-07 20:07:56,260 | INFO | Selected 32 frames for question Z6Hx_BAZeUw_0: [29, 89, 119, 149, 239, 269, 299, 329, 359, 419, 449, 479, 599, 14565, 14595, 14625, 14655, 21278, 64795, 64825, 64855, 64885, 64945, 64975, 65004, 65034, 65064, 65094, 65184, 65244, 65274, 65304]
2026-03-07 20:07:56,261 | INFO | Selecting frames for question Z6Hx_BAZeUw_1 on video Z6Hx_BAZeUw.mp4: frames=2186 tags=4
2026-03-07 20:08:59,237 | INFO | Selected 32 frames for question Z6Hx_BAZeUw_1: [9920, 19960, 19990, 20019, 20049, 20079, 20259, 20469, 20529, 20709, 20739, 20769, 20799, 20829, 21008, 21038, 21068, 21098, 21128, 21158, 21188, 21218, 21248, 21278, 24005, 24035, 24065, 24095, 24125, 27002, 59880, 59910]
2026-03-07 20:08:59,239 | INFO | Selecting frames for question Z6Hx_BAZeUw_2 on video Z6Hx_BAZeUw.mp4: frames=2186 tags=4
2026-03-07 20:10:04,576 | INFO | Selected 32 frames for question Z6Hx_BAZeUw_2: [15014, 15074, 15104, 21008, 51368, 55054, 55084, 55114, 55144, 55174, 55234, 55264, 55294, 55324, 56103, 56253, 56283, 56313, 56343, 56373, 56403, 56433, 56463, 56493, 56523, 56853, 56883, 56913, 57152, 57182, 57212, 57242]
2026-03-07 20:10:04,578 | INFO | Selecting frames for question 7TljSpTBS9c_0 on video 7TljSpTBS9c.mp4: frames=1347 tags=4
2026-03-07 20:10:27,455 | INFO | Selected 32 frames for question 7TljSpTBS9c_0: [3980, 4003, 4027, 4075, 4123, 4219, 4363, 4603, 4699, 4723, 4747, 4819, 4891, 4939, 4963, 5106, 5130, 5154, 5202, 5250, 5514, 5538, 5730, 5802, 8127, 8151, 8319, 8367, 8391, 8415, 8439, 8583]
2026-03-07 20:10:27,456 | INFO | Selecting frames for question 7TljSpTBS9c_1 on video 7TljSpTBS9c.mp4: frames=1347 tags=4
2026-03-07 20:10:48,606 | INFO | Selected 32 frames for question 7TljSpTBS9c_1: [2157, 7312, 7336, 9254, 9302, 14001, 14025, 16423, 16903, 16927, 16975, 17022, 17046, 17070, 17094, 17118, 17142, 17166, 17190, 17214, 21746, 21770, 21866, 24551, 26709, 26877, 26901, 26925, 26949, 30521, 31096, 31696]
2026-03-07 20:10:48,606 | INFO | Selecting frames for question 7TljSpTBS9c_2 on video 7TljSpTBS9c.mp4: frames=1347 tags=4
2026-03-07 20:11:10,890 | INFO | Selected 32 frames for question 7TljSpTBS9c_2: [3068, 6881, 7696, 16567, 16591, 16711, 16807, 16975, 18581, 18605, 18629, 18653, 18677, 18701, 18725, 18893, 18917, 19228, 19324, 21746, 22969, 23544, 24143, 24167, 27092, 29178, 29490, 30209, 30521, 31240, 31312, 31432]
2026-03-07 20:11:10,892 | INFO | Selecting frames for question duxO1EZ650E_0 on video duxO1EZ650E.mp4: frames=2066 tags=4
2026-03-07 20:12:07,456 | INFO | Selected 32 frames for question duxO1EZ650E_0: [4296, 6936, 7368, 7968, 8136, 9144, 9216, 9960, 10008, 10656, 11904, 11952, 13032, 14232, 14712, 14784, 14952, 15720, 20280, 21816, 21960, 26496, 30528, 30672, 35400, 35424, 39624, 40032, 41808, 41832, 45192, 45864]
2026-03-07 20:12:07,458 | INFO | Selecting frames for question duxO1EZ650E_1 on video duxO1EZ650E.mp4: frames=2066 tags=4
2026-03-07 20:13:02,376 | INFO | Selected 32 frames for question duxO1EZ650E_1: [0, 2424, 2448, 2472, 2496, 2520, 2544, 7560, 7584, 7608, 7632, 7656, 7680, 7704, 7728, 12624, 12648, 12720, 12744, 12768, 17856, 17880, 21960, 29904, 32496, 32520, 32544, 32568, 32592, 32616, 43512, 49344]
2026-03-07 20:13:02,377 | INFO | Selecting frames for question duxO1EZ650E_2 on video duxO1EZ650E.mp4: frames=2066 tags=4
2026-03-07 20:13:58,967 | INFO | Selected 32 frames for question duxO1EZ650E_2: [6816, 6840, 6864, 6888, 6912, 7032, 7056, 7080, 7104, 7128, 7152, 8640, 32496, 32520, 32544, 32880, 32904, 32928, 32952, 33312, 33336, 33360, 33384, 33408, 33432, 33456, 33480, 33504, 33528, 33552, 45216, 45456]
2026-03-07 20:13:58,969 | INFO | Selecting frames for question vEy6tcU6eLU_0 on video vEy6tcU6eLU.mp4: frames=1150 tags=4
2026-03-07 20:14:16,707 | INFO | Selected 32 frames for question vEy6tcU6eLU_0: [119, 167, 407, 431, 1750, 4435, 4483, 4843, 8223, 8799, 11316, 11340, 11388, 11412, 11556, 11604, 11676, 11700, 11892, 13234, 14121, 14169, 14241, 14289, 14817, 16063, 16135, 16159, 16183, 16567, 21722, 22705]
2026-03-07 20:14:16,708 | INFO | Selecting frames for question vEy6tcU6eLU_1 on video vEy6tcU6eLU.mp4: frames=1150 tags=4
2026-03-07 20:14:31,891 | INFO | Selected 32 frames for question vEy6tcU6eLU_1: [2037, 2157, 2253, 3956, 3980, 4003, 4819, 9038, 9230, 9254, 9278, 9302, 9326, 9350, 9398, 11628, 11700, 11724, 11748, 11868, 14241, 14289, 14313, 14361, 14385, 14433, 21650, 21986, 24839, 26973, 27020, 27068]
2026-03-07 20:14:31,892 | INFO | Selecting frames for question vEy6tcU6eLU_2 on video vEy6tcU6eLU.mp4: frames=1150 tags=4
2026-03-07 20:14:49,011 | INFO | Selected 32 frames for question vEy6tcU6eLU_2: [167, 239, 335, 359, 407, 431, 815, 2253, 8799, 8847, 8871, 11532, 14769, 15848, 15944, 15968, 16039, 16063, 16087, 16135, 16711, 16759, 16783, 20019, 22705, 22849, 22897, 22945, 23472, 23736, 24551, 24671]
2026-03-07 20:14:49,012 | INFO | Selecting frames for question vE0faFD1F_g_0 on video vE0faFD1F_g.mp4: frames=56 tags=4
2026-03-07 20:14:49,046 | INFO | Selected 32 frames for question vE0faFD1F_g_0: [0, 29, 59, 89, 149, 179, 329, 359, 389, 419, 539, 569, 599, 629, 659, 689, 719, 749, 869, 1078, 1108, 1138, 1168, 1198, 1228, 1258, 1318, 1468, 1558, 1588, 1618, 1648]
2026-03-07 20:14:49,046 | INFO | Selecting frames for question jiR7qHzgq_c_0 on video jiR7qHzgq_c.mp4: frames=54 tags=4
2026-03-07 20:14:49,075 | INFO | Selected 32 frames for question jiR7qHzgq_c_0: [72, 96, 120, 144, 216, 432, 456, 480, 504, 600, 648, 792, 816, 840, 864, 888, 912, 936, 960, 984, 1008, 1032, 1056, 1080, 1104, 1128, 1152, 1176, 1200, 1224, 1248, 1272]
2026-03-07 20:14:49,075 | INFO | Selecting frames for question tdA5atpqaAc_0 on video tdA5atpqaAc.mp4: frames=23 tags=4
2026-03-07 20:14:49,075 | INFO | Selected 23 frames for question tdA5atpqaAc_0: [0, 23, 47, 71, 95, 119, 143, 167, 191, 215, 239, 263, 287, 311, 335, 359, 383, 407, 431, 455, 479, 503, 527]
2026-03-07 20:14:49,075 | INFO | Selecting frames for question t48HXAjjDAU_0 on video t48HXAjjDAU.mp4: frames=15 tags=4
2026-03-07 20:14:49,075 | INFO | Selected 15 frames for question t48HXAjjDAU_0: [0, 25, 50, 75, 100, 125, 150, 175, 200, 225, 250, 275, 300, 325, 350]
2026-03-07 20:14:49,075 | INFO | Selecting frames for question AHeq99pojLo_0 on video AHeq99pojLo.mp4: frames=31 tags=4
2026-03-07 20:14:49,075 | INFO | Selected 31 frames for question AHeq99pojLo_0: [0, 23, 47, 71, 95, 119, 143, 167, 191, 215, 239, 263, 287, 311, 335, 359, 383, 407, 431, 455, 479, 503, 527, 551, 575, 599, 623, 647, 671, 695, 719]
2026-03-07 20:14:49,075 | INFO | Selecting frames for question 6moss7hGbvg_0 on video 6moss7hGbvg.mp4: frames=24 tags=4
2026-03-07 20:14:49,075 | INFO | Selected 24 frames for question 6moss7hGbvg_0: [0, 25, 50, 75, 100, 125, 150, 175, 200, 225, 250, 275, 300, 325, 350, 375, 400, 425, 450, 475, 500, 525, 550, 575]
2026-03-07 20:14:49,075 | INFO | Selecting frames for question HRYlXC_ChzU_0 on video HRYlXC_ChzU.mp4: frames=25 tags=4
2026-03-07 20:14:49,075 | INFO | Selected 25 frames for question HRYlXC_ChzU_0: [0, 25, 50, 75, 100, 125, 150, 175, 200, 225, 250, 275, 300, 325, 350, 375, 400, 425, 450, 475, 500, 525, 550, 575, 600]
2026-03-07 20:14:49,076 | INFO | Selecting frames for question MyDAFlHsYsQ_0 on video MyDAFlHsYsQ.mp4: frames=48 tags=4
2026-03-07 20:14:49,097 | INFO | Selected 32 frames for question MyDAFlHsYsQ_0: [29, 149, 179, 209, 239, 299, 329, 359, 389, 419, 479, 509, 569, 599, 629, 659, 689, 839, 869, 899, 929, 1108, 1138, 1168, 1198, 1228, 1258, 1288, 1318, 1348, 1378, 1408]
2026-03-07 20:14:49,097 | INFO | Selecting frames for question rzIiQ4Vxlbk_0 on video rzIiQ4Vxlbk.mp4: frames=51 tags=4
2026-03-07 20:14:49,122 | INFO | Selected 32 frames for question rzIiQ4Vxlbk_0: [0, 29, 59, 89, 119, 149, 179, 209, 239, 269, 299, 329, 359, 389, 419, 449, 479, 509, 539, 569, 599, 689, 719, 989, 1078, 1168, 1288, 1318, 1348, 1378, 1408, 1438]
2026-03-07 20:14:49,122 | INFO | Selecting frames for question SKET024GdlE_0 on video SKET024GdlE.mp4: frames=17 tags=4
2026-03-07 20:14:49,122 | INFO | Selected 17 frames for question SKET024GdlE_0: [0, 29, 59, 89, 119, 149, 179, 209, 239, 269, 299, 329, 359, 389, 419, 449, 479]
2026-03-07 20:14:49,122 | INFO | Selecting frames for question 3pTVbQilDqY_0 on video 3pTVbQilDqY.mp4: frames=26 tags=4
2026-03-07 20:14:49,122 | INFO | Selected 26 frames for question 3pTVbQilDqY_0: [0, 29, 59, 89, 119, 149, 179, 209, 239, 269, 299, 329, 359, 389, 419, 449, 479, 509, 539, 569, 599, 629, 659, 689, 719, 749]
2026-03-07 20:14:49,122 | INFO | Selecting frames for question wKd804fWOyQ_0 on video wKd804fWOyQ.mp4: frames=48 tags=4
2026-03-07 20:14:49,146 | INFO | Selected 32 frames for question wKd804fWOyQ_0: [0, 23, 47, 71, 95, 119, 143, 167, 191, 215, 239, 263, 287, 311, 383, 431, 455, 479, 503, 527, 575, 599, 623, 695, 719, 767, 815, 935, 959, 983, 1007, 1127]
2026-03-07 20:14:49,147 | INFO | Selecting frames for question 3avWNHoEDAg_0 on video 3avWNHoEDAg.mp4: frames=48 tags=4
2026-03-07 20:14:49,168 | INFO | Selected 32 frames for question 3avWNHoEDAg_0: [0, 29, 59, 89, 119, 149, 179, 209, 239, 269, 299, 329, 359, 389, 419, 449, 479, 509, 539, 569, 599, 629, 659, 689, 719, 749, 779, 809, 839, 869, 1258, 1378]
2026-03-07 20:14:49,168 | INFO | Selecting frames for question wWNBYEUxews_0 on video wWNBYEUxews.mp4: frames=52 tags=4
2026-03-07 20:14:49,195 | INFO | Selected 32 frames for question wWNBYEUxews_0: [50, 100, 200, 225, 250, 275, 325, 350, 375, 400, 450, 500, 525, 550, 675, 725, 750, 775, 800, 825, 850, 875, 900, 950, 975, 1000, 1025, 1050, 1075, 1100, 1125, 1275]
2026-03-07 20:14:49,195 | INFO | Selecting frames for question @tiffycooks-7003765189401185542_0 on video 7003765189401185542.mp4: frames=51 tags=4
2026-03-07 20:14:49,220 | INFO | Selected 32 frames for question @tiffycooks-7003765189401185542_0: [30, 60, 90, 120, 150, 180, 210, 240, 270, 360, 420, 450, 600, 630, 660, 690, 870, 990, 1020, 1050, 1110, 1140, 1170, 1200, 1230, 1260, 1290, 1320, 1380, 1410, 1440, 1470]
2026-03-07 20:14:49,220 | INFO | Selecting frames for question @thatrecipe.us-7335998138500648235_0 on video 7335998138500648235.mp4: frames=60 tags=4
2026-03-07 20:14:49,257 | INFO | Selected 32 frames for question @thatrecipe.us-7335998138500648235_0: [0, 30, 60, 90, 120, 150, 180, 210, 240, 270, 300, 330, 360, 390, 420, 450, 480, 510, 540, 570, 600, 630, 660, 750, 930, 990, 1020, 1050, 1080, 1170, 1350, 1440]
2026-03-07 20:14:49,257 | INFO | Selecting frames for question @healthfood-7267233980473314606_0 on video 7267233980473314606.mp4: frames=23 tags=4
2026-03-07 20:14:49,257 | INFO | Selected 23 frames for question @healthfood-7267233980473314606_0: [0, 30, 60, 90, 120, 150, 180, 210, 240, 270, 300, 330, 360, 390, 420, 450, 480, 510, 540, 570, 600, 630, 660]
2026-03-07 20:14:49,257 | INFO | Selecting frames for question @tiffycooks-7194857776877817094_0 on video 7194857776877817094.mp4: frames=24 tags=4
2026-03-07 20:14:49,257 | INFO | Selected 24 frames for question @tiffycooks-7194857776877817094_0: [0, 30, 60, 90, 120, 150, 180, 210, 240, 270, 300, 330, 360, 390, 420, 450, 480, 510, 540, 570, 600, 630, 660, 690]
2026-03-07 20:14:49,257 | INFO | Selecting frames for question @placesunleashed-7326709884102216965_0 on video 7326709884102216965.mp4: frames=17 tags=4
2026-03-07 20:14:49,258 | INFO | Selected 17 frames for question @placesunleashed-7326709884102216965_0: [0, 25, 50, 75, 100, 125, 150, 175, 200, 225, 250, 275, 300, 325, 350, 375, 400]
2026-03-07 20:14:49,258 | INFO | Selecting frames for question @movie.explained6-7276598470151032066_0 on video 7276598470151032066.mp4: frames=58 tags=4
2026-03-07 20:14:49,291 | INFO | Selected 32 frames for question @movie.explained6-7276598470151032066_0: [0, 29, 149, 179, 269, 299, 329, 359, 389, 449, 509, 539, 599, 629, 779, 929, 959, 1078, 1108, 1138, 1168, 1198, 1258, 1288, 1318, 1438, 1468, 1498, 1528, 1618, 1648, 1708]
2026-03-07 20:14:49,292 | INFO | Selecting frames for question @movie.explained6-7277140989259599105_0 on video 7277140989259599105.mp4: frames=59 tags=4
2026-03-07 20:14:49,334 | INFO | Selected 32 frames for question @movie.explained6-7277140989259599105_0: [0, 29, 59, 89, 119, 149, 179, 209, 359, 389, 419, 539, 689, 749, 809, 839, 869, 899, 959, 989, 1018, 1168, 1228, 1258, 1288, 1318, 1348, 1378, 1408, 1438, 1648, 1678]
2026-03-07 20:14:49,334 | INFO | Selecting frames for question @movie.explained6-7261188695892462856_0 on video 7261188695892462856.mp4: frames=60 tags=4
2026-03-07 20:14:49,369 | INFO | Selected 32 frames for question @movie.explained6-7261188695892462856_0: [150, 175, 250, 275, 300, 350, 400, 450, 525, 600, 725, 825, 850, 950, 1000, 1025, 1050, 1075, 1100, 1125, 1150, 1175, 1200, 1225, 1250, 1275, 1300, 1325, 1350, 1375, 1400, 1450]
2026-03-07 20:14:49,369 | INFO | Selecting frames for question @lisolna-7282789187676294432_0 on video 7282789187676294432.mp4: frames=60 tags=4
2026-03-07 20:14:49,409 | INFO | Selected 32 frames for question @lisolna-7282789187676294432_0: [0, 29, 59, 89, 119, 149, 179, 209, 239, 269, 299, 329, 359, 388, 418, 478, 508, 718, 957, 987, 1017, 1106, 1136, 1166, 1316, 1346, 1376, 1406, 1436, 1465, 1495, 1765]
2026-03-07 20:14:49,409 | INFO | Selecting frames for question @lisolna-7315451966732193057_0 on video 7315451966732193057.mp4: frames=60 tags=4
2026-03-07 20:14:49,445 | INFO | Selected 32 frames for question @lisolna-7315451966732193057_0: [0, 208, 298, 387, 417, 477, 536, 596, 656, 686, 715, 745, 775, 835, 894, 924, 954, 984, 1014, 1103, 1193, 1252, 1282, 1312, 1342, 1402, 1431, 1461, 1491, 1521, 1581, 1730]
2026-03-07 20:14:49,445 | INFO | Selecting frames for question @kerstinong-6999997457392307457_0 on video 6999997457392307457.mp4: frames=35 tags=4
2026-03-07 20:14:49,457 | INFO | Selected 32 frames for question @kerstinong-6999997457392307457_0: [0, 48, 72, 96, 120, 144, 168, 192, 216, 240, 264, 288, 312, 336, 360, 384, 408, 456, 480, 504, 528, 552, 576, 600, 624, 648, 672, 696, 720, 744, 768, 816]
2026-03-07 20:14:49,458 | INFO | Selecting frames for question @lisolna-7265337261737217312_0 on video 7265337261737217312.mp4: frames=34 tags=4
2026-03-07 20:14:49,469 | INFO | Selected 32 frames for question @lisolna-7265337261737217312_0: [0, 30, 60, 90, 120, 150, 180, 210, 240, 270, 300, 330, 360, 390, 420, 480, 510, 540, 570, 600, 630, 660, 690, 720, 750, 780, 810, 840, 870, 900, 930, 960]
2026-03-07 20:14:49,469 | INFO | Selecting frames for question @lisolna-7231929658869107994_0 on video 7231929658869107994.mp4: frames=56 tags=4
2026-03-07 20:14:49,500 | INFO | Selected 32 frames for question @lisolna-7231929658869107994_0: [120, 150, 210, 240, 270, 300, 330, 360, 390, 480, 510, 690, 750, 780, 810, 840, 870, 900, 930, 960, 990, 1020, 1050, 1080, 1110, 1140, 1170, 1200, 1230, 1260, 1440, 1470]
2026-03-07 20:14:49,501 | INFO | Selecting frames for question s2N4cPqCdys_0 on video s2N4cPqCdys.mp4: frames=54 tags=4
2026-03-07 20:14:49,529 | INFO | Selected 32 frames for question s2N4cPqCdys_0: [0, 29, 59, 89, 119, 149, 179, 209, 269, 419, 719, 749, 839, 869, 899, 929, 959, 989, 1018, 1048, 1078, 1108, 1138, 1168, 1198, 1228, 1348, 1438, 1468, 1528, 1558, 1588]
2026-03-07 20:14:49,529 | INFO | Selecting frames for question lzuixOdhZow_0 on video lzuixOdhZow.mp4: frames=27 tags=4
2026-03-07 20:14:49,529 | INFO | Selected 27 frames for question lzuixOdhZow_0: [0, 29, 59, 89, 119, 149, 179, 209, 239, 269, 299, 329, 359, 389, 419, 449, 479, 509, 539, 569, 599, 629, 659, 689, 719, 749, 779]
2026-03-07 20:14:49,529 | INFO | Selecting frames for question 1vvYsirvA2I_0 on video 1vvYsirvA2I.mp4: frames=339 tags=4
2026-03-07 20:14:50,946 | INFO | Selected 32 frames for question 1vvYsirvA2I_0: [0, 90, 150, 180, 210, 360, 390, 420, 450, 480, 510, 540, 570, 600, 630, 660, 960, 1080, 1200, 1290, 1350, 2370, 2400, 2430, 3420, 3870, 4260, 4320, 4350, 4620, 8130, 8160]
2026-03-07 20:14:50,946 | INFO | Selecting frames for question 1vvYsirvA2I_1 on video 1vvYsirvA2I.mp4: frames=339 tags=4
2026-03-07 20:14:52,250 | INFO | Selected 32 frames for question 1vvYsirvA2I_1: [180, 1410, 1440, 1470, 1530, 1560, 1590, 1650, 1680, 1710, 1830, 1860, 1890, 2220, 2250, 2280, 2310, 2340, 2370, 2400, 2430, 2550, 2730, 2790, 3420, 4320, 4350, 8130, 8160, 8190, 8220, 8250]
2026-03-07 20:14:52,251 | INFO | Selecting frames for question OmhVj_-cfH0_0 on video OmhVj_-cfH0.mp4: frames=204 tags=4
2026-03-07 20:14:52,797 | INFO | Selected 32 frames for question OmhVj_-cfH0_0: [239, 629, 659, 689, 719, 749, 779, 809, 839, 869, 899, 929, 989, 1018, 1048, 1078, 1108, 1138, 1168, 1198, 2517, 2547, 2577, 2607, 2637, 2667, 2697, 3056, 3086, 3836, 5274, 5574]
2026-03-07 20:14:52,797 | INFO | Selecting frames for question OmhVj_-cfH0_1 on video OmhVj_-cfH0.mp4: frames=204 tags=4
2026-03-07 20:14:53,394 | INFO | Selected 32 frames for question OmhVj_-cfH0_1: [269, 629, 659, 689, 719, 749, 779, 809, 839, 899, 929, 989, 1018, 1048, 1078, 1108, 1198, 2247, 2307, 2337, 2367, 2397, 2517, 2547, 2577, 2607, 2637, 2667, 2697, 4105, 5274, 5664]
2026-03-07 20:14:53,394 | INFO | Selecting frames for question t3P11ENBZyc_0 on video t3P11ENBZyc.mp4: frames=489 tags=4
2026-03-07 20:14:56,665 | INFO | Selected 32 frames for question t3P11ENBZyc_0: [936, 960, 1008, 1968, 2064, 2352, 2400, 2568, 2592, 2616, 2640, 3024, 3072, 3096, 3144, 3216, 7296, 7896, 7920, 8304, 8328, 8736, 9504, 9912, 9936, 9960, 9984, 10008, 10032, 10056, 10080, 10104]
2026-03-07 20:14:56,666 | INFO | Selecting frames for question t3P11ENBZyc_1 on video t3P11ENBZyc.mp4: frames=489 tags=4
2026-03-07 20:14:59,614 | INFO | Selected 32 frames for question t3P11ENBZyc_1: [912, 984, 1008, 2568, 2592, 2616, 2640, 2784, 2856, 2904, 2928, 2952, 3144, 7728, 7752, 7776, 7800, 7872, 7896, 7920, 8352, 8448, 8664, 9384, 9408, 9480, 9648, 9912, 9936, 10056, 10080, 10104]
2026-03-07 20:14:59,615 | INFO | Selecting frames for question F4bDyyEO4PU_0 on video F4bDyyEO4PU.mp4: frames=481 tags=4
2026-03-07 20:15:02,593 | INFO | Selected 32 frames for question F4bDyyEO4PU_0: [1020, 2430, 2490, 2520, 3330, 3870, 3900, 3930, 3960, 4020, 4050, 4110, 4230, 4260, 6690, 6750, 6810, 6840, 7260, 7410, 7500, 7710, 8070, 8370, 8760, 8970, 9000, 9090, 10290, 11880, 12930, 13050]
2026-03-07 20:15:02,594 | INFO | Selecting frames for question F4bDyyEO4PU_1 on video F4bDyyEO4PU.mp4: frames=481 tags=4
2026-03-07 20:15:05,318 | INFO | Selected 32 frames for question F4bDyyEO4PU_1: [540, 1020, 2490, 2550, 3270, 3330, 3420, 3450, 3480, 3870, 4320, 4350, 4380, 6510, 6690, 6840, 7410, 7620, 7650, 7680, 7710, 7740, 7920, 8250, 8370, 8430, 8520, 8550, 9090, 10800, 12300, 13140]
2026-03-07 20:15:05,319 | INFO | Selecting frames for question -Xg2-SUq6wo_0 on video -Xg2-SUq6wo.mp4: frames=405 tags=4
2026-03-07 20:15:07,276 | INFO | Selected 32 frames for question -Xg2-SUq6wo_0: [225, 275, 300, 1625, 1675, 2175, 2450, 2475, 2500, 2525, 4775, 4850, 4875, 5200, 5300, 5325, 5350, 5375, 5400, 5725, 6925, 7075, 7275, 7500, 8725, 9200, 9425, 9775, 9800, 9975, 10025, 10050]
2026-03-07 20:15:07,276 | INFO | Selecting frames for question -Xg2-SUq6wo_1 on video -Xg2-SUq6wo.mp4: frames=405 tags=4
2026-03-07 20:15:09,097 | INFO | Selected 32 frames for question -Xg2-SUq6wo_1: [150, 175, 200, 300, 525, 550, 650, 675, 725, 750, 775, 875, 900, 975, 3150, 3175, 3275, 3350, 3500, 3625, 4625, 6350, 6400, 6425, 6450, 7275, 8200, 8225, 8250, 8275, 9925, 10050]
2026-03-07 20:15:09,097 | INFO | Selecting frames for question Ip9DbdOtqF4_0 on video Ip9DbdOtqF4.mp4: frames=249 tags=4
2026-03-07 20:15:09,799 | INFO | Selected 32 frames for question Ip9DbdOtqF4_0: [0, 23, 143, 263, 1750, 2229, 2277, 3452, 3476, 3500, 3524, 3548, 3620, 3740, 3764, 3788, 3884, 3956, 3980, 4051, 4075, 4723, 4747, 4771, 4795, 4819, 4939, 4963, 5514, 5538, 5874, 5946]
2026-03-07 20:15:09,799 | INFO | Selecting frames for question Ip9DbdOtqF4_1 on video Ip9DbdOtqF4.mp4: frames=249 tags=4
2026-03-07 20:15:10,604 | INFO | Selected 32 frames for question Ip9DbdOtqF4_1: [407, 455, 575, 1102, 1126, 1150, 1174, 1198, 1246, 1438, 1582, 1630, 1654, 1726, 2157, 2373, 2397, 2421, 2445, 2781, 3764, 4315, 4339, 5082, 5106, 5130, 5154, 5274, 5298, 5466, 5490, 5730]
2026-03-07 20:15:10,605 | INFO | Selecting frames for question gAgCnu82RHE_0 on video gAgCnu82RHE.mp4: frames=389 tags=4
2026-03-07 20:15:12,570 | INFO | Selected 32 frames for question gAgCnu82RHE_0: [29, 479, 689, 2037, 2427, 2457, 2787, 2817, 2847, 2877, 2907, 3476, 3746, 3836, 5034, 5424, 5454, 5484, 5514, 5544, 5664, 5694, 5964, 6203, 6233, 6263, 6293, 6323, 6353, 6593, 7102, 8691]
2026-03-07 20:15:12,571 | INFO | Selecting frames for question gAgCnu82RHE_1 on video gAgCnu82RHE.mp4: frames=389 tags=4
2026-03-07 20:15:14,487 | INFO | Selected 32 frames for question gAgCnu82RHE_1: [29, 1798, 1828, 1858, 1888, 2037, 2427, 2457, 3476, 5244, 5964, 6203, 6293, 6323, 7342, 7432, 7462, 7492, 7522, 7552, 7582, 8721, 8751, 8781, 8811, 9830, 10069, 10099, 10129, 10159, 10189, 10219]
2026-03-07 20:15:14,487 | INFO | Selecting frames for question sKvvuo9Yxqk_0 on video sKvvuo9Yxqk.mp4: frames=582 tags=4
2026-03-07 20:15:18,957 | INFO | Selected 32 frames for question sKvvuo9Yxqk_0: [209, 239, 269, 299, 329, 809, 839, 899, 1078, 2397, 7852, 10129, 11478, 11508, 11538, 11568, 11778, 11808, 11838, 11868, 11898, 11928, 11958, 14355, 14745, 15674, 15704, 15734, 15764, 15794, 16273, 16303]
2026-03-07 20:15:18,958 | INFO | Selecting frames for question sKvvuo9Yxqk_1 on video sKvvuo9Yxqk.mp4: frames=582 tags=4
2026-03-07 20:15:23,442 | INFO | Selected 32 frames for question sKvvuo9Yxqk_1: [5514, 5604, 5634, 5664, 5694, 5724, 5784, 5814, 6203, 6233, 6263, 6293, 6323, 6353, 6383, 6413, 6443, 6473, 6503, 6533, 6563, 6593, 6623, 6653, 6683, 6713, 6743, 6773, 6803, 6833, 6863, 8991]
2026-03-07 20:15:23,442 | INFO | Selecting frames for question CdTijM0_es4_0 on video CdTijM0_es4.mp4: frames=240 tags=4
2026-03-07 20:15:24,168 | INFO | Selected 32 frames for question CdTijM0_es4_0: [71, 167, 479, 911, 1006, 1030, 1054, 1750, 2493, 2565, 2589, 2949, 2973, 3068, 3116, 3212, 3428, 3452, 3716, 3956, 3980, 4027, 4051, 4099, 4123, 4147, 4171, 4195, 4315, 4339, 4363, 4579]
2026-03-07 20:15:24,168 | INFO | Selecting frames for question CdTijM0_es4_1 on video CdTijM0_es4.mp4: frames=240 tags=4
2026-03-07 20:15:24,850 | INFO | Selected 32 frames for question CdTijM0_es4_1: [71, 167, 383, 407, 431, 455, 479, 911, 1750, 2589, 2613, 2661, 2685, 2925, 2949, 2973, 3212, 3356, 3404, 3428, 3452, 3692, 3716, 3740, 4027, 4123, 4147, 4171, 4459, 4579, 4603, 4891]
2026-03-07 20:15:24,851 | INFO | Selecting frames for question YehqA9xoGTY_0 on video YehqA9xoGTY.mp4: frames=264 tags=4
2026-03-07 20:15:25,775 | INFO | Selected 32 frames for question YehqA9xoGTY_0: [0, 25, 50, 75, 100, 625, 775, 1725, 3475, 3500, 3525, 3550, 3575, 3600, 3700, 3725, 3775, 4025, 4125, 4175, 4200, 4225, 4250, 4275, 4300, 4325, 4350, 4375, 4400, 4425, 4450, 5600]
2026-03-07 20:15:25,776 | INFO | Selecting frames for question YehqA9xoGTY_1 on video YehqA9xoGTY.mp4: frames=264 tags=4
2026-03-07 20:15:26,695 | INFO | Selected 32 frames for question YehqA9xoGTY_1: [275, 300, 425, 600, 725, 950, 1000, 1100, 1150, 1200, 1275, 1425, 3150, 3175, 3200, 3250, 3300, 3325, 3350, 3800, 3825, 3850, 3925, 3975, 4000, 4475, 4525, 4575, 4625, 4700, 4725, 5850]
2026-03-07 20:15:26,696 | INFO | Selecting frames for question Bjymxow3TVQ_0 on video Bjymxow3TVQ.mp4: frames=411 tags=4
2026-03-07 20:15:28,757 | INFO | Selected 32 frames for question Bjymxow3TVQ_0: [809, 869, 899, 1858, 1888, 2097, 2127, 2157, 2187, 2217, 4495, 5874, 6383, 6503, 6533, 6593, 6623, 6653, 6683, 8181, 8631, 8661, 9020, 9050, 9080, 9110, 10309, 10699, 10729, 11478, 11508, 11538]
2026-03-07 20:15:28,758 | INFO | Selecting frames for question Bjymxow3TVQ_1 on video Bjymxow3TVQ.mp4: frames=411 tags=4
2026-03-07 20:15:30,730 | INFO | Selected 32 frames for question Bjymxow3TVQ_1: [2127, 2157, 3896, 4375, 4735, 5874, 6533, 8031, 8091, 8151, 8181, 8211, 8271, 8541, 8571, 8631, 8751, 8781, 8811, 8841, 8871, 9290, 9320, 9350, 9380, 9410, 10129, 10159, 10189, 10249, 10279, 11628]
2026-03-07 20:15:30,730 | INFO | Selecting frames for question by3NxI0dA6w_0 on video by3NxI0dA6w.mp4: frames=200 tags=4
2026-03-07 20:15:31,176 | INFO | Selected 32 frames for question by3NxI0dA6w_0: [167, 191, 215, 239, 263, 431, 455, 791, 911, 959, 1174, 1534, 1558, 2373, 2397, 2421, 2445, 2709, 2973, 2997, 3092, 3596, 3764, 3956, 3980, 4003, 4027, 4051, 4099, 4147, 4171, 4459]
2026-03-07 20:15:31,176 | INFO | Selecting frames for question by3NxI0dA6w_1 on video by3NxI0dA6w.mp4: frames=200 tags=4
2026-03-07 20:15:31,658 | INFO | Selected 32 frames for question by3NxI0dA6w_1: [1222, 1270, 1534, 1558, 2757, 2781, 2805, 2829, 3044, 3068, 3092, 3116, 3188, 3212, 3236, 3260, 3284, 3308, 3380, 3404, 3428, 3452, 3476, 3500, 3524, 3548, 3572, 3596, 3620, 3644, 3668, 3692]
2026-03-07 20:15:31,659 | INFO | Selecting frames for question 3hyPwjkdHEA_0 on video 3hyPwjkdHEA.mp4: frames=455 tags=4
2026-03-07 20:15:34,400 | INFO | Selected 32 frames for question 3hyPwjkdHEA_0: [302, 423, 443, 484, 504, 544, 585, 2077, 2299, 2319, 2420, 2440, 2521, 2622, 2683, 2703, 2723, 3207, 3348, 3368, 3409, 4639, 4659, 4680, 4700, 5043, 5063, 5103, 5487, 6737, 6778, 8916]
2026-03-07 20:15:34,400 | INFO | Selecting frames for question 3hyPwjkdHEA_1 on video 3hyPwjkdHEA.mp4: frames=455 tags=4
2026-03-07 20:15:36,921 | INFO | Selected 32 frames for question 3hyPwjkdHEA_1: [181, 443, 504, 544, 585, 1048, 2521, 2622, 2683, 2723, 5870, 6011, 6051, 6576, 6596, 6616, 6636, 6657, 6677, 6697, 6717, 6737, 6757, 6778, 6798, 7827, 8674, 8694, 8714, 8734, 8876, 8916]
2026-03-07 20:15:36,921 | INFO | Selecting frames for question jdbG9gmg_SA_0 on video jdbG9gmg_SA.mp4: frames=272 tags=4
2026-03-07 20:15:37,782 | INFO | Selected 32 frames for question jdbG9gmg_SA_0: [0, 240, 270, 300, 330, 420, 450, 480, 780, 990, 1020, 1050, 1230, 1470, 1710, 1800, 1890, 1950, 2370, 2400, 2550, 2850, 2970, 3480, 4200, 4530, 5880, 5940, 7140, 7320, 7380, 7560]
2026-03-07 20:15:37,782 | INFO | Selecting frames for question jdbG9gmg_SA_1 on video jdbG9gmg_SA.mp4: frames=272 tags=4
2026-03-07 20:15:38,742 | INFO | Selected 32 frames for question jdbG9gmg_SA_1: [0, 120, 240, 270, 300, 330, 390, 420, 450, 480, 780, 990, 1020, 1050, 1230, 1290, 1470, 1710, 1890, 1950, 2370, 2400, 2550, 2850, 2970, 3480, 4200, 4530, 5940, 7140, 7320, 7380]
2026-03-07 20:15:38,742 | INFO | Selecting frames for question UD5ifzOPzhc_0 on video UD5ifzOPzhc.mp4: frames=564 tags=4
2026-03-07 20:15:42,904 | INFO | Selected 32 frames for question UD5ifzOPzhc_0: [0, 175, 200, 225, 250, 275, 300, 325, 350, 375, 400, 425, 450, 475, 5200, 7600, 7650, 7700, 7825, 7850, 7875, 7900, 7925, 7975, 8525, 8575, 8600, 9175, 9525, 9900, 13725, 13975]
2026-03-07 20:15:42,904 | INFO | Selecting frames for question UD5ifzOPzhc_1 on video UD5ifzOPzhc.mp4: frames=564 tags=4
2026-03-07 20:15:47,096 | INFO | Selected 32 frames for question UD5ifzOPzhc_1: [0, 175, 200, 225, 250, 275, 300, 325, 350, 375, 400, 425, 450, 475, 2800, 7650, 7825, 7850, 7875, 8525, 8575, 8600, 9175, 9525, 12300, 12375, 12425, 12450, 12475, 13000, 13275, 13975]
2026-03-07 20:15:47,096 | INFO | Selecting frames for question soNQYQXrx_A_0 on video soNQYQXrx_A.mp4: frames=563 tags=4
2026-03-07 20:15:51,136 | INFO | Selected 32 frames for question soNQYQXrx_A_0: [0, 330, 510, 1380, 6000, 7230, 7260, 7380, 7920, 7950, 7980, 9090, 9870, 10140, 10290, 10380, 10680, 11220, 11250, 11280, 11310, 12150, 12210, 12270, 12450, 14070, 15300, 15930, 16080, 16140, 16170, 16200]
2026-03-07 20:15:51,136 | INFO | Selecting frames for question soNQYQXrx_A_1 on video soNQYQXrx_A.mp4: frames=563 tags=4
2026-03-07 20:15:55,670 | INFO | Selected 32 frames for question soNQYQXrx_A_1: [510, 630, 3090, 3150, 3180, 3210, 3480, 3960, 3990, 4080, 4110, 4140, 4170, 4200, 4230, 4290, 4830, 4860, 4890, 5040, 5070, 5610, 6090, 7200, 8010, 9660, 10140, 11580, 12810, 15180, 15300, 15360]
2026-03-07 20:15:55,671 | INFO | Selecting frames for question vpKtHB8x0js_0 on video vpKtHB8x0js.mp4: frames=564 tags=4
2026-03-07 20:15:59,756 | INFO | Selected 32 frames for question vpKtHB8x0js_0: [1288, 2697, 3176, 6473, 6503, 6533, 6683, 6713, 6923, 6953, 6983, 7072, 7132, 7162, 8991, 9290, 9320, 9350, 9920, 9950, 10069, 10099, 10489, 10609, 12977, 13006, 13306, 13696, 14175, 14205, 15224, 15254]
2026-03-07 20:15:59,757 | INFO | Selecting frames for question vpKtHB8x0js_1 on video vpKtHB8x0js.mp4: frames=564 tags=4
2026-03-07 20:16:03,858 | INFO | Selected 32 frames for question vpKtHB8x0js_1: [3836, 5124, 6923, 7042, 7072, 7132, 7162, 7432, 8691, 8721, 8781, 8991, 9020, 9410, 9440, 9500, 9530, 9920, 10099, 10339, 10369, 10429, 10459, 10489, 10519, 10549, 10699, 10729, 11148, 11178, 12137, 12167]
2026-03-07 20:16:03,859 | INFO | Selecting frames for question JhlzvoqKOc8_0 on video JhlzvoqKOc8.mp4: frames=592 tags=4
2026-03-07 20:16:07,707 | INFO | Selected 32 frames for question JhlzvoqKOc8_0: [1258, 2757, 2817, 2847, 2967, 2997, 3326, 3356, 3896, 4735, 4765, 4795, 5184, 5664, 5694, 10009, 10699, 10939, 11208, 11238, 11298, 12887, 12917, 13696, 13726, 13756, 13786, 13816, 17202, 17232, 17262, 17292]
2026-03-07 20:16:07,707 | INFO | Selecting frames for question JhlzvoqKOc8_1 on video JhlzvoqKOc8.mp4: frames=592 tags=4
2026-03-07 20:16:11,727 | INFO | Selected 32 frames for question JhlzvoqKOc8_1: [479, 509, 1258, 2487, 2637, 2847, 4735, 4765, 8631, 8661, 9110, 9140, 9260, 9290, 9410, 9440, 9680, 9770, 9800, 9830, 9860, 9890, 9920, 9950, 10009, 10039, 10459, 10669, 14205, 14355, 14385, 14415]
2026-03-07 20:16:11,728 | INFO | Selecting frames for question mbcvVYobCXI_0 on video mbcvVYobCXI.mp4: frames=192 tags=4
2026-03-07 20:16:12,182 | INFO | Selected 32 frames for question mbcvVYobCXI_0: [59, 1138, 1198, 1498, 1738, 2427, 2907, 2997, 3026, 3056, 3086, 3116, 3146, 3176, 3206, 3236, 3266, 3386, 3416, 3596, 4165, 4225, 4285, 4405, 4465, 4555, 4585, 4615, 4645, 5094, 5244, 5334]
2026-03-07 20:16:12,182 | INFO | Selecting frames for question mbcvVYobCXI_1 on video mbcvVYobCXI.mp4: frames=192 tags=4
2026-03-07 20:16:12,537 | INFO | Selected 32 frames for question mbcvVYobCXI_1: [0, 149, 179, 989, 1498, 1528, 2247, 2427, 2727, 2997, 3056, 3086, 3116, 3146, 3176, 3206, 3236, 3266, 3386, 3416, 4315, 4555, 4615, 5394, 5424, 5544, 5574, 5604, 5634, 5664, 5694, 5724]
2026-03-07 20:16:12,537 | INFO | Selecting frames for question mFcEWmtn3ag_0 on video mFcEWmtn3ag.mp4: frames=523 tags=4
2026-03-07 20:16:15,538 | INFO | Selected 32 frames for question mFcEWmtn3ag_0: [209, 299, 659, 689, 3206, 3266, 4135, 4915, 4945, 4975, 5004, 5034, 5784, 5844, 8001, 8031, 8091, 8121, 8361, 9440, 10399, 10939, 11148, 11298, 11448, 11478, 11508, 11538, 11568, 14025, 14805, 15404]
2026-03-07 20:16:15,539 | INFO | Selecting frames for question mFcEWmtn3ag_1 on video mFcEWmtn3ag.mp4: frames=523 tags=4
2026-03-07 20:16:19,035 | INFO | Selected 32 frames for question mFcEWmtn3ag_1: [209, 659, 689, 2517, 3206, 3236, 3266, 3746, 4135, 4915, 4945, 4975, 5004, 5034, 5784, 5844, 6083, 8001, 8031, 8091, 8121, 8361, 10939, 11148, 11298, 11448, 11478, 11508, 11538, 11568, 14025, 15404]
2026-03-07 20:16:19,036 | INFO | Selecting frames for question Pm93D8CVlY8_0 on video Pm93D8CVlY8.mp4: frames=244 tags=4
2026-03-07 20:16:19,792 | INFO | Selected 32 frames for question Pm93D8CVlY8_0: [250, 1475, 1500, 1525, 2100, 2250, 2275, 2300, 2625, 2675, 2700, 2725, 3550, 3575, 3600, 3625, 3650, 3675, 3700, 3725, 4000, 4100, 4150, 4175, 4200, 4225, 4250, 4425, 5075, 5300, 5400, 5425]
2026-03-07 20:16:19,793 | INFO | Selecting frames for question Pm93D8CVlY8_1 on video Pm93D8CVlY8.mp4: frames=244 tags=4
2026-03-07 20:16:20,557 | INFO | Selected 32 frames for question Pm93D8CVlY8_1: [0, 25, 50, 75, 250, 1500, 1950, 3550, 3575, 3600, 3625, 3650, 3675, 3750, 3800, 3825, 3850, 3875, 3900, 3925, 3950, 3975, 4425, 5000, 5025, 5050, 5450, 5475, 5500, 5525, 5550, 5575]
2026-03-07 20:16:20,557 | INFO | Selecting frames for question brZugTJ0odg_0 on video brZugTJ0odg.mp4: frames=260 tags=4
2026-03-07 20:16:21,379 | INFO | Selected 32 frames for question brZugTJ0odg_0: [191, 215, 263, 287, 311, 335, 359, 407, 431, 455, 479, 503, 527, 551, 575, 599, 623, 1102, 2589, 2613, 2637, 2949, 2973, 3188, 3332, 3452, 3644, 3764, 3932, 3956, 3980, 4003]
2026-03-07 20:16:21,380 | INFO | Selecting frames for question brZugTJ0odg_1 on video brZugTJ0odg.mp4: frames=260 tags=4
2026-03-07 20:16:22,186 | INFO | Selected 32 frames for question brZugTJ0odg_1: [287, 311, 335, 383, 407, 431, 455, 479, 503, 527, 551, 575, 599, 623, 719, 863, 1078, 1126, 1822, 1846, 2181, 2205, 2229, 2949, 3332, 3620, 3644, 4483, 4507, 4675, 4723, 5298]
2026-03-07 20:16:22,187 | INFO | Selecting frames for question kN88RP3XWUU_0 on video kN88RP3XWUU.mp4: frames=313 tags=4
2026-03-07 20:16:23,452 | INFO | Selected 32 frames for question kN88RP3XWUU_0: [0, 479, 539, 929, 989, 1288, 1318, 1348, 2847, 2907, 3026, 3086, 3116, 3146, 3536, 3896, 3986, 4195, 5154, 6503, 6533, 6593, 6623, 6803, 6833, 6863, 6893, 6923, 6953, 8241, 8331, 8391]
2026-03-07 20:16:23,452 | INFO | Selecting frames for question kN88RP3XWUU_1 on video kN88RP3XWUU.mp4: frames=313 tags=4
2026-03-07 20:16:24,720 | INFO | Selected 32 frames for question kN88RP3XWUU_1: [0, 389, 449, 479, 989, 1018, 1318, 1348, 2187, 2817, 2907, 2937, 3806, 3896, 3926, 3956, 3986, 5124, 5304, 6503, 6803, 6833, 6863, 6893, 6953, 7312, 7342, 7372, 7432, 8211, 8241, 8331]
2026-03-07 20:16:24,721 | INFO | Selecting frames for question to7vCdkLi4s_0 on video to7vCdkLi4s.mp4: frames=1334 tags=4
2026-03-07 20:16:47,762 | INFO | Selected 32 frames for question to7vCdkLi4s_0: [870, 900, 930, 960, 990, 1020, 1050, 1080, 1110, 1140, 2250, 2280, 2310, 2430, 5490, 5520, 9450, 9480, 9510, 10380, 11370, 11430, 11880, 12000, 30000, 37740, 39840, 39870, 39900, 39930, 39960, 39990]
2026-03-07 20:16:47,763 | INFO | Selecting frames for question to7vCdkLi4s_1 on video to7vCdkLi4s.mp4: frames=1334 tags=4
2026-03-07 20:17:10,973 | INFO | Selected 32 frames for question to7vCdkLi4s_1: [2430, 8910, 9450, 9480, 9510, 9570, 10980, 11370, 11880, 16830, 24300, 29640, 29670, 29700, 29730, 29760, 29790, 29880, 29910, 29940, 29970, 30000, 30030, 30060, 30090, 30120, 30150, 30180, 30210, 30240, 30270, 37740]
2026-03-07 20:17:10,974 | INFO | Selecting frames for question to7vCdkLi4s_2 on video to7vCdkLi4s.mp4: frames=1334 tags=4
2026-03-07 20:17:33,151 | INFO | Selected 32 frames for question to7vCdkLi4s_2: [1260, 2250, 11880, 12000, 14640, 14880, 24300, 26100, 26130, 26160, 29670, 29700, 29730, 29760, 29790, 29820, 29850, 29880, 29910, 29940, 29970, 30000, 30030, 30060, 30090, 30120, 30150, 30180, 30210, 30240, 30270, 37740]
2026-03-07 20:17:33,151 | INFO | Selecting frames for question GGwHSz9towk_0 on video GGwHSz9towk.mp4: frames=193 tags=4
2026-03-07 20:17:33,567 | INFO | Selected 32 frames for question GGwHSz9towk_0: [329, 359, 389, 419, 449, 479, 509, 539, 569, 599, 929, 1288, 1708, 1738, 1768, 1798, 1828, 1858, 1888, 2427, 2457, 2487, 2517, 2547, 2577, 2667, 2937, 2967, 2997, 3026, 3206, 3296]
2026-03-07 20:17:33,568 | INFO | Selecting frames for question GGwHSz9towk_1 on video GGwHSz9towk.mp4: frames=193 tags=4
2026-03-07 20:17:33,948 | INFO | Selected 32 frames for question GGwHSz9towk_1: [119, 449, 479, 509, 539, 569, 599, 629, 659, 689, 719, 749, 779, 929, 1618, 2907, 2937, 2967, 2997, 3026, 3056, 3086, 3116, 3146, 3176, 3206, 3236, 3266, 3296, 3326, 3356, 3746]
2026-03-07 20:17:33,948 | INFO | Selecting frames for question _EUDpS9UF9o_0 on video _EUDpS9UF9o.mp4: frames=9 tags=4
2026-03-07 20:17:33,948 | INFO | Selected 9 frames for question _EUDpS9UF9o_0: [0, 30, 60, 90, 120, 150, 180, 210, 240]
2026-03-07 20:17:33,949 | INFO | Selecting frames for question 7XWqI121-Q4_0 on video 7XWqI121-Q4.mp4: frames=954 tags=4
2026-03-07 20:17:44,504 | INFO | Selected 32 frames for question 7XWqI121-Q4_0: [2277, 8511, 8541, 8571, 8601, 8661, 8691, 8811, 9050, 9080, 9110, 9320, 9350, 9380, 9410, 9440, 9470, 9860, 9890, 10039, 10399, 10849, 13786, 13816, 19660, 20469, 23436, 25144, 27991, 28021, 28051, 28081]
2026-03-07 20:17:44,504 | INFO | Selecting frames for question 7XWqI121-Q4_1 on video 7XWqI121-Q4.mp4: frames=954 tags=4
2026-03-07 20:17:55,777 | INFO | Selected 32 frames for question 7XWqI121-Q4_1: [2967, 4255, 5094, 5124, 5154, 5184, 5214, 5244, 5454, 6623, 6833, 6863, 6893, 7822, 7852, 11358, 11508, 16393, 16423, 16513, 16573, 17022, 17082, 18401, 21338, 22537, 22687, 23526, 23586, 24485, 24515, 25714]
2026-03-07 20:17:55,777 | INFO | Selecting frames for question 7XWqI121-Q4_2 on video 7XWqI121-Q4.mp4: frames=954 tags=4
2026-03-07 20:18:07,689 | INFO | Selected 32 frames for question 7XWqI121-Q4_2: [3866, 3896, 10189, 10219, 10249, 10279, 11328, 11898, 11958, 12047, 12647, 12677, 12737, 12767, 13216, 13246, 13276, 13306, 14295, 14775, 16213, 16243, 16333, 16393, 16423, 16453, 16483, 16513, 16543, 16573, 16663, 20109]
2026-03-07 20:18:07,704 | INFO | Saved selected frames for 1337 questions to ./output_features/longvideobench/clip/vfs_selected_frame_nums_1.0_1.0_8.0_top32.json
