nohup: ignoring input
2026-03-07 14:12:25,149 | INFO | Starting frame selection
2026-03-07 14:12:25,149 | INFO | Args: {'dataset_name': 'longvideobench', 'model_name': 'clip', 'topk_coef': 1.0, 'div_coef': 0.0, 'cov_coef': 0.0, 'semantic_top_n': 4, 'output_path': './output_features', 'max_frame_nums': 32, 'refresh_pairwise_cache': False}
2026-03-07 14:12:25,149 | INFO | Feature directory: ./output_features/longvideobench/clip
2026-03-07 14:13:11,000 | INFO | Loaded inputs: text_scores=1337 videos_with_embeddings=753 videos_with_frames=753 question_to_video=1337 semantic_results=1337
2026-03-07 14:13:11,000 | INFO | Loaded 190 scores for first question 86CxyhFV9MI_0
2026-03-07 14:13:11,000 | INFO | Sample scores: [0.25633466243743896, 0.24803560972213745, 0.23233267664909363]
2026-03-07 14:13:11,000 | INFO | First embedding shape for video 86CxyhFV9MI.mp4: (1, 512)
2026-03-07 14:13:11,000 | INFO | Loading cached pairwise similarities from ./output_features/longvideobench/clip/pairwise_similarities.json
2026-03-07 14:15:15,677 | INFO | Validated video-level embeddings, frame indices, and pairwise similarity shapes
2026-03-07 14:15:15,677 | INFO | Validated question-to-video mappings for 1337 questions
2026-03-07 14:15:15,677 | INFO | Selecting frames for question 86CxyhFV9MI_0 on video 86CxyhFV9MI.mp4: frames=190 tags=4
2026-03-07 14:15:15,971 | INFO | Selected 32 frames for question 86CxyhFV9MI_0: [539, 569, 659, 719, 749, 989, 1258, 1288, 1348, 1438, 2247, 2397, 2457, 2487, 2517, 2577, 2667, 2847, 2907, 3026, 3116, 3446, 3806, 4285, 4345, 4435, 4915, 4945, 4975, 5424, 5454, 5544]
2026-03-07 14:15:15,971 | INFO | Selecting frames for question 86CxyhFV9MI_1 on video 86CxyhFV9MI.mp4: frames=190 tags=4
2026-03-07 14:15:16,263 | INFO | Selected 32 frames for question 86CxyhFV9MI_1: [209, 419, 449, 479, 509, 539, 569, 599, 659, 719, 1288, 1348, 1408, 1438, 2397, 2457, 2487, 2517, 2667, 2727, 2757, 3326, 3476, 3806, 3836, 4285, 4345, 4405, 4945, 4975, 5004, 5184]
2026-03-07 14:15:16,263 | INFO | Selecting frames for question 9PD3ciudpIE_0 on video 9PD3ciudpIE.mp4: frames=467 tags=4
2026-03-07 14:15:18,204 | INFO | Selected 32 frames for question 9PD3ciudpIE_0: [2175, 2200, 2875, 2925, 2950, 2975, 3000, 3025, 3050, 3075, 3100, 3125, 3200, 3225, 3250, 3300, 3325, 3350, 3575, 5275, 5300, 5325, 5575, 7100, 7600, 7650, 7675, 9825, 9850, 9875, 10425, 11300]
2026-03-07 14:15:18,205 | INFO | Selecting frames for question 9PD3ciudpIE_1 on video 9PD3ciudpIE.mp4: frames=467 tags=4
2026-03-07 14:15:20,112 | INFO | Selected 32 frames for question 9PD3ciudpIE_1: [1425, 2300, 2325, 3275, 4650, 4675, 4700, 5275, 5300, 5325, 5525, 6000, 6275, 6300, 6325, 6725, 7025, 7100, 8325, 8850, 8875, 8900, 9850, 9875, 10000, 10075, 10400, 10425, 10625, 10650, 10950, 11075]
2026-03-07 14:15:20,112 | INFO | Selecting frames for question 5qMcDQd17Y4_0 on video 5qMcDQd17Y4.mp4: frames=584 tags=4
2026-03-07 14:15:23,101 | INFO | Selected 32 frames for question 5qMcDQd17Y4_0: [75, 1375, 1475, 1500, 1525, 2275, 2300, 2375, 2400, 2425, 2450, 2475, 2500, 2525, 2750, 2775, 2825, 2900, 3025, 9275, 10300, 10475, 10775, 13025, 13200, 13450, 13475, 13625, 13675, 13700, 13825, 14250]
2026-03-07 14:15:23,101 | INFO | Selecting frames for question 5qMcDQd17Y4_1 on video 5qMcDQd17Y4.mp4: frames=584 tags=4
2026-03-07 14:15:26,146 | INFO | Selected 32 frames for question 5qMcDQd17Y4_1: [2100, 2175, 9600, 9625, 9650, 9675, 9700, 9725, 9750, 9800, 9825, 9850, 9875, 9925, 9950, 9975, 11175, 11200, 11225, 11250, 11350, 11375, 11400, 11425, 11450, 11475, 11500, 11525, 11550, 11575, 11650, 11675]
2026-03-07 14:15:26,147 | INFO | Selecting frames for question 7F9IrtSHmc0_0 on video 7F9IrtSHmc0.mp4: frames=422 tags=4
2026-03-07 14:15:27,661 | INFO | Selected 32 frames for question 7F9IrtSHmc0_0: [239, 419, 449, 479, 509, 539, 569, 599, 629, 689, 719, 749, 809, 839, 869, 899, 929, 959, 989, 1018, 1048, 1078, 1108, 11598, 11688, 11898, 11928, 11958, 12107, 12137, 12167, 12287]
2026-03-07 14:15:27,662 | INFO | Selecting frames for question 7F9IrtSHmc0_1 on video 7F9IrtSHmc0.mp4: frames=422 tags=4
2026-03-07 14:15:29,142 | INFO | Selected 32 frames for question 7F9IrtSHmc0_1: [0, 179, 1168, 2727, 2757, 2787, 2817, 2847, 2877, 2907, 2937, 2967, 2997, 3026, 3056, 3086, 3116, 3146, 3176, 3356, 3386, 3416, 3446, 3476, 3506, 3536, 4345, 4375, 4405, 4435, 4465, 4495]
2026-03-07 14:15:29,143 | INFO | Selecting frames for question QJ6sjg7SXOQ_0 on video QJ6sjg7SXOQ.mp4: frames=468 tags=4
2026-03-07 14:15:31,001 | INFO | Selected 32 frames for question QJ6sjg7SXOQ_0: [1225, 1250, 1275, 1300, 1325, 1350, 1375, 1400, 1425, 1450, 1475, 1500, 1525, 1550, 1575, 1625, 1650, 1675, 4475, 4500, 4525, 4550, 4575, 4675, 6200, 6225, 6250, 6275, 6300, 6900, 6950, 6975]
2026-03-07 14:15:31,002 | INFO | Selecting frames for question QJ6sjg7SXOQ_1 on video QJ6sjg7SXOQ.mp4: frames=468 tags=4
2026-03-07 14:15:32,881 | INFO | Selected 32 frames for question QJ6sjg7SXOQ_1: [3625, 3675, 7125, 7175, 7200, 7425, 7450, 7475, 7500, 7525, 7600, 7625, 7650, 7675, 7700, 7725, 7750, 7775, 7875, 7975, 8000, 8025, 8250, 8275, 8325, 8375, 8425, 8450, 8475, 8500, 8525, 8550]
2026-03-07 14:15:32,882 | INFO | Selecting frames for question mH9LdC7IFH8_0 on video mH9LdC7IFH8.mp4: frames=322 tags=4
2026-03-07 14:15:33,743 | INFO | Selected 32 frames for question mH9LdC7IFH8_0: [700, 725, 2975, 3575, 3750, 4150, 4175, 4700, 4900, 4950, 4975, 5600, 5625, 5775, 5950, 6050, 6100, 6350, 6375, 6725, 6750, 6775, 6800, 6900, 6925, 6950, 6975, 7025, 7050, 7075, 7125, 7525]
2026-03-07 14:15:33,743 | INFO | Selecting frames for question mH9LdC7IFH8_1 on video mH9LdC7IFH8.mp4: frames=322 tags=4
2026-03-07 14:15:34,612 | INFO | Selected 32 frames for question mH9LdC7IFH8_1: [700, 725, 875, 2800, 3700, 3750, 3775, 4700, 4900, 4925, 4950, 4975, 5550, 5575, 5625, 5750, 5775, 5950, 6100, 6275, 6350, 6375, 6450, 6500, 6675, 6725, 6775, 6800, 7050, 7125, 7175, 7525]
2026-03-07 14:15:34,612 | INFO | Selecting frames for question LB1qPExHQY8_0 on video LB1qPExHQY8.mp4: frames=181 tags=4
2026-03-07 14:15:34,873 | INFO | Selected 32 frames for question LB1qPExHQY8_0: [0, 30, 60, 90, 120, 510, 1710, 1740, 1770, 1800, 1830, 1860, 1890, 1920, 1950, 1980, 2010, 2040, 2070, 2100, 2130, 2160, 2190, 2220, 2250, 2430, 2460, 2490, 2520, 2550, 4800, 5220]
2026-03-07 14:15:34,873 | INFO | Selecting frames for question LB1qPExHQY8_1 on video LB1qPExHQY8.mp4: frames=181 tags=4
2026-03-07 14:15:35,138 | INFO | Selected 32 frames for question LB1qPExHQY8_1: [150, 240, 330, 390, 420, 480, 510, 1350, 1380, 2580, 2730, 2760, 2790, 2820, 2850, 2880, 2910, 2940, 2970, 3000, 3030, 3060, 3090, 3120, 3150, 3660, 5220, 5280, 5310, 5340, 5370, 5400]
2026-03-07 14:15:35,139 | INFO | Selecting frames for question 8hhcFRoR0mw_0 on video 8hhcFRoR0mw.mp4: frames=516 tags=4
2026-03-07 14:15:37,462 | INFO | Selected 32 frames for question 8hhcFRoR0mw_0: [1680, 1740, 1830, 1890, 2010, 3750, 3780, 3840, 4050, 4080, 4200, 4980, 5280, 5310, 5340, 5370, 5850, 5880, 6390, 6420, 6540, 6570, 6600, 7020, 7080, 7800, 8490, 8520, 8910, 14040, 14070, 14190]
2026-03-07 14:15:37,463 | INFO | Selecting frames for question 8hhcFRoR0mw_1 on video 8hhcFRoR0mw.mp4: frames=516 tags=4
2026-03-07 14:15:39,787 | INFO | Selected 32 frames for question 8hhcFRoR0mw_1: [180, 1890, 4080, 4200, 11040, 11130, 11160, 11190, 11220, 11370, 11400, 12390, 12420, 12450, 12480, 12510, 12810, 12840, 12870, 12900, 12930, 12960, 13110, 13140, 13170, 13770, 14010, 14040, 14070, 14190, 14220, 14250]
2026-03-07 14:15:39,787 | INFO | Selecting frames for question h4jIoMxZopU_0 on video h4jIoMxZopU.mp4: frames=538 tags=4
2026-03-07 14:15:42,321 | INFO | Selected 32 frames for question h4jIoMxZopU_0: [575, 599, 623, 647, 719, 767, 791, 815, 839, 863, 887, 911, 935, 959, 1054, 1990, 2013, 2949, 3332, 3812, 4195, 4243, 4267, 5322, 5562, 5754, 5874, 8559, 10429, 10837, 12107, 12203]
2026-03-07 14:15:42,321 | INFO | Selecting frames for question h4jIoMxZopU_1 on video h4jIoMxZopU.mp4: frames=538 tags=4
2026-03-07 14:15:44,880 | INFO | Selected 32 frames for question h4jIoMxZopU_1: [5442, 5466, 5490, 5514, 5538, 7888, 7912, 7936, 7960, 7984, 8007, 8031, 8271, 8319, 9518, 9542, 9566, 9590, 9614, 9638, 9662, 10621, 10645, 10669, 10693, 10717, 11412, 11436, 11460, 11484, 11508, 12443]
2026-03-07 14:15:44,880 | INFO | Selecting frames for question M7YSCIkUaNw_0 on video M7YSCIkUaNw.mp4: frames=522 tags=4
2026-03-07 14:15:47,269 | INFO | Selected 32 frames for question M7YSCIkUaNw_0: [575, 3548, 8031, 8199, 8319, 8391, 8871, 8895, 8919, 8943, 8967, 8991, 9014, 9038, 9062, 9182, 9206, 9230, 9254, 9278, 9302, 9326, 9350, 9374, 9398, 9446, 9470, 9542, 9566, 9614, 9686, 9710]
2026-03-07 14:15:47,270 | INFO | Selecting frames for question M7YSCIkUaNw_1 on video M7YSCIkUaNw.mp4: frames=522 tags=4
2026-03-07 14:15:49,690 | INFO | Selected 32 frames for question M7YSCIkUaNw_1: [431, 4411, 4435, 4531, 4555, 4579, 4603, 4627, 4651, 4675, 4699, 4723, 4747, 4819, 4843, 4867, 4891, 4915, 4939, 4963, 4987, 5010, 5034, 5082, 5106, 5130, 5154, 5178, 6209, 6233, 6281, 8271]
2026-03-07 14:15:49,690 | INFO | Selecting frames for question x1FkhxMMIcg_0 on video x1FkhxMMIcg.mp4: frames=199 tags=4
2026-03-07 14:15:50,019 | INFO | Selected 32 frames for question x1FkhxMMIcg_0: [389, 419, 449, 479, 509, 689, 719, 1408, 1828, 1918, 1948, 2157, 2397, 2427, 2457, 3686, 3716, 3746, 3776, 3806, 4315, 4375, 4525, 5064, 5094, 5754, 5784, 5814, 5844, 5874, 5904, 5934]
2026-03-07 14:15:50,019 | INFO | Selecting frames for question CEZ9rbjK3P4_0 on video CEZ9rbjK3P4.mp4: frames=200 tags=4
2026-03-07 14:15:50,350 | INFO | Selected 32 frames for question CEZ9rbjK3P4_0: [269, 299, 329, 359, 389, 419, 509, 539, 569, 1918, 1948, 1978, 2007, 2037, 4345, 4375, 4435, 4465, 4495, 4525, 4975, 5004, 5034, 5064, 5094, 5124, 5244, 5274, 5304, 5334, 5364, 5514]
2026-03-07 14:15:50,350 | INFO | Selecting frames for question CEZ9rbjK3P4_1 on video CEZ9rbjK3P4.mp4: frames=200 tags=4
2026-03-07 14:15:50,683 | INFO | Selected 32 frames for question CEZ9rbjK3P4_1: [989, 1018, 1228, 1258, 2427, 2457, 2487, 2517, 2547, 2577, 2607, 2637, 2667, 2697, 2727, 2757, 2907, 2937, 2967, 2997, 3026, 3356, 3386, 4315, 4345, 4375, 4405, 4645, 4675, 4705, 4735, 4765]
2026-03-07 14:15:50,683 | INFO | Selecting frames for question MPQn_orwpfA_0 on video MPQn_orwpfA.mp4: frames=443 tags=4
2026-03-07 14:15:52,397 | INFO | Selected 32 frames for question MPQn_orwpfA_0: [719, 779, 809, 899, 929, 1408, 1438, 1558, 2337, 3476, 3596, 3896, 4315, 5874, 5934, 6053, 6323, 6353, 6383, 6413, 6443, 8391, 8451, 8481, 8511, 9230, 9260, 9290, 9380, 9440, 10819, 10849]
2026-03-07 14:15:52,398 | INFO | Selecting frames for question MPQn_orwpfA_1 on video MPQn_orwpfA.mp4: frames=443 tags=4
2026-03-07 14:15:54,137 | INFO | Selected 32 frames for question MPQn_orwpfA_1: [1648, 1738, 1768, 1798, 1828, 6113, 6143, 6173, 6293, 6473, 6503, 6563, 6593, 6623, 6653, 6683, 6713, 6893, 7582, 7882, 7972, 8001, 8721, 8751, 8781, 8811, 8841, 8871, 8901, 8961, 8991, 9020]
2026-03-07 14:15:54,137 | INFO | Selecting frames for question 5KLSf7kwr7s_0 on video 5KLSf7kwr7s.mp4: frames=494 tags=4
2026-03-07 14:15:56,294 | INFO | Selected 32 frames for question 5KLSf7kwr7s_0: [1228, 1258, 1438, 1588, 4375, 4405, 5364, 6593, 7042, 7222, 7252, 7402, 7882, 9080, 9110, 9140, 9260, 9470, 9530, 9620, 9650, 9680, 9770, 9800, 9890, 13846, 14385, 14565, 14685, 14715, 14745, 14775]
2026-03-07 14:15:56,294 | INFO | Selecting frames for question 5KLSf7kwr7s_1 on video 5KLSf7kwr7s.mp4: frames=494 tags=4
2026-03-07 14:15:58,507 | INFO | Selected 32 frames for question 5KLSf7kwr7s_1: [6143, 6173, 6233, 6263, 6293, 6383, 6413, 6443, 6563, 6593, 6623, 6653, 6683, 6713, 6743, 6773, 6803, 6833, 6863, 6893, 11028, 11058, 11508, 11538, 11988, 12137, 13396, 13426, 13696, 13726, 13756, 13966]
2026-03-07 14:15:58,507 | INFO | Selecting frames for question rMXJOKhf_AA_0 on video rMXJOKhf_AA.mp4: frames=341 tags=4
2026-03-07 14:15:59,497 | INFO | Selected 32 frames for question rMXJOKhf_AA_0: [350, 375, 600, 3325, 3350, 3525, 3550, 3575, 3600, 4625, 6175, 6500, 6525, 6550, 6575, 6600, 6625, 6650, 6800, 6825, 6850, 6875, 7050, 7075, 7100, 7125, 7150, 7175, 7200, 7225, 7250, 7275]
2026-03-07 14:15:59,497 | INFO | Selecting frames for question rMXJOKhf_AA_1 on video rMXJOKhf_AA.mp4: frames=341 tags=4
2026-03-07 14:16:00,480 | INFO | Selected 32 frames for question rMXJOKhf_AA_1: [50, 75, 225, 250, 275, 325, 1125, 1175, 2425, 2450, 2475, 2500, 2525, 2550, 2650, 2675, 2700, 2725, 2750, 2775, 2825, 2850, 3875, 3975, 4125, 4175, 4225, 4250, 4450, 4600, 4625, 6000]
2026-03-07 14:16:00,480 | INFO | Selecting frames for question LcZxjqtzXJI_0 on video LcZxjqtzXJI.mp4: frames=208 tags=4
2026-03-07 14:16:00,831 | INFO | Selected 32 frames for question LcZxjqtzXJI_0: [1678, 1738, 1768, 1828, 1888, 1918, 2577, 2607, 2637, 2667, 3866, 3896, 3926, 4015, 4045, 4075, 4105, 4135, 4165, 4195, 4225, 4255, 4285, 4315, 4345, 4405, 5514, 5544, 5664, 5694, 5874, 5904]
2026-03-07 14:16:00,831 | INFO | Selecting frames for question LcZxjqtzXJI_1 on video LcZxjqtzXJI.mp4: frames=208 tags=4
2026-03-07 14:16:01,179 | INFO | Selected 32 frames for question LcZxjqtzXJI_1: [89, 329, 359, 389, 419, 449, 479, 509, 539, 569, 599, 629, 659, 689, 719, 749, 779, 809, 839, 869, 899, 929, 959, 1678, 2547, 2577, 2607, 2637, 2667, 2697, 4825, 5904]
2026-03-07 14:16:01,179 | INFO | Selecting frames for question JIoE18JYGcM_0 on video JIoE18JYGcM.mp4: frames=270 tags=4
2026-03-07 14:16:01,793 | INFO | Selected 32 frames for question JIoE18JYGcM_0: [911, 1678, 1726, 1750, 2325, 2349, 2373, 3044, 3068, 3092, 3116, 3140, 3188, 4243, 4459, 4483, 4507, 4531, 4555, 5226, 5298, 5322, 5394, 5418, 5442, 5466, 5490, 5538, 5562, 5634, 5658, 5682]
2026-03-07 14:16:01,793 | INFO | Selecting frames for question JIoE18JYGcM_1 on video JIoE18JYGcM.mp4: frames=270 tags=4
2026-03-07 14:16:02,408 | INFO | Selected 32 frames for question JIoE18JYGcM_1: [623, 647, 671, 695, 719, 743, 767, 791, 1054, 1078, 1102, 1126, 1822, 1918, 1942, 2013, 2469, 2493, 2517, 2541, 2565, 2589, 2613, 4987, 5130, 5754, 5778, 5802, 5826, 5850, 5922, 5946]
2026-03-07 14:16:02,408 | INFO | Selecting frames for question rZq-8Bq3mkU_0 on video rZq-8Bq3mkU.mp4: frames=515 tags=4
2026-03-07 14:16:04,765 | INFO | Selected 32 frames for question rZq-8Bq3mkU_0: [143, 167, 191, 215, 239, 11292, 11316, 11340, 11364, 11388, 11412, 11436, 11460, 11484, 11508, 11532, 11556, 11580, 11604, 11628, 11652, 11676, 11700, 11724, 11748, 11868, 11892, 11916, 12011, 12035, 12083, 12107]
2026-03-07 14:16:04,766 | INFO | Selecting frames for question rZq-8Bq3mkU_1 on video rZq-8Bq3mkU.mp4: frames=515 tags=4
2026-03-07 14:16:07,090 | INFO | Selected 32 frames for question rZq-8Bq3mkU_1: [0, 143, 215, 239, 311, 335, 359, 383, 407, 431, 455, 479, 1126, 1150, 1174, 1198, 1222, 5658, 5682, 7312, 7336, 7360, 7384, 8535, 8559, 8583, 8607, 8631, 9926, 9998, 10021, 12107]
2026-03-07 14:16:07,091 | INFO | Selecting frames for question VSZ8ywgGNGM_0 on video VSZ8ywgGNGM.mp4: frames=232 tags=4
2026-03-07 14:16:07,531 | INFO | Selected 32 frames for question VSZ8ywgGNGM_0: [143, 167, 191, 287, 311, 359, 383, 1030, 1054, 1078, 1102, 1126, 1150, 1174, 1198, 1222, 1246, 1462, 1486, 1510, 1534, 1558, 1582, 1606, 2445, 2493, 2517, 2541, 2565, 3476, 3500, 3524]
2026-03-07 14:16:07,532 | INFO | Selecting frames for question VSZ8ywgGNGM_1 on video VSZ8ywgGNGM.mp4: frames=232 tags=4
2026-03-07 14:16:07,971 | INFO | Selected 32 frames for question VSZ8ywgGNGM_1: [0, 47, 239, 863, 1462, 1486, 1606, 2229, 2493, 2517, 2733, 2757, 2781, 2805, 2829, 2853, 2877, 2901, 2925, 2949, 3716, 3740, 3764, 3788, 3812, 3836, 3860, 3884, 3908, 3932, 3956, 4723]
2026-03-07 14:16:07,971 | INFO | Selecting frames for question ezhafkxoRdo_0 on video ezhafkxoRdo.mp4: frames=292 tags=4
2026-03-07 14:16:08,674 | INFO | Selected 32 frames for question ezhafkxoRdo_0: [191, 215, 1318, 1366, 1486, 1582, 1630, 2301, 2349, 2757, 2805, 3092, 3236, 3260, 3524, 3548, 3716, 3740, 3788, 4003, 4075, 4123, 4531, 4555, 4867, 5082, 5178, 5898, 5994, 6065, 6113, 6161]
2026-03-07 14:16:08,675 | INFO | Selecting frames for question ezhafkxoRdo_1 on video ezhafkxoRdo.mp4: frames=292 tags=4
2026-03-07 14:16:09,379 | INFO | Selected 32 frames for question ezhafkxoRdo_1: [1318, 1366, 1390, 1438, 1486, 1582, 1630, 2325, 2757, 2781, 2805, 2877, 3092, 3140, 3164, 3260, 3548, 3740, 3764, 3788, 3812, 3932, 4555, 4603, 5082, 5178, 5202, 5250, 5898, 5994, 6017, 6137]
2026-03-07 14:16:09,379 | INFO | Selecting frames for question wxWo44MoCTI_0 on video wxWo44MoCTI.mp4: frames=384 tags=4
2026-03-07 14:16:10,626 | INFO | Selected 32 frames for question wxWo44MoCTI_0: [983, 1006, 1246, 1342, 1390, 1414, 1678, 1846, 1894, 2013, 2829, 2901, 3212, 4195, 4267, 4291, 4459, 4507, 4531, 4555, 4579, 4603, 4675, 4699, 4795, 4867, 5034, 5082, 5130, 6353, 8367, 8511]
2026-03-07 14:16:10,627 | INFO | Selecting frames for question wxWo44MoCTI_1 on video wxWo44MoCTI.mp4: frames=384 tags=4
2026-03-07 14:16:11,877 | INFO | Selected 32 frames for question wxWo44MoCTI_1: [287, 1246, 1342, 1390, 2181, 3212, 3260, 3308, 3548, 3908, 3980, 4075, 4195, 4723, 4771, 4939, 5034, 5154, 5178, 5250, 5418, 5466, 5490, 5610, 5778, 5994, 6809, 6833, 7000, 7696, 7888, 8511]
2026-03-07 14:16:11,878 | INFO | Selecting frames for question VkNF0rXuDXw_0 on video VkNF0rXuDXw.mp4: frames=221 tags=4
2026-03-07 14:16:12,269 | INFO | Selected 32 frames for question VkNF0rXuDXw_0: [408, 432, 480, 504, 552, 1392, 1416, 1440, 1464, 1656, 2136, 2208, 2280, 2304, 2400, 2640, 2664, 2688, 2712, 2736, 2760, 3144, 3192, 3288, 3312, 3336, 3360, 3384, 3648, 3672, 3744, 3792]
2026-03-07 14:16:12,269 | INFO | Selecting frames for question VkNF0rXuDXw_1 on video VkNF0rXuDXw.mp4: frames=221 tags=4
2026-03-07 14:16:12,661 | INFO | Selected 32 frames for question VkNF0rXuDXw_1: [48, 288, 336, 408, 672, 696, 768, 1392, 1416, 1440, 1464, 1632, 1752, 1776, 1824, 2112, 2136, 2160, 2616, 2640, 2712, 2880, 2952, 3144, 3288, 3336, 3384, 3504, 3600, 3624, 3744, 3864]
2026-03-07 14:16:12,661 | INFO | Selecting frames for question v0QLje6xYgA_0 on video v0QLje6xYgA.mp4: frames=181 tags=4
2026-03-07 14:16:12,928 | INFO | Selected 32 frames for question v0QLje6xYgA_0: [299, 329, 569, 629, 659, 689, 929, 959, 989, 1048, 1648, 1738, 1768, 2307, 2367, 2427, 2487, 2517, 2697, 2817, 2877, 3026, 3236, 3386, 3476, 3506, 3536, 3896, 4645, 4675, 4885, 5154]
2026-03-07 14:16:12,929 | INFO | Selecting frames for question UUaiqR1I454_0 on video UUaiqR1I454.mp4: frames=494 tags=4
2026-03-07 14:16:15,044 | INFO | Selected 32 frames for question UUaiqR1I454_0: [96, 120, 144, 168, 1032, 1896, 1920, 1944, 1968, 1992, 2016, 2256, 3432, 3480, 3528, 3552, 3768, 5880, 5904, 5928, 5952, 5976, 9576, 9600, 9624, 10032, 10872, 10896, 11376, 11400, 11424, 11448]
2026-03-07 14:16:15,045 | INFO | Selecting frames for question UUaiqR1I454_1 on video UUaiqR1I454.mp4: frames=494 tags=4
2026-03-07 14:16:17,177 | INFO | Selected 32 frames for question UUaiqR1I454_1: [6720, 6984, 7008, 7032, 7056, 7080, 7104, 7128, 7152, 7176, 7200, 7224, 8904, 8928, 8952, 8976, 9000, 9024, 9048, 9072, 9096, 9696, 9720, 11112, 11160, 11184, 11208, 11232, 11256, 11304, 11328, 11352]
2026-03-07 14:16:17,178 | INFO | Selecting frames for question x4dFLY_-vKs_0 on video x4dFLY_-vKs.mp4: frames=264 tags=4
2026-03-07 14:16:17,768 | INFO | Selected 32 frames for question x4dFLY_-vKs_0: [1175, 1200, 1225, 1250, 1275, 1300, 1325, 1350, 1375, 1725, 4650, 4675, 4725, 4750, 4775, 4800, 4825, 4850, 4875, 4900, 5300, 5325, 5350, 5400, 5500, 5550, 5650, 5750, 6050, 6100, 6300, 6575]
2026-03-07 14:16:17,768 | INFO | Selecting frames for question x4dFLY_-vKs_1 on video x4dFLY_-vKs.mp4: frames=264 tags=4
2026-03-07 14:16:18,354 | INFO | Selected 32 frames for question x4dFLY_-vKs_1: [25, 50, 150, 725, 750, 1000, 1025, 1050, 1075, 1100, 1125, 1150, 2950, 3000, 3050, 3075, 3150, 3175, 3200, 3475, 3750, 3775, 3900, 4425, 4450, 4475, 4500, 4525, 4550, 4575, 4600, 4625]
2026-03-07 14:16:18,354 | INFO | Selecting frames for question yn7oTvw8QRY_0 on video yn7oTvw8QRY.mp4: frames=225 tags=4
2026-03-07 14:16:18,782 | INFO | Selected 32 frames for question yn7oTvw8QRY_0: [360, 420, 450, 480, 510, 930, 1380, 1680, 1710, 1860, 2310, 2820, 3150, 3570, 3750, 3810, 3840, 3870, 3900, 4350, 4440, 4470, 4590, 4620, 4830, 4950, 4980, 5310, 5340, 5550, 5580, 5970]
2026-03-07 14:16:18,782 | INFO | Selecting frames for question yn7oTvw8QRY_1 on video yn7oTvw8QRY.mp4: frames=225 tags=4
2026-03-07 14:16:19,209 | INFO | Selected 32 frames for question yn7oTvw8QRY_1: [330, 480, 510, 1410, 1470, 1710, 1860, 1890, 2250, 2280, 2310, 2340, 2820, 2940, 2970, 3270, 3390, 3870, 4620, 5250, 5310, 5340, 5370, 5550, 5580, 5790, 5880, 5910, 5940, 5970, 6090, 6120]
2026-03-07 14:16:19,209 | INFO | Selecting frames for question t1nhAnMQBHg_0 on video t1nhAnMQBHg.mp4: frames=398 tags=4
2026-03-07 14:16:20,581 | INFO | Selected 32 frames for question t1nhAnMQBHg_0: [1408, 1438, 2457, 2637, 3386, 3446, 3476, 3506, 3746, 5154, 5334, 5484, 5514, 5604, 5634, 5724, 6173, 6233, 6293, 7402, 7432, 7522, 7672, 7822, 8061, 9200, 9230, 9740, 10249, 10339, 10579, 11178]
2026-03-07 14:16:20,581 | INFO | Selecting frames for question s1TjVlKBpjs_0 on video s1TjVlKBpjs.mp4: frames=212 tags=4
2026-03-07 14:16:20,950 | INFO | Selected 32 frames for question s1TjVlKBpjs_0: [24, 48, 72, 96, 120, 144, 168, 240, 360, 696, 720, 864, 888, 912, 936, 960, 2568, 2640, 2688, 2712, 2784, 2808, 2832, 2856, 2880, 2904, 3168, 3192, 3216, 3240, 3264, 3480]
2026-03-07 14:16:20,951 | INFO | Selecting frames for question s1TjVlKBpjs_1 on video s1TjVlKBpjs.mp4: frames=212 tags=4
2026-03-07 14:16:21,322 | INFO | Selected 32 frames for question s1TjVlKBpjs_1: [0, 192, 216, 240, 264, 288, 312, 336, 360, 1632, 1656, 1704, 1752, 2280, 2304, 2328, 2424, 2448, 2472, 2496, 2520, 2544, 2568, 2592, 2616, 2640, 2928, 2952, 2976, 3000, 3024, 3288]
2026-03-07 14:16:21,323 | INFO | Selecting frames for question KIf2fGmluhY_0 on video KIf2fGmluhY.mp4: frames=508 tags=4
2026-03-07 14:16:23,600 | INFO | Selected 32 frames for question KIf2fGmluhY_0: [3180, 3210, 3240, 3270, 4200, 4230, 4260, 4290, 4320, 4350, 4380, 4440, 4470, 4500, 4560, 4590, 4620, 4680, 4710, 4740, 4770, 4800, 4830, 4860, 4890, 5220, 5250, 5280, 5310, 5340, 5370, 10320]
2026-03-07 14:16:23,600 | INFO | Selecting frames for question KIf2fGmluhY_1 on video KIf2fGmluhY.mp4: frames=508 tags=4
2026-03-07 14:16:25,868 | INFO | Selected 32 frames for question KIf2fGmluhY_1: [3120, 3150, 3180, 3210, 3240, 3270, 3300, 3330, 3360, 3390, 3420, 3450, 3480, 3510, 3540, 3570, 3600, 3630, 3660, 3690, 3720, 3750, 3780, 3810, 3840, 3870, 3900, 4170, 4560, 4710, 4890, 13380]
2026-03-07 14:16:25,868 | INFO | Selecting frames for question eJr-y6UXnRE_0 on video eJr-y6UXnRE.mp4: frames=592 tags=4
2026-03-07 14:16:28,972 | INFO | Selected 32 frames for question eJr-y6UXnRE_0: [1950, 2000, 2100, 2875, 3800, 3850, 3875, 4125, 5700, 10775, 10800, 10875, 11150, 11200, 12600, 12625, 12650, 12675, 12700, 12825, 13075, 13125, 13175, 13200, 13225, 13250, 13275, 13300, 13325, 13350, 13375, 13400]
2026-03-07 14:16:28,972 | INFO | Selecting frames for question eJr-y6UXnRE_1 on video eJr-y6UXnRE.mp4: frames=592 tags=4
2026-03-07 14:16:32,155 | INFO | Selected 32 frames for question eJr-y6UXnRE_1: [75, 250, 1650, 3150, 3200, 9500, 13775, 13800, 13825, 13850, 13875, 13900, 13925, 13950, 13975, 14000, 14025, 14050, 14075, 14100, 14125, 14250, 14275, 14300, 14325, 14350, 14375, 14425, 14450, 14475, 14575, 14675]
2026-03-07 14:16:32,156 | INFO | Selecting frames for question _zEM6Fc-7NI_0 on video _zEM6Fc-7NI.mp4: frames=285 tags=4
2026-03-07 14:16:32,849 | INFO | Selected 32 frames for question _zEM6Fc-7NI_0: [311, 551, 575, 623, 647, 671, 695, 719, 887, 911, 935, 959, 983, 1006, 1030, 1054, 1222, 1318, 1342, 1606, 2685, 2709, 2949, 4939, 5106, 5130, 5154, 5898, 5922, 5946, 5970, 6017]
2026-03-07 14:16:32,849 | INFO | Selecting frames for question _zEM6Fc-7NI_1 on video _zEM6Fc-7NI.mp4: frames=285 tags=4
2026-03-07 14:16:33,564 | INFO | Selected 32 frames for question _zEM6Fc-7NI_1: [71, 95, 119, 143, 167, 191, 215, 239, 263, 335, 1150, 1174, 1198, 1318, 1342, 1366, 1390, 1414, 1486, 2877, 2901, 2925, 3332, 3356, 3380, 3860, 4987, 5058, 5106, 5922, 5946, 5970]
2026-03-07 14:16:33,564 | INFO | Selecting frames for question Z00vWImw1KQ_0 on video Z00vWImw1KQ.mp4: frames=476 tags=4
2026-03-07 14:16:35,594 | INFO | Selected 32 frames for question Z00vWImw1KQ_0: [1075, 1100, 1550, 1600, 1625, 1650, 1700, 1725, 1750, 1775, 1800, 1825, 1850, 1900, 2050, 2125, 2150, 2700, 2750, 2775, 2800, 2875, 2900, 3150, 3775, 3800, 3850, 8625, 10925, 11325, 11350, 11875]
2026-03-07 14:16:35,594 | INFO | Selecting frames for question Z00vWImw1KQ_1 on video Z00vWImw1KQ.mp4: frames=476 tags=4
2026-03-07 14:16:37,603 | INFO | Selected 32 frames for question Z00vWImw1KQ_1: [1700, 1925, 2050, 2200, 2225, 2250, 3875, 5050, 5075, 5100, 5125, 5175, 8275, 8600, 8625, 8650, 8725, 8750, 10600, 10650, 11050, 11125, 11175, 11325, 11350, 11375, 11525, 11625, 11725, 11750, 11850, 11875]
2026-03-07 14:16:37,603 | INFO | Selecting frames for question tGiRbGGwRj8_0 on video tGiRbGGwRj8.mp4: frames=223 tags=4
2026-03-07 14:16:38,007 | INFO | Selected 32 frames for question tGiRbGGwRj8_0: [23, 47, 95, 239, 311, 335, 503, 719, 1174, 1246, 1270, 2037, 2181, 2205, 2229, 2613, 3620, 3644, 3836, 5010, 5034, 5058, 5106, 5130, 5154, 5178, 5202, 5226, 5250, 5274, 5298, 5322]
2026-03-07 14:16:38,007 | INFO | Selecting frames for question tGiRbGGwRj8_1 on video tGiRbGGwRj8.mp4: frames=223 tags=4
2026-03-07 14:16:38,411 | INFO | Selected 32 frames for question tGiRbGGwRj8_1: [23, 47, 71, 95, 119, 143, 167, 1030, 1246, 1342, 3620, 3644, 3692, 3740, 3812, 3836, 3884, 3908, 3932, 4027, 4099, 4123, 4147, 4171, 4195, 4219, 4243, 4267, 4291, 4579, 4627, 5058]
2026-03-07 14:16:38,411 | INFO | Selecting frames for question ixlQX7lV8dc_0 on video ixlQX7lV8dc.mp4: frames=590 tags=4
2026-03-07 14:16:41,494 | INFO | Selected 32 frames for question ixlQX7lV8dc_0: [2997, 3026, 3056, 3146, 4885, 5034, 6293, 7702, 7732, 7762, 7792, 7822, 7882, 7912, 7942, 9260, 9320, 9350, 9380, 9410, 9440, 10939, 13396, 13426, 14715, 14745, 14775, 15224, 15254, 15284, 15314, 15374]
2026-03-07 14:16:41,494 | INFO | Selecting frames for question ixlQX7lV8dc_1 on video ixlQX7lV8dc.mp4: frames=590 tags=4
2026-03-07 14:16:44,629 | INFO | Selected 32 frames for question ixlQX7lV8dc_1: [2997, 4405, 4435, 6443, 6473, 6503, 6533, 7492, 7552, 8151, 8181, 8211, 8241, 8271, 8301, 8331, 9140, 10639, 10669, 10699, 10729, 10759, 11658, 11688, 11718, 11748, 11778, 11808, 11838, 11868, 11898, 13006]
2026-03-07 14:16:44,630 | INFO | Selecting frames for question AnLMDMzO4QY_0 on video AnLMDMzO4QY.mp4: frames=261 tags=4
2026-03-07 14:16:45,205 | INFO | Selected 32 frames for question AnLMDMzO4QY_0: [0, 71, 767, 1102, 1126, 1150, 1174, 2445, 2493, 2997, 3044, 3068, 3092, 3116, 3140, 3164, 3356, 3380, 3404, 3428, 3476, 4555, 4579, 4603, 4627, 4651, 4771, 5346, 5370, 5418, 5466, 5514]
2026-03-07 14:16:45,206 | INFO | Selecting frames for question AnLMDMzO4QY_1 on video AnLMDMzO4QY.mp4: frames=261 tags=4
2026-03-07 14:16:45,779 | INFO | Selected 32 frames for question AnLMDMzO4QY_1: [0, 71, 95, 983, 1030, 1078, 1102, 1126, 1150, 1174, 2277, 2493, 3044, 3116, 3692, 3716, 3740, 4555, 4579, 4603, 4627, 4651, 4771, 4867, 5202, 5250, 5274, 5346, 5442, 5490, 5514, 6041]
2026-03-07 14:16:45,779 | INFO | Selecting frames for question marOr6mJefE_0 on video marOr6mJefE.mp4: frames=367 tags=4
2026-03-07 14:16:46,945 | INFO | Selected 32 frames for question marOr6mJefE_0: [239, 311, 335, 1366, 1390, 1414, 2637, 2997, 3020, 3044, 3068, 3092, 3140, 3164, 3188, 3212, 3236, 3284, 3332, 3380, 3404, 3548, 5274, 5346, 6065, 6113, 6185, 6401, 6425, 6473, 6497, 6521]
2026-03-07 14:16:46,945 | INFO | Selecting frames for question marOr6mJefE_1 on video marOr6mJefE.mp4: frames=367 tags=4
2026-03-07 14:16:48,114 | INFO | Selected 32 frames for question marOr6mJefE_1: [239, 287, 311, 335, 359, 2973, 2997, 3044, 3068, 3236, 3260, 3284, 3308, 3332, 3548, 6809, 6833, 6857, 6881, 6905, 7168, 7192, 7288, 7336, 7360, 7384, 7696, 7720, 7744, 7864, 8031, 8127]
2026-03-07 14:16:48,114 | INFO | Selecting frames for question LHXS0QR1ThA_0 on video LHXS0QR1ThA.mp4: frames=484 tags=4
2026-03-07 14:16:50,135 | INFO | Selected 32 frames for question LHXS0QR1ThA_0: [11760, 11790, 11820, 11850, 11880, 11910, 11940, 12240, 12270, 12300, 12330, 12360, 12390, 12420, 12450, 12480, 12510, 12540, 12570, 12600, 12630, 12660, 12690, 12720, 12750, 12780, 12810, 12840, 12870, 12900, 12930, 13020]
2026-03-07 14:16:50,136 | INFO | Selecting frames for question qjY9kmveQAk_0 on video qjY9kmveQAk.mp4: frames=589 tags=4
2026-03-07 14:16:53,201 | INFO | Selected 32 frames for question qjY9kmveQAk_0: [779, 809, 839, 1018, 1048, 1108, 1168, 1198, 1708, 1738, 6173, 6233, 6353, 8721, 8751, 8781, 8811, 8841, 8871, 8901, 8931, 8961, 8991, 13606, 13756, 13786, 13816, 13846, 13876, 16183, 16213, 16243]
2026-03-07 14:16:53,201 | INFO | Selecting frames for question qjY9kmveQAk_1 on video qjY9kmveQAk.mp4: frames=589 tags=4
2026-03-07 14:16:56,274 | INFO | Selected 32 frames for question qjY9kmveQAk_1: [959, 989, 1018, 1048, 1078, 1108, 1138, 1168, 1198, 1678, 8811, 8871, 8931, 8961, 8991, 10849, 12407, 12797, 12827, 12857, 12887, 12917, 13606, 13786, 13816, 13846, 13876, 13906, 13936, 16183, 16213, 16243]
2026-03-07 14:16:56,274 | INFO | Selecting frames for question QHS9ZZBdK-g_0 on video QHS9ZZBdK-g.mp4: frames=375 tags=4
2026-03-07 14:16:57,494 | INFO | Selected 32 frames for question QHS9ZZBdK-g_0: [1230, 1290, 1320, 1380, 1410, 1500, 1560, 1980, 2010, 2040, 2070, 2100, 2130, 2160, 4110, 4140, 4230, 4470, 5070, 5940, 6030, 6060, 6660, 6690, 6720, 6750, 6780, 6810, 6840, 6870, 6900, 8700]
2026-03-07 14:16:57,495 | INFO | Selecting frames for question QHS9ZZBdK-g_1 on video QHS9ZZBdK-g.mp4: frames=375 tags=4
2026-03-07 14:16:58,707 | INFO | Selected 32 frames for question QHS9ZZBdK-g_1: [2850, 2880, 2910, 2940, 2970, 3090, 3600, 3630, 3660, 3930, 3960, 3990, 4020, 4050, 4080, 4110, 4140, 4170, 4200, 4230, 4260, 4290, 4320, 4350, 4380, 4410, 4440, 4470, 4500, 5070, 10620, 10650]
2026-03-07 14:16:58,708 | INFO | Selecting frames for question h0OHi9uAcBo_0 on video h0OHi9uAcBo.mp4: frames=224 tags=4
2026-03-07 14:16:59,131 | INFO | Selected 32 frames for question h0OHi9uAcBo_0: [1168, 1198, 1258, 1288, 1978, 2007, 2037, 2067, 2097, 2127, 3086, 3146, 3506, 3536, 3566, 3596, 3626, 3656, 3686, 4045, 4105, 4165, 4225, 4255, 4975, 5004, 5874, 5904, 5964, 6293, 6323, 6383]
2026-03-07 14:16:59,131 | INFO | Selecting frames for question h0OHi9uAcBo_1 on video h0OHi9uAcBo.mp4: frames=224 tags=4
2026-03-07 14:16:59,554 | INFO | Selected 32 frames for question h0OHi9uAcBo_1: [89, 1348, 1378, 1408, 1438, 1468, 1888, 1978, 2007, 2037, 2067, 2097, 2127, 3326, 3356, 3416, 3536, 3626, 4105, 4135, 4165, 4195, 4225, 4255, 5874, 5904, 5964, 6113, 6233, 6293, 6323, 6383]
2026-03-07 14:16:59,554 | INFO | Selecting frames for question SO3czkzeFjw_0 on video SO3czkzeFjw.mp4: frames=401 tags=4
2026-03-07 14:17:00,949 | INFO | Selected 32 frames for question SO3czkzeFjw_0: [119, 167, 3356, 3380, 3428, 3452, 3500, 3524, 3668, 3812, 4915, 5058, 5082, 5106, 6473, 6497, 6593, 6689, 6905, 6977, 7000, 7024, 7048, 7072, 7096, 7168, 7192, 7216, 7240, 7264, 7288, 9398]
2026-03-07 14:17:00,950 | INFO | Selecting frames for question SO3czkzeFjw_1 on video SO3czkzeFjw.mp4: frames=401 tags=4
2026-03-07 14:17:02,347 | INFO | Selected 32 frames for question SO3czkzeFjw_1: [119, 143, 167, 1918, 1942, 1966, 1990, 3356, 3380, 3404, 3428, 3452, 3476, 3500, 3524, 3596, 3860, 5058, 5082, 5106, 5322, 6593, 6689, 7024, 7048, 7072, 7192, 7264, 8007, 9158, 9398, 9518]
2026-03-07 14:17:02,347 | INFO | Selecting frames for question liRm38L9EC4_0 on video liRm38L9EC4.mp4: frames=191 tags=4
2026-03-07 14:17:02,648 | INFO | Selected 32 frames for question liRm38L9EC4_0: [0, 23, 47, 71, 95, 119, 143, 167, 191, 215, 239, 263, 287, 311, 743, 1702, 1750, 1894, 2253, 2301, 2493, 2541, 2853, 2925, 3068, 3092, 3116, 3164, 3236, 3380, 3452, 3476]
2026-03-07 14:17:02,648 | INFO | Selecting frames for question liRm38L9EC4_1 on video liRm38L9EC4.mp4: frames=191 tags=4
2026-03-07 14:17:02,952 | INFO | Selected 32 frames for question liRm38L9EC4_1: [383, 407, 431, 455, 479, 503, 527, 551, 839, 863, 1006, 1030, 1054, 1150, 1222, 1246, 1270, 1294, 1318, 1342, 1366, 1390, 1414, 1438, 1462, 1486, 1510, 1534, 1558, 1582, 1894, 2565]
2026-03-07 14:17:02,952 | INFO | Selecting frames for question zk6fgbXI5AE_0 on video zk6fgbXI5AE.mp4: frames=389 tags=4
2026-03-07 14:17:04,270 | INFO | Selected 32 frames for question zk6fgbXI5AE_0: [2181, 2589, 3740, 3764, 4939, 5034, 5082, 5106, 5130, 5250, 5466, 5514, 5562, 5658, 5802, 5826, 5898, 5946, 6041, 6065, 6497, 6521, 6953, 7048, 7072, 7096, 7120, 7144, 7168, 7240, 7336, 7360]
2026-03-07 14:17:04,270 | INFO | Selecting frames for question zk6fgbXI5AE_1 on video zk6fgbXI5AE.mp4: frames=389 tags=4
2026-03-07 14:17:05,603 | INFO | Selected 32 frames for question zk6fgbXI5AE_1: [4915, 4987, 5010, 5034, 5058, 5154, 5178, 5250, 5298, 5634, 5658, 5706, 5730, 5994, 6017, 6209, 6233, 6473, 6497, 6521, 6545, 6569, 6833, 6857, 6953, 6977, 7000, 7024, 7120, 7144, 7168, 7264]
2026-03-07 14:17:05,604 | INFO | Selecting frames for question fxCRCMLJ0PU_0 on video fxCRCMLJ0PU.mp4: frames=291 tags=4
2026-03-07 14:17:06,320 | INFO | Selected 32 frames for question fxCRCMLJ0PU_0: [240, 528, 552, 576, 600, 624, 696, 720, 768, 792, 816, 840, 864, 888, 912, 960, 1224, 1272, 1392, 1416, 1440, 1464, 1488, 1512, 5136, 5160, 5184, 5208, 5232, 5256, 5280, 5448]
2026-03-07 14:17:06,320 | INFO | Selecting frames for question bUaFXONIXzM_0 on video bUaFXONIXzM.mp4: frames=526 tags=4
2026-03-07 14:17:08,771 | INFO | Selected 32 frames for question bUaFXONIXzM_0: [3875, 4150, 4175, 4250, 4450, 4475, 4500, 4550, 4575, 4600, 4625, 4650, 4675, 4700, 4725, 4750, 4825, 4900, 5225, 5625, 6650, 6775, 7550, 7625, 8475, 8500, 8725, 8750, 8850, 8875, 8900, 8925]
2026-03-07 14:17:08,771 | INFO | Selecting frames for question bUaFXONIXzM_1 on video bUaFXONIXzM.mp4: frames=526 tags=4
2026-03-07 14:17:11,214 | INFO | Selected 32 frames for question bUaFXONIXzM_1: [3900, 4150, 4375, 4425, 4475, 4500, 4600, 4800, 4875, 5050, 5075, 5100, 5125, 5300, 5325, 5550, 5625, 5650, 5800, 6650, 6700, 6775, 6800, 7450, 7475, 7550, 7625, 8500, 8525, 8775, 8875, 8925]
2026-03-07 14:17:11,214 | INFO | Selecting frames for question kLuqCtnKr_8_0 on video kLuqCtnKr_8.mp4: frames=600 tags=4
2026-03-07 14:17:14,438 | INFO | Selected 32 frames for question kLuqCtnKr_8_0: [149, 209, 2067, 2097, 2157, 2187, 2307, 2607, 4195, 4225, 4255, 4285, 4315, 4345, 14925, 14955, 14985, 15104, 15194, 15224, 15254, 15284, 15314, 15344, 15374, 15404, 15434, 15464, 15584, 15614, 15824, 15944]
2026-03-07 14:17:14,438 | INFO | Selecting frames for question kLuqCtnKr_8_1 on video kLuqCtnKr_8.mp4: frames=600 tags=4
2026-03-07 14:17:17,653 | INFO | Selected 32 frames for question kLuqCtnKr_8_1: [1198, 1258, 1288, 1318, 1348, 1678, 1708, 1738, 1768, 1798, 1828, 3446, 8211, 8241, 8271, 8331, 8361, 12377, 14085, 14805, 16183, 16213, 16243, 16273, 16303, 16483, 16513, 16543, 17322, 17802, 17892, 17952]
2026-03-07 14:17:17,654 | INFO | Selecting frames for question 5zbV24vyO44_0 on video 5zbV24vyO44.mp4: frames=543 tags=4
2026-03-07 14:17:20,222 | INFO | Selected 32 frames for question 5zbV24vyO44_0: [4950, 4980, 5010, 5040, 5070, 5100, 5130, 5160, 5190, 5220, 5250, 5280, 5310, 5340, 5370, 5400, 5430, 5460, 5490, 5520, 5550, 5580, 5610, 5670, 5700, 5730, 5940, 5970, 6240, 6450, 6960, 7110]
2026-03-07 14:17:20,223 | INFO | Selecting frames for question 5zbV24vyO44_1 on video 5zbV24vyO44.mp4: frames=543 tags=4
2026-03-07 14:17:22,789 | INFO | Selected 32 frames for question 5zbV24vyO44_1: [4920, 4950, 4980, 5010, 5040, 5070, 5100, 5130, 5160, 5190, 5250, 5280, 5400, 5520, 5610, 5640, 5670, 5700, 5730, 5850, 5970, 6000, 6060, 6090, 6120, 6180, 6240, 6270, 6390, 6450, 6480, 6510]
2026-03-07 14:17:22,789 | INFO | Selecting frames for question OGaML8Gg8JQ_0 on video OGaML8Gg8JQ.mp4: frames=542 tags=4
2026-03-07 14:17:25,426 | INFO | Selected 32 frames for question OGaML8Gg8JQ_0: [47, 71, 95, 119, 143, 167, 191, 215, 431, 455, 479, 4051, 4387, 4459, 4795, 4819, 5706, 5922, 5946, 5970, 5994, 6161, 6257, 6281, 6737, 6953, 8079, 8127, 9590, 12299, 12323, 12395]
2026-03-07 14:17:25,426 | INFO | Selecting frames for question OGaML8Gg8JQ_1 on video OGaML8Gg8JQ.mp4: frames=542 tags=4
2026-03-07 14:17:28,023 | INFO | Selected 32 frames for question OGaML8Gg8JQ_1: [1942, 1966, 1990, 2013, 2037, 2061, 2109, 2685, 2781, 2829, 3764, 3788, 3812, 3836, 4315, 4363, 4387, 4435, 5850, 5874, 6473, 6521, 6545, 6569, 6617, 6713, 8535, 11292, 11316, 11340, 11412, 11460]
2026-03-07 14:17:28,024 | INFO | Selecting frames for question otaJfBSlsG8_0 on video otaJfBSlsG8.mp4: frames=526 tags=4
2026-03-07 14:17:30,418 | INFO | Selected 32 frames for question otaJfBSlsG8_0: [269, 389, 509, 809, 989, 1108, 1258, 1888, 1978, 2067, 2097, 2517, 2547, 2577, 12257, 12377, 12407, 13876, 13936, 13966, 13995, 14025, 15074, 15104, 15134, 15164, 15344, 15374, 15404, 15464, 15494, 15674]
2026-03-07 14:17:30,418 | INFO | Selecting frames for question otaJfBSlsG8_1 on video otaJfBSlsG8.mp4: frames=526 tags=4
2026-03-07 14:17:32,833 | INFO | Selected 32 frames for question otaJfBSlsG8_1: [2547, 2577, 2607, 2907, 3026, 4165, 4315, 4435, 4735, 4945, 5214, 5244, 5784, 7132, 7192, 7222, 7642, 7882, 9770, 9860, 10159, 10189, 10219, 10249, 10339, 10369, 10489, 11628, 11718, 11748, 12017, 12077]
2026-03-07 14:17:32,834 | INFO | Selecting frames for question 60-ADf8OL9A_0 on video 60-ADf8OL9A.mp4: frames=336 tags=4
2026-03-07 14:17:33,791 | INFO | Selected 32 frames for question 60-ADf8OL9A_0: [3596, 3620, 3644, 3668, 3692, 3716, 3740, 3812, 3836, 3860, 3884, 3908, 3932, 3956, 3980, 5250, 5274, 5298, 5322, 5346, 5370, 5898, 5922, 5946, 6017, 6113, 6137, 7504, 7528, 7600, 7624, 7648]
2026-03-07 14:17:33,792 | INFO | Selecting frames for question 60-ADf8OL9A_1 on video 60-ADf8OL9A.mp4: frames=336 tags=4
2026-03-07 14:17:34,770 | INFO | Selected 32 frames for question 60-ADf8OL9A_1: [575, 599, 623, 647, 719, 1030, 1126, 1366, 1390, 1414, 1606, 2085, 2613, 2853, 3068, 3260, 3284, 3308, 4027, 4123, 4387, 5394, 5610, 5730, 5778, 6473, 6761, 6785, 6809, 6905, 7288, 7336]
2026-03-07 14:17:34,770 | INFO | Selecting frames for question VL259eBJ68w_0 on video VL259eBJ68w.mp4: frames=550 tags=4
2026-03-07 14:17:37,491 | INFO | Selected 32 frames for question VL259eBJ68w_0: [689, 779, 809, 839, 869, 899, 929, 1288, 1318, 2127, 2217, 2247, 2637, 3506, 3596, 3896, 3926, 3956, 4015, 4315, 4405, 5874, 5904, 5964, 6023, 6053, 10939, 14625, 14655, 14715, 14745, 15164]
2026-03-07 14:17:37,491 | INFO | Selecting frames for question VL259eBJ68w_1 on video VL259eBJ68w.mp4: frames=550 tags=4
2026-03-07 14:17:40,218 | INFO | Selected 32 frames for question VL259eBJ68w_1: [779, 839, 869, 899, 1288, 2187, 2247, 3476, 3896, 3926, 3956, 3986, 4015, 4045, 4135, 4255, 4315, 4405, 4615, 4645, 4735, 4765, 5334, 5814, 5874, 5904, 5964, 5994, 6023, 6503, 6593, 6623]
2026-03-07 14:17:40,218 | INFO | Selecting frames for question d8H7hgQY9ew_0 on video d8H7hgQY9ew.mp4: frames=439 tags=4
2026-03-07 14:17:41,889 | INFO | Selected 32 frames for question d8H7hgQY9ew_0: [2250, 2375, 3475, 5125, 8925, 9300, 9325, 9350, 9375, 9400, 9425, 9450, 9475, 9500, 9525, 9550, 9600, 9625, 9650, 9675, 9700, 9750, 10000, 10050, 10250, 10300, 10325, 10350, 10425, 10450, 10475, 10625]
2026-03-07 14:17:41,889 | INFO | Selecting frames for question d8H7hgQY9ew_1 on video d8H7hgQY9ew.mp4: frames=439 tags=4
2026-03-07 14:17:43,549 | INFO | Selected 32 frames for question d8H7hgQY9ew_1: [2925, 3025, 3625, 3650, 3675, 3700, 3725, 3750, 3825, 3850, 3875, 6900, 6925, 6950, 6975, 7000, 7025, 7175, 7200, 8100, 8150, 8350, 8375, 8400, 8425, 8450, 8475, 8525, 8575, 8600, 8650, 8700]
2026-03-07 14:17:43,549 | INFO | Selecting frames for question LYvStKy8iAc_0 on video LYvStKy8iAc.mp4: frames=575 tags=4
2026-03-07 14:17:46,555 | INFO | Selected 32 frames for question LYvStKy8iAc_0: [1575, 1900, 1950, 1975, 2525, 2550, 2700, 3050, 3450, 3500, 3550, 3750, 3850, 4975, 5075, 5100, 5125, 5150, 5175, 5200, 5225, 6075, 6950, 6975, 7000, 7575, 8525, 8550, 8875, 10100, 10125, 11375]
2026-03-07 14:17:46,556 | INFO | Selecting frames for question LYvStKy8iAc_1 on video LYvStKy8iAc.mp4: frames=575 tags=4
2026-03-07 14:17:49,532 | INFO | Selected 32 frames for question LYvStKy8iAc_1: [1400, 1575, 1900, 1950, 2525, 2550, 2675, 2700, 2800, 2875, 3450, 3500, 3550, 3750, 3850, 3900, 6075, 6950, 7000, 7500, 7575, 8525, 8550, 8850, 8875, 8975, 9200, 10025, 10100, 10200, 11375, 11750]
2026-03-07 14:17:49,532 | INFO | Selecting frames for question rIU_BQEuKQ8_0 on video rIU_BQEuKQ8.mp4: frames=290 tags=4
2026-03-07 14:17:50,250 | INFO | Selected 32 frames for question rIU_BQEuKQ8_0: [29, 269, 299, 359, 539, 2247, 2307, 3596, 4825, 5664, 5754, 5814, 6503, 6563, 6833, 6863, 6893, 6923, 7252, 7312, 7342, 7402, 7432, 7462, 7612, 7882, 8001, 8121, 8151, 8211, 8241, 8301]
2026-03-07 14:17:50,250 | INFO | Selecting frames for question X0U3fP0tZyY_0 on video X0U3fP0tZyY.mp4: frames=458 tags=4
2026-03-07 14:17:52,094 | INFO | Selected 32 frames for question X0U3fP0tZyY_0: [509, 539, 569, 599, 629, 659, 689, 719, 749, 779, 809, 839, 869, 899, 929, 959, 989, 1048, 1078, 1138, 1168, 1198, 1468, 1498, 1528, 1558, 1588, 1618, 1648, 1678, 1708, 1738]
2026-03-07 14:17:52,094 | INFO | Selecting frames for question X0U3fP0tZyY_1 on video X0U3fP0tZyY.mp4: frames=458 tags=4
2026-03-07 14:17:53,948 | INFO | Selected 32 frames for question X0U3fP0tZyY_1: [2337, 2397, 2937, 2967, 3446, 3806, 3836, 3896, 3986, 4015, 4075, 4105, 4615, 4645, 4765, 4825, 4855, 5124, 5154, 5184, 5334, 5394, 5454, 5634, 5664, 5694, 5724, 5874, 5904, 9860, 10549, 10609]
2026-03-07 14:17:53,949 | INFO | Selecting frames for question NexB4vj8_54_0 on video NexB4vj8_54.mp4: frames=228 tags=4
2026-03-07 14:17:54,367 | INFO | Selected 32 frames for question NexB4vj8_54_0: [50, 300, 325, 350, 450, 525, 550, 575, 600, 625, 1100, 1150, 1175, 1200, 1225, 1350, 1375, 1400, 1650, 2250, 2575, 2900, 2950, 2975, 3000, 3025, 3050, 3075, 3100, 3150, 3175, 3450]
2026-03-07 14:17:54,368 | INFO | Selecting frames for question NexB4vj8_54_1 on video NexB4vj8_54.mp4: frames=228 tags=4
2026-03-07 14:17:54,791 | INFO | Selected 32 frames for question NexB4vj8_54_1: [1350, 1375, 1400, 1450, 1650, 1675, 3825, 3850, 4350, 4400, 4500, 4525, 4550, 4575, 4600, 4625, 4650, 4675, 4700, 4725, 4750, 4775, 4800, 4825, 4850, 4900, 4950, 5150, 5175, 5200, 5225, 5325]
2026-03-07 14:17:54,791 | INFO | Selecting frames for question JpjytHmGHZ4_0 on video JpjytHmGHZ4.mp4: frames=228 tags=4
2026-03-07 14:17:55,218 | INFO | Selected 32 frames for question JpjytHmGHZ4_0: [50, 100, 250, 350, 425, 500, 525, 550, 575, 625, 650, 675, 1575, 1675, 1750, 1775, 1800, 2000, 3000, 3550, 3600, 3650, 3825, 3900, 4400, 4500, 4600, 4775, 4825, 5100, 5125, 5650]
2026-03-07 14:17:55,218 | INFO | Selecting frames for question JpjytHmGHZ4_1 on video JpjytHmGHZ4.mp4: frames=228 tags=4
2026-03-07 14:17:55,646 | INFO | Selected 32 frames for question JpjytHmGHZ4_1: [100, 375, 475, 500, 550, 575, 625, 650, 1650, 1675, 1700, 1725, 1750, 1775, 1850, 1875, 1900, 1950, 1975, 2800, 2850, 2875, 2900, 3550, 3650, 3850, 4500, 4750, 5075, 5125, 5150, 5650]
2026-03-07 14:17:55,646 | INFO | Selecting frames for question Ng2rNm6Nwsg_0 on video Ng2rNm6Nwsg.mp4: frames=254 tags=4
2026-03-07 14:17:56,173 | INFO | Selected 32 frames for question Ng2rNm6Nwsg_0: [1126, 1198, 1246, 1270, 1294, 1318, 1630, 2061, 2085, 2109, 2205, 2229, 2253, 2277, 2301, 2325, 2709, 4339, 4363, 4387, 4411, 4435, 4459, 4483, 4507, 4531, 4555, 4603, 4651, 4675, 4699, 5106]
2026-03-07 14:17:56,173 | INFO | Selecting frames for question Ng2rNm6Nwsg_1 on video Ng2rNm6Nwsg.mp4: frames=254 tags=4
2026-03-07 14:17:56,696 | INFO | Selected 32 frames for question Ng2rNm6Nwsg_1: [1126, 1246, 1294, 1318, 1630, 2085, 2109, 2133, 2205, 2229, 2253, 2277, 2301, 2325, 2349, 2421, 2517, 2685, 2709, 2733, 3764, 3788, 4363, 4411, 4435, 4459, 4531, 4963, 5106, 5226, 5250, 5274]
2026-03-07 14:17:56,697 | INFO | Selecting frames for question BktEeBeA7a8_0 on video BktEeBeA7a8.mp4: frames=320 tags=4
2026-03-07 14:17:57,542 | INFO | Selected 32 frames for question BktEeBeA7a8_0: [0, 675, 700, 725, 750, 775, 850, 1575, 1600, 1625, 1650, 1675, 1700, 1725, 1750, 1775, 1800, 1825, 1925, 1950, 1975, 2000, 2025, 2150, 2175, 2200, 2225, 2250, 2275, 2300, 2325, 3100]
2026-03-07 14:17:57,543 | INFO | Selecting frames for question BktEeBeA7a8_1 on video BktEeBeA7a8.mp4: frames=320 tags=4
2026-03-07 14:17:58,398 | INFO | Selected 32 frames for question BktEeBeA7a8_1: [575, 625, 3725, 3750, 3775, 3800, 3825, 3850, 4100, 4150, 4175, 4200, 4250, 4275, 4300, 4350, 4375, 4400, 4550, 4575, 4600, 4725, 4750, 4775, 4800, 4825, 4850, 5050, 5375, 5400, 5450, 5475]
2026-03-07 14:17:58,398 | INFO | Selecting frames for question ydm72ftJStQ_0 on video ydm72ftJStQ.mp4: frames=277 tags=4
2026-03-07 14:17:59,042 | INFO | Selected 32 frames for question ydm72ftJStQ_0: [3200, 3250, 3500, 3625, 3650, 4275, 4300, 4325, 4575, 4750, 4875, 5175, 5225, 5250, 5275, 5325, 5400, 5425, 5450, 5500, 5525, 5550, 5700, 5725, 5775, 6125, 6150, 6250, 6275, 6300, 6600, 6675]
2026-03-07 14:17:59,042 | INFO | Selecting frames for question ydm72ftJStQ_1 on video ydm72ftJStQ.mp4: frames=277 tags=4
2026-03-07 14:17:59,665 | INFO | Selected 32 frames for question ydm72ftJStQ_1: [75, 100, 175, 200, 225, 250, 275, 300, 325, 350, 375, 400, 425, 450, 475, 500, 525, 550, 625, 725, 775, 800, 875, 900, 975, 1000, 2475, 6700, 6725, 6850, 6875, 6900]
2026-03-07 14:17:59,665 | INFO | Selecting frames for question 88LbBgZP1vQ_0 on video 88LbBgZP1vQ.mp4: frames=488 tags=4
2026-03-07 14:18:01,747 | INFO | Selected 32 frames for question 88LbBgZP1vQ_0: [180, 240, 510, 570, 630, 690, 750, 780, 810, 840, 900, 960, 990, 1050, 1140, 1230, 1290, 1320, 1350, 1380, 1410, 1530, 1740, 1770, 1800, 2640, 2700, 3000, 3030, 3990, 11160, 11190]
2026-03-07 14:18:01,747 | INFO | Selecting frames for question 88LbBgZP1vQ_1 on video 88LbBgZP1vQ.mp4: frames=488 tags=4
2026-03-07 14:18:03,841 | INFO | Selected 32 frames for question 88LbBgZP1vQ_1: [5520, 5550, 5610, 5700, 5730, 5790, 5820, 5850, 5880, 5910, 5940, 5970, 6000, 6150, 6180, 6270, 6300, 6330, 6360, 6390, 6420, 6450, 6480, 7020, 7080, 7140, 7350, 7380, 7560, 7590, 8040, 8490]
2026-03-07 14:18:03,841 | INFO | Selecting frames for question F7RSW-2rF4w_0 on video F7RSW-2rF4w.mp4: frames=482 tags=4
2026-03-07 14:18:05,885 | INFO | Selected 32 frames for question F7RSW-2rF4w_0: [540, 1920, 2490, 2520, 4920, 4980, 5310, 5430, 5700, 5790, 5850, 5940, 5970, 6270, 6690, 6720, 6780, 6810, 6840, 6870, 6900, 6990, 7020, 7050, 7080, 8430, 8460, 8490, 8520, 8850, 9840, 9960]
2026-03-07 14:18:05,885 | INFO | Selecting frames for question F7RSW-2rF4w_1 on video F7RSW-2rF4w.mp4: frames=482 tags=4
2026-03-07 14:18:07,940 | INFO | Selected 32 frames for question F7RSW-2rF4w_1: [3990, 4230, 4260, 4500, 4530, 4560, 4680, 4950, 5100, 5550, 5640, 5700, 5730, 5760, 5790, 5820, 5850, 7800, 7950, 8520, 8550, 9990, 10050, 10200, 10230, 10260, 10290, 10350, 10620, 10650, 10680, 14400]
2026-03-07 14:18:07,940 | INFO | Selecting frames for question 3JzhP8qfbqE_0 on video 3JzhP8qfbqE.mp4: frames=453 tags=4
2026-03-07 14:18:09,766 | INFO | Selected 32 frames for question 3JzhP8qfbqE_0: [179, 209, 749, 1948, 1978, 2007, 2217, 4555, 4645, 4675, 4735, 4765, 4795, 4825, 4855, 5814, 5934, 9170, 9200, 9230, 9260, 9320, 9350, 9380, 9410, 9440, 9470, 9500, 9530, 9560, 9650, 9830]
2026-03-07 14:18:09,767 | INFO | Selecting frames for question 3JzhP8qfbqE_1 on video 3JzhP8qfbqE.mp4: frames=453 tags=4
2026-03-07 14:18:11,528 | INFO | Selected 32 frames for question 3JzhP8qfbqE_1: [2277, 2307, 2337, 2367, 2397, 2427, 2457, 2487, 2517, 2547, 2577, 2607, 2637, 2667, 2907, 2937, 2967, 2997, 3116, 3266, 3296, 3416, 3476, 3506, 3716, 3746, 3776, 13066, 13096, 13126, 13156, 13186]
2026-03-07 14:18:11,528 | INFO | Selecting frames for question wq90Upjaij8_0 on video wq90Upjaij8.mp4: frames=212 tags=4
2026-03-07 14:18:11,895 | INFO | Selected 32 frames for question wq90Upjaij8_0: [0, 29, 59, 389, 419, 449, 479, 509, 569, 599, 1618, 1648, 1678, 1708, 1738, 3896, 3956, 4045, 4255, 4285, 4315, 4345, 4375, 4405, 5304, 5334, 5364, 5394, 5424, 5454, 5484, 5514]
2026-03-07 14:18:11,895 | INFO | Selecting frames for question wq90Upjaij8_1 on video wq90Upjaij8.mp4: frames=212 tags=4
2026-03-07 14:18:12,258 | INFO | Selected 32 frames for question wq90Upjaij8_1: [0, 29, 59, 569, 3836, 3866, 3896, 3926, 3956, 3986, 4015, 4045, 4255, 4285, 4315, 4345, 4375, 4435, 4495, 4555, 4585, 4615, 4645, 4675, 4705, 4735, 4765, 4795, 4825, 5214, 5244, 5274]
2026-03-07 14:18:12,258 | INFO | Selecting frames for question dE5iWeCVpGI_0 on video dE5iWeCVpGI.mp4: frames=412 tags=4
2026-03-07 14:18:13,703 | INFO | Selected 32 frames for question dE5iWeCVpGI_0: [2397, 2517, 3668, 4099, 4147, 4171, 4195, 4219, 4315, 4363, 4387, 4435, 4459, 4483, 4507, 4531, 4555, 4579, 4723, 4747, 4963, 4987, 5202, 5370, 5394, 5418, 5442, 5514, 6065, 6089, 6113, 6593]
2026-03-07 14:18:13,704 | INFO | Selecting frames for question dE5iWeCVpGI_1 on video dE5iWeCVpGI.mp4: frames=412 tags=4
2026-03-07 14:18:15,186 | INFO | Selected 32 frames for question dE5iWeCVpGI_1: [1678, 1702, 3332, 4267, 4771, 5826, 5850, 6833, 6929, 6977, 7024, 7144, 7168, 7192, 7216, 7240, 7264, 7288, 7672, 7696, 8007, 8055, 8079, 8103, 8175, 8199, 8223, 8247, 8607, 8631, 8703, 8727]
2026-03-07 14:18:15,186 | INFO | Selecting frames for question jJGbXCCU5yc_0 on video jJGbXCCU5yc.mp4: frames=404 tags=4
2026-03-07 14:18:16,577 | INFO | Selected 32 frames for question jJGbXCCU5yc_0: [1200, 1230, 1260, 3360, 3390, 3450, 4410, 4590, 4620, 4920, 4980, 5010, 5040, 5100, 5190, 5220, 5250, 5280, 5310, 5340, 5370, 5400, 5430, 5460, 5490, 5520, 5550, 5580, 6090, 7350, 7380, 9210]
2026-03-07 14:18:16,577 | INFO | Selecting frames for question jJGbXCCU5yc_1 on video jJGbXCCU5yc.mp4: frames=404 tags=4
2026-03-07 14:18:17,955 | INFO | Selected 32 frames for question jJGbXCCU5yc_1: [180, 210, 240, 270, 300, 330, 450, 480, 570, 600, 630, 660, 690, 720, 810, 840, 9330, 10980, 11130, 11160, 11250, 11280, 11550, 11580, 11610, 11640, 11670, 11730, 11760, 11790, 12000, 12030]
2026-03-07 14:18:17,955 | INFO | Selecting frames for question WpbB_swXHkc_0 on video WpbB_swXHkc.mp4: frames=526 tags=4
2026-03-07 14:18:20,365 | INFO | Selected 32 frames for question WpbB_swXHkc_0: [744, 1152, 1176, 1200, 1680, 1704, 1848, 1872, 2088, 2112, 2136, 2160, 2304, 3096, 3432, 3456, 3480, 3696, 3720, 3744, 3768, 3840, 3864, 3888, 4320, 4344, 4368, 4392, 4416, 4824, 4848, 4896]
2026-03-07 14:18:20,365 | INFO | Selecting frames for question WpbB_swXHkc_1 on video WpbB_swXHkc.mp4: frames=526 tags=4
2026-03-07 14:18:22,797 | INFO | Selected 32 frames for question WpbB_swXHkc_1: [3552, 3576, 4272, 5400, 5424, 5568, 5640, 5664, 6480, 6504, 6528, 6552, 6576, 7272, 7584, 7608, 7848, 7872, 7896, 7920, 7944, 8640, 8688, 9048, 9072, 10608, 10632, 10656, 10680, 11760, 11784, 11808]
2026-03-07 14:18:22,797 | INFO | Selecting frames for question D7VYbsORD8k_0 on video D7VYbsORD8k.mp4: frames=526 tags=4
2026-03-07 14:18:25,209 | INFO | Selected 32 frames for question D7VYbsORD8k_0: [4465, 4735, 4765, 8361, 8391, 8481, 8541, 8571, 8601, 8631, 8721, 8811, 9080, 9110, 9140, 9200, 9230, 9290, 9320, 9380, 9410, 9470, 9620, 9770, 9800, 9830, 9950, 9980, 10009, 10069, 10099, 10129]
2026-03-07 14:18:25,209 | INFO | Selecting frames for question D7VYbsORD8k_1 on video D7VYbsORD8k.mp4: frames=526 tags=4
2026-03-07 14:18:27,667 | INFO | Selected 32 frames for question D7VYbsORD8k_1: [449, 539, 569, 629, 659, 689, 779, 809, 1018, 1048, 1108, 1258, 1378, 1438, 1498, 1528, 1678, 3026, 3266, 3296, 3326, 3356, 3446, 11028, 12767, 13546, 13576, 13606, 13636, 13666, 13696, 13726]
2026-03-07 14:18:27,667 | INFO | Selecting frames for question sv4wLIbSDqo_0 on video sv4wLIbSDqo.mp4: frames=315 tags=4
2026-03-07 14:18:28,500 | INFO | Selected 32 frames for question sv4wLIbSDqo_0: [0, 650, 675, 700, 725, 775, 800, 825, 900, 925, 2550, 2575, 2600, 2625, 2650, 2675, 4350, 4475, 4500, 4625, 5900, 5925, 5950, 5975, 6000, 6025, 6050, 6075, 6100, 6125, 6150, 6175]
2026-03-07 14:18:28,500 | INFO | Selecting frames for question sv4wLIbSDqo_1 on video sv4wLIbSDqo.mp4: frames=315 tags=4
2026-03-07 14:18:29,327 | INFO | Selected 32 frames for question sv4wLIbSDqo_1: [0, 50, 1800, 1825, 1875, 2025, 2050, 2075, 2100, 2125, 2150, 2175, 2200, 2225, 2250, 2275, 2300, 2325, 2350, 3200, 3225, 3250, 3275, 3300, 3325, 3350, 3375, 3400, 3425, 3475, 3500, 3525]
2026-03-07 14:18:29,328 | INFO | Selecting frames for question 7rMgpExA4kM_0 on video 7rMgpExA4kM.mp4: frames=313 tags=4
2026-03-07 14:18:30,148 | INFO | Selected 32 frames for question 7rMgpExA4kM_0: [119, 1054, 1078, 1102, 1126, 1294, 1342, 1366, 1390, 1414, 1438, 3572, 3620, 4027, 5058, 5106, 5202, 5274, 5322, 5346, 6353, 6449, 6713, 6857, 6881, 6905, 6929, 7000, 7024, 7048, 7072, 7096]
2026-03-07 14:18:30,148 | INFO | Selecting frames for question 7rMgpExA4kM_1 on video 7rMgpExA4kM.mp4: frames=313 tags=4
2026-03-07 14:18:30,985 | INFO | Selected 32 frames for question 7rMgpExA4kM_1: [23, 791, 815, 839, 863, 887, 911, 935, 959, 983, 1006, 1222, 1294, 2781, 4123, 4483, 5802, 6377, 6401, 6521, 6545, 6569, 6809, 6833, 6857, 6881, 6905, 6929, 6953, 7312, 7336, 7360]
2026-03-07 14:18:30,985 | INFO | Selecting frames for question lN3WnXMaE0o_0 on video lN3WnXMaE0o.mp4: frames=295 tags=4
2026-03-07 14:18:31,712 | INFO | Selected 32 frames for question lN3WnXMaE0o_0: [1054, 1078, 1102, 1126, 1150, 1174, 1198, 1222, 1246, 1270, 1294, 1318, 1342, 1366, 1390, 1414, 1438, 1462, 1486, 1510, 3452, 3476, 3500, 3524, 3548, 3572, 3596, 3620, 3644, 5130, 5154, 5682]
2026-03-07 14:18:31,712 | INFO | Selecting frames for question lN3WnXMaE0o_1 on video lN3WnXMaE0o.mp4: frames=295 tags=4
2026-03-07 14:18:32,436 | INFO | Selected 32 frames for question lN3WnXMaE0o_1: [239, 311, 383, 407, 623, 647, 671, 695, 719, 743, 767, 791, 815, 2613, 3452, 3668, 4915, 5130, 5154, 5178, 5202, 5226, 5250, 5274, 5298, 5322, 5346, 5370, 5682, 5706, 5730, 5754]
2026-03-07 14:18:32,436 | INFO | Selecting frames for question Fq3zbbp-lv4_0 on video Fq3zbbp-lv4.mp4: frames=404 tags=4
2026-03-07 14:18:33,844 | INFO | Selected 32 frames for question Fq3zbbp-lv4_0: [2310, 2340, 2400, 2430, 2460, 2490, 2730, 2970, 3000, 3030, 3060, 3090, 3120, 3150, 3180, 3210, 3240, 3270, 3300, 3330, 3360, 3390, 3450, 4080, 4500, 4560, 4890, 4920, 4950, 5010, 5040, 5070]
2026-03-07 14:18:33,845 | INFO | Selecting frames for question Fq3zbbp-lv4_1 on video Fq3zbbp-lv4.mp4: frames=404 tags=4
2026-03-07 14:18:35,243 | INFO | Selected 32 frames for question Fq3zbbp-lv4_1: [1050, 1080, 1110, 1170, 1260, 1350, 1380, 1410, 1440, 1470, 1500, 1590, 1710, 1740, 2130, 2820, 2880, 3900, 3930, 3960, 3990, 4020, 4050, 4080, 4110, 4170, 4200, 4230, 4260, 4290, 4320, 4350]
2026-03-07 14:18:35,243 | INFO | Selecting frames for question vJ9hYCUDHTo_0 on video vJ9hYCUDHTo.mp4: frames=554 tags=4
2026-03-07 14:18:37,970 | INFO | Selected 32 frames for question vJ9hYCUDHTo_0: [200, 250, 275, 300, 1175, 1200, 1225, 1250, 1275, 1300, 8475, 8500, 8525, 8550, 8575, 8600, 8625, 8650, 8675, 8700, 8725, 8750, 8775, 8800, 8825, 8850, 8875, 8925, 12250, 12350, 12400, 12425]
2026-03-07 14:18:37,971 | INFO | Selecting frames for question vJ9hYCUDHTo_1 on video vJ9hYCUDHTo.mp4: frames=554 tags=4
2026-03-07 14:18:40,668 | INFO | Selected 32 frames for question vJ9hYCUDHTo_1: [5900, 6100, 6125, 6150, 6175, 6275, 6325, 6350, 6375, 6400, 6425, 6450, 7675, 7850, 11175, 11200, 11250, 11275, 11350, 11375, 11400, 11425, 11450, 11475, 11500, 11525, 11550, 11575, 11600, 11625, 11650, 11700]
2026-03-07 14:18:40,668 | INFO | Selecting frames for question Q47I8AdRgzc_0 on video Q47I8AdRgzc.mp4: frames=293 tags=4
2026-03-07 14:18:41,399 | INFO | Selected 32 frames for question Q47I8AdRgzc_0: [179, 419, 3026, 3056, 3086, 3236, 3266, 5094, 5184, 5244, 5274, 5304, 5394, 5424, 5604, 5634, 5754, 5784, 5874, 5904, 5934, 5964, 6053, 6083, 6113, 6143, 6173, 7282, 7312, 7432, 8721, 8751]
2026-03-07 14:18:41,399 | INFO | Selecting frames for question Q47I8AdRgzc_1 on video Q47I8AdRgzc.mp4: frames=293 tags=4
2026-03-07 14:18:42,128 | INFO | Selected 32 frames for question Q47I8AdRgzc_1: [389, 419, 449, 509, 3026, 3056, 3086, 3116, 3146, 3176, 3266, 4765, 5004, 5094, 5154, 5184, 5214, 5244, 5274, 5304, 5334, 5364, 5394, 5454, 5604, 6143, 6173, 6203, 7282, 7312, 7432, 8751]
2026-03-07 14:18:42,128 | INFO | Selecting frames for question tPQf5sB03ZE_0 on video tPQf5sB03ZE.mp4: frames=202 tags=4
2026-03-07 14:18:42,456 | INFO | Selected 32 frames for question tPQf5sB03ZE_0: [0, 29, 59, 89, 119, 149, 179, 209, 239, 629, 749, 1948, 1978, 2007, 5004, 5034, 5064, 5094, 5124, 5154, 5184, 5214, 5244, 5274, 5304, 5334, 5364, 5394, 5874, 5964, 5994, 6023]
2026-03-07 14:18:42,456 | INFO | Selecting frames for question tPQf5sB03ZE_1 on video tPQf5sB03ZE.mp4: frames=202 tags=4
2026-03-07 14:18:42,784 | INFO | Selected 32 frames for question tPQf5sB03ZE_1: [149, 209, 239, 269, 299, 329, 359, 389, 419, 449, 479, 509, 539, 569, 599, 1138, 1168, 1198, 1228, 1378, 1708, 1768, 2067, 2187, 2607, 3116, 3416, 3446, 3476, 3506, 3536, 3566]
2026-03-07 14:18:42,784 | INFO | Selecting frames for question PzUxuZ-KGsU_0 on video PzUxuZ-KGsU.mp4: frames=245 tags=4
2026-03-07 14:18:43,278 | INFO | Selected 32 frames for question PzUxuZ-KGsU_0: [1560, 1590, 1710, 1740, 1800, 2160, 2190, 2220, 2250, 2280, 2310, 2400, 2430, 2460, 2580, 2610, 2640, 2670, 2700, 2730, 2760, 3270, 3300, 3330, 3450, 3480, 3510, 3570, 3630, 3690, 4770, 4800]
2026-03-07 14:18:43,278 | INFO | Selecting frames for question c6fuIEzOZ2E_0 on video c6fuIEzOZ2E.mp4: frames=464 tags=4
2026-03-07 14:18:45,158 | INFO | Selected 32 frames for question c6fuIEzOZ2E_0: [479, 509, 539, 1558, 1888, 1918, 2097, 2127, 2157, 2187, 2217, 3416, 3446, 3506, 3536, 3566, 8151, 8181, 8211, 8241, 8271, 8331, 8421, 8481, 8541, 8571, 8601, 8631, 8661, 8691, 8721, 9080]
2026-03-07 14:18:45,158 | INFO | Selecting frames for question c6fuIEzOZ2E_1 on video c6fuIEzOZ2E.mp4: frames=464 tags=4
2026-03-07 14:18:47,022 | INFO | Selected 32 frames for question c6fuIEzOZ2E_1: [599, 659, 2367, 2397, 3116, 3146, 3176, 3206, 3236, 3266, 3296, 3326, 3386, 4315, 4345, 4435, 6383, 7222, 7402, 7432, 7492, 7582, 8991, 9920, 9980, 10009, 11268, 11388, 11808, 11838, 11868, 11928]
2026-03-07 14:18:47,022 | INFO | Selecting frames for question 0mEN5Jf2hU0_0 on video 0mEN5Jf2hU0.mp4: frames=219 tags=4
2026-03-07 14:18:47,425 | INFO | Selected 32 frames for question 0mEN5Jf2hU0_0: [23, 47, 1558, 1678, 1702, 1726, 1750, 1774, 1822, 1846, 3020, 3068, 3572, 3956, 3980, 4003, 4027, 4051, 4075, 4291, 4315, 4387, 4483, 4507, 4555, 4579, 4627, 4651, 4675, 4699, 4747, 4771]
2026-03-07 14:18:47,425 | INFO | Selecting frames for question 0mEN5Jf2hU0_1 on video 0mEN5Jf2hU0.mp4: frames=219 tags=4
2026-03-07 14:18:47,817 | INFO | Selected 32 frames for question 0mEN5Jf2hU0_1: [0, 23, 47, 95, 119, 143, 311, 1486, 1510, 1558, 1630, 1678, 1702, 1726, 1750, 1774, 1798, 1822, 1846, 2637, 2853, 2877, 2901, 2949, 2973, 2997, 3020, 3068, 3524, 3980, 4027, 4483]
2026-03-07 14:18:47,817 | INFO | Selecting frames for question ZoUsR8t8IxE_0 on video ZoUsR8t8IxE.mp4: frames=394 tags=4
2026-03-07 14:18:49,147 | INFO | Selected 32 frames for question ZoUsR8t8IxE_0: [0, 25, 50, 75, 625, 825, 850, 875, 900, 925, 1200, 1225, 1250, 1275, 1300, 1325, 1375, 1450, 1700, 2275, 2550, 2575, 2650, 3150, 3225, 3350, 3450, 3525, 3750, 3825, 4250, 9675]
2026-03-07 14:18:49,147 | INFO | Selecting frames for question 22iOyzE8Ec0_0 on video 22iOyzE8Ec0.mp4: frames=231 tags=4
2026-03-07 14:18:49,600 | INFO | Selected 32 frames for question 22iOyzE8Ec0_0: [863, 1174, 1198, 1222, 1270, 1294, 1318, 1342, 1366, 1414, 1678, 1702, 1726, 1750, 1774, 2109, 2133, 2565, 2613, 3188, 3932, 3956, 3980, 4003, 4027, 4339, 4363, 4387, 4411, 4459, 4483, 4579]
2026-03-07 14:18:49,600 | INFO | Selecting frames for question 22iOyzE8Ec0_1 on video 22iOyzE8Ec0.mp4: frames=231 tags=4
2026-03-07 14:18:50,052 | INFO | Selected 32 frames for question 22iOyzE8Ec0_1: [1198, 1222, 1246, 1270, 1294, 1318, 1342, 1366, 1462, 1486, 1678, 1702, 1750, 1774, 2109, 2133, 2565, 2589, 2613, 3212, 3932, 3956, 3980, 4003, 4027, 4363, 4387, 4411, 4435, 4459, 4483, 4579]
2026-03-07 14:18:50,053 | INFO | Selecting frames for question JwoBdRC2fzE_0 on video JwoBdRC2fzE.mp4: frames=504 tags=4
2026-03-07 14:18:52,274 | INFO | Selected 32 frames for question JwoBdRC2fzE_0: [0, 1104, 1152, 1464, 3672, 3888, 4584, 4992, 5376, 5400, 5424, 5904, 5928, 6528, 6552, 6576, 6600, 6672, 6744, 6768, 6912, 6936, 7056, 7080, 7152, 9528, 10104, 10128, 10152, 10176, 10200, 11208]
2026-03-07 14:18:52,275 | INFO | Selecting frames for question JwoBdRC2fzE_1 on video JwoBdRC2fzE.mp4: frames=504 tags=4
2026-03-07 14:18:54,520 | INFO | Selected 32 frames for question JwoBdRC2fzE_1: [1656, 1680, 3936, 4512, 4992, 5520, 5544, 5568, 5592, 5616, 5640, 5664, 5688, 5712, 5880, 7944, 7968, 7992, 8016, 8736, 8760, 8784, 8808, 8832, 8856, 9312, 9408, 9432, 9528, 11352, 11520, 11640]
2026-03-07 14:18:54,520 | INFO | Selecting frames for question qYnloYaeQA8_0 on video qYnloYaeQA8.mp4: frames=408 tags=4
2026-03-07 14:18:55,933 | INFO | Selected 32 frames for question qYnloYaeQA8_0: [431, 455, 479, 1918, 2397, 2685, 2709, 2781, 2877, 2949, 2997, 3044, 3068, 3092, 3116, 3164, 3260, 3308, 3332, 3380, 3404, 3548, 3740, 3764, 3788, 3812, 3932, 4555, 5034, 5178, 5898, 6593]
2026-03-07 14:18:55,933 | INFO | Selecting frames for question qYnloYaeQA8_1 on video qYnloYaeQA8.mp4: frames=408 tags=4
2026-03-07 14:18:57,353 | INFO | Selected 32 frames for question qYnloYaeQA8_1: [23, 95, 4051, 4099, 6881, 7048, 7072, 7096, 7120, 7144, 7168, 7192, 7216, 7240, 7264, 7288, 7312, 7336, 7744, 7768, 7816, 7840, 7888, 7912, 7936, 7960, 7984, 8007, 8031, 8055, 8823, 9758]
2026-03-07 14:18:57,353 | INFO | Selecting frames for question Oht0i1DACcA_0 on video Oht0i1DACcA.mp4: frames=238 tags=4
2026-03-07 14:18:57,817 | INFO | Selected 32 frames for question Oht0i1DACcA_0: [239, 269, 329, 479, 509, 539, 569, 599, 629, 659, 689, 719, 749, 779, 809, 839, 869, 899, 1618, 1648, 1948, 2007, 2067, 2097, 2127, 6473, 6503, 6533, 6653, 6713, 6773, 6803]
2026-03-07 14:18:57,817 | INFO | Selecting frames for question zda-T6wrEhs_0 on video zda-T6wrEhs.mp4: frames=507 tags=4
2026-03-07 14:19:00,042 | INFO | Selected 32 frames for question zda-T6wrEhs_0: [1006, 1966, 2445, 2685, 2733, 4027, 4507, 5106, 5226, 5418, 5898, 5922, 5946, 5970, 5994, 6017, 7192, 7216, 7240, 7264, 7288, 7312, 7336, 7360, 7384, 8535, 9038, 9062, 9086, 9110, 9134, 9158]
2026-03-07 14:19:00,042 | INFO | Selecting frames for question zda-T6wrEhs_1 on video zda-T6wrEhs.mp4: frames=507 tags=4
2026-03-07 14:19:02,272 | INFO | Selected 32 frames for question zda-T6wrEhs_1: [10045, 10069, 10093, 10117, 10141, 10165, 10189, 10213, 10237, 10261, 10285, 10309, 10333, 10357, 10381, 10405, 10429, 10957, 11004, 11028, 11052, 11076, 11124, 11148, 11556, 11604, 11628, 11652, 11676, 11724, 11820, 11844]
2026-03-07 14:19:02,272 | INFO | Selecting frames for question -kaF6SnSEo8_0 on video -kaF6SnSEo8.mp4: frames=486 tags=4
2026-03-07 14:19:04,329 | INFO | Selected 32 frames for question -kaF6SnSEo8_0: [431, 479, 503, 935, 1030, 5226, 6833, 6857, 9158, 9230, 9254, 9302, 9326, 9350, 9374, 9590, 9662, 9710, 9734, 9758, 9782, 9806, 10021, 10789, 10813, 10837, 10885, 10909, 10933, 10957, 10981, 11004]
2026-03-07 14:19:04,329 | INFO | Selecting frames for question -kaF6SnSEo8_1 on video -kaF6SnSEo8.mp4: frames=486 tags=4
2026-03-07 14:19:06,397 | INFO | Selected 32 frames for question -kaF6SnSEo8_1: [1774, 1798, 6641, 6665, 6689, 6713, 6737, 6905, 6929, 6953, 6977, 7000, 7024, 7048, 7072, 7096, 7120, 7312, 7336, 7360, 7384, 7408, 7432, 7456, 9830, 9854, 9878, 9902, 9926, 9950, 9974, 10621]
2026-03-07 14:19:06,397 | INFO | Selecting frames for question P0BSTjziVys_0 on video P0BSTjziVys.mp4: frames=239 tags=4
2026-03-07 14:19:06,862 | INFO | Selected 32 frames for question P0BSTjziVys_0: [23, 167, 191, 215, 239, 263, 287, 2421, 3260, 3284, 3308, 3332, 3380, 3404, 3428, 3668, 3692, 3716, 3764, 3812, 3932, 3980, 4147, 4171, 4411, 4555, 4579, 4987, 5010, 5466, 5490, 5514]
2026-03-07 14:19:06,862 | INFO | Selecting frames for question P0BSTjziVys_1 on video P0BSTjziVys.mp4: frames=239 tags=4
2026-03-07 14:19:07,329 | INFO | Selected 32 frames for question P0BSTjziVys_1: [1366, 1486, 1726, 1870, 2109, 3260, 3284, 3332, 3380, 3428, 3596, 3668, 3692, 3716, 3764, 3812, 3932, 3980, 4003, 4147, 4171, 4291, 4339, 4411, 4435, 4459, 4555, 4771, 4939, 5010, 5178, 5274]
2026-03-07 14:19:07,329 | INFO | Selecting frames for question JASFwBtUK40_0 on video JASFwBtUK40.mp4: frames=191 tags=4
2026-03-07 14:19:07,624 | INFO | Selected 32 frames for question JASFwBtUK40_0: [599, 623, 647, 671, 695, 719, 2373, 2397, 2469, 2493, 2613, 2661, 2685, 2757, 3116, 3140, 3164, 3188, 3260, 3284, 3308, 3620, 3644, 4267, 4315, 4339, 4363, 4387, 4411, 4435, 4459, 4483]
2026-03-07 14:19:07,624 | INFO | Selecting frames for question JASFwBtUK40_1 on video JASFwBtUK40.mp4: frames=191 tags=4
2026-03-07 14:19:07,917 | INFO | Selected 32 frames for question JASFwBtUK40_1: [599, 623, 647, 671, 695, 719, 1150, 1174, 1222, 1318, 1342, 1390, 1414, 1438, 1894, 1990, 2253, 2373, 2397, 2421, 2445, 2469, 3380, 3404, 3428, 3452, 3596, 3620, 3644, 3668, 3692, 4339]
2026-03-07 14:19:07,918 | INFO | Selecting frames for question athabNMGceo_0 on video athabNMGceo.mp4: frames=477 tags=4
2026-03-07 14:19:09,883 | INFO | Selected 32 frames for question athabNMGceo_0: [263, 407, 431, 479, 599, 935, 1054, 1342, 1438, 1510, 1630, 2133, 2229, 3188, 3260, 3356, 5346, 5442, 6377, 8103, 8703, 8727, 8751, 9398, 10069, 10093, 10117, 10165, 10189, 10525, 10645, 10933]
2026-03-07 14:19:09,883 | INFO | Selecting frames for question athabNMGceo_1 on video athabNMGceo.mp4: frames=477 tags=4
2026-03-07 14:19:11,855 | INFO | Selected 32 frames for question athabNMGceo_1: [263, 479, 599, 887, 935, 959, 983, 1006, 1054, 1342, 1438, 1510, 1534, 2133, 3356, 3404, 3692, 3836, 4267, 4339, 4579, 4603, 5346, 6377, 6857, 7720, 8103, 9230, 11124, 11148, 11172, 11196]
2026-03-07 14:19:11,856 | INFO | Selecting frames for question SCZ_Z4NnikA_0 on video SCZ_Z4NnikA.mp4: frames=589 tags=4
2026-03-07 14:19:14,858 | INFO | Selected 32 frames for question SCZ_Z4NnikA_0: [29, 59, 89, 119, 179, 299, 329, 389, 2007, 2907, 4585, 4615, 5904, 5964, 6053, 6083, 6983, 7012, 7042, 8001, 11058, 11118, 11148, 11328, 13906, 14745, 16813, 16843, 16933, 16963, 17022, 17592]
2026-03-07 14:19:14,859 | INFO | Selecting frames for question SCZ_Z4NnikA_1 on video SCZ_Z4NnikA.mp4: frames=589 tags=4
2026-03-07 14:19:17,904 | INFO | Selected 32 frames for question SCZ_Z4NnikA_1: [389, 3776, 9620, 9860, 12617, 15494, 16243, 16273, 16303, 16333, 16483, 16513, 16543, 16573, 16603, 16633, 16663, 16693, 16723, 16753, 17022, 17052, 17082, 17112, 17172, 17412, 17442, 17472, 17502, 17532, 17562, 17592]
2026-03-07 14:19:17,904 | INFO | Selecting frames for question pFtKaT3GF9I_0 on video pFtKaT3GF9I.mp4: frames=524 tags=4
2026-03-07 14:19:20,297 | INFO | Selected 32 frames for question pFtKaT3GF9I_0: [1948, 1978, 3386, 3416, 3446, 3716, 3806, 4285, 6563, 6593, 6623, 6683, 11448, 11628, 13876, 13906, 15134, 15164, 15194, 15224, 15254, 15284, 15344, 15374, 15404, 15434, 15464, 15524, 15554, 15584, 15614, 15674]
2026-03-07 14:19:20,297 | INFO | Selecting frames for question PQRyGacBRA4_0 on video PQRyGacBRA4.mp4: frames=212 tags=4
2026-03-07 14:19:20,665 | INFO | Selected 32 frames for question PQRyGacBRA4_0: [0, 25, 50, 75, 100, 125, 150, 350, 375, 400, 425, 550, 575, 600, 675, 700, 725, 3125, 3150, 4425, 4475, 4525, 4575, 4600, 4825, 4850, 4875, 4900, 4925, 4950, 5025, 5050]
2026-03-07 14:19:20,666 | INFO | Selecting frames for question PQRyGacBRA4_1 on video PQRyGacBRA4.mp4: frames=212 tags=4
2026-03-07 14:19:21,032 | INFO | Selected 32 frames for question PQRyGacBRA4_1: [1150, 1175, 1200, 1225, 1975, 2000, 2025, 2050, 2075, 2100, 2125, 2150, 2175, 2200, 2225, 2250, 3025, 3050, 3300, 3400, 3525, 3550, 3575, 3600, 3625, 3650, 4175, 4200, 4225, 4250, 4275, 4375]
2026-03-07 14:19:21,032 | INFO | Selecting frames for question Efuyl2Anehg_0 on video Efuyl2Anehg.mp4: frames=511 tags=4
2026-03-07 14:19:23,315 | INFO | Selected 32 frames for question Efuyl2Anehg_0: [4819, 4843, 6089, 6401, 6425, 6569, 7072, 7216, 7264, 7288, 7312, 7336, 7360, 7408, 7432, 7456, 7648, 7672, 7696, 7816, 7840, 8103, 8127, 8151, 8175, 8199, 8415, 11484, 11580, 11604, 11652, 11676]
2026-03-07 14:19:23,315 | INFO | Selecting frames for question HAED3riiZkw_0 on video HAED3riiZkw.mp4: frames=300 tags=4
2026-03-07 14:19:24,079 | INFO | Selected 32 frames for question HAED3riiZkw_0: [0, 743, 791, 815, 1486, 1630, 1822, 1870, 1894, 1918, 2061, 2181, 2205, 2229, 2253, 2301, 2541, 2661, 2757, 2805, 2829, 2853, 2877, 2901, 3428, 3452, 3476, 3500, 3524, 3740, 3764, 4411]
2026-03-07 14:19:24,080 | INFO | Selecting frames for question HAED3riiZkw_1 on video HAED3riiZkw.mp4: frames=300 tags=4
2026-03-07 14:19:24,843 | INFO | Selected 32 frames for question HAED3riiZkw_1: [191, 239, 623, 2613, 2637, 2661, 2685, 2709, 2733, 3020, 3332, 3380, 4291, 4315, 4675, 4699, 4723, 4747, 4771, 4795, 4891, 4915, 4939, 4963, 4987, 5010, 5058, 5106, 5130, 5562, 5586, 5946]
2026-03-07 14:19:24,843 | INFO | Selecting frames for question 0_YDrJoUe8s_0 on video 0_YDrJoUe8s.mp4: frames=268 tags=4
2026-03-07 14:19:25,452 | INFO | Selected 32 frames for question 0_YDrJoUe8s_0: [815, 1534, 1558, 1606, 1630, 1654, 1966, 1990, 2013, 2037, 2061, 2085, 2109, 2133, 2757, 2805, 2829, 2853, 2877, 2901, 2925, 2949, 3692, 3716, 3764, 3788, 3812, 3836, 3860, 4843, 4867, 6041]
2026-03-07 14:19:25,452 | INFO | Selecting frames for question 0_YDrJoUe8s_1 on video 0_YDrJoUe8s.mp4: frames=268 tags=4
2026-03-07 14:19:26,057 | INFO | Selected 32 frames for question 0_YDrJoUe8s_1: [743, 815, 1534, 1558, 1606, 1630, 1654, 1966, 1990, 2013, 2037, 2061, 2085, 2109, 2133, 2757, 2805, 2829, 2853, 2901, 2925, 2949, 3788, 3812, 3836, 3860, 4627, 4675, 4843, 4867, 6041, 6089]
2026-03-07 14:19:26,057 | INFO | Selecting frames for question TFbGLEZ4qt0_0 on video TFbGLEZ4qt0.mp4: frames=295 tags=4
2026-03-07 14:19:26,779 | INFO | Selected 32 frames for question TFbGLEZ4qt0_0: [96, 528, 576, 600, 672, 696, 816, 840, 1032, 1080, 1200, 1224, 1248, 1320, 1440, 1464, 1512, 1992, 2016, 2088, 2112, 2136, 2160, 2232, 2256, 2328, 2496, 2736, 2760, 2784, 4776, 4848]
2026-03-07 14:19:26,779 | INFO | Selecting frames for question TFbGLEZ4qt0_1 on video TFbGLEZ4qt0.mp4: frames=295 tags=4
2026-03-07 14:19:27,516 | INFO | Selected 32 frames for question TFbGLEZ4qt0_1: [96, 264, 528, 576, 600, 672, 696, 816, 840, 1032, 1080, 1104, 1200, 1224, 1248, 1320, 1992, 2016, 2064, 2088, 2136, 2160, 2232, 2256, 2328, 2376, 2496, 2736, 2760, 2784, 4776, 4848]
2026-03-07 14:19:27,516 | INFO | Selecting frames for question VwZeSoYugZk_0 on video VwZeSoYugZk.mp4: frames=553 tags=4
2026-03-07 14:19:30,179 | INFO | Selected 32 frames for question VwZeSoYugZk_0: [1918, 1978, 2007, 2037, 4345, 4375, 4975, 8331, 8361, 8391, 8421, 8451, 8481, 8541, 8571, 9290, 9320, 9350, 9380, 9410, 9440, 9530, 9560, 10579, 10609, 10639, 10669, 10699, 10729, 15374, 15794, 15974]
2026-03-07 14:19:30,179 | INFO | Selecting frames for question VwZeSoYugZk_1 on video VwZeSoYugZk.mp4: frames=553 tags=4
2026-03-07 14:19:32,909 | INFO | Selected 32 frames for question VwZeSoYugZk_1: [1198, 1228, 1288, 2037, 4165, 4195, 4225, 4255, 4285, 4315, 4345, 4375, 4405, 4435, 8331, 8361, 8391, 8421, 8451, 8481, 8541, 8571, 9380, 10579, 10609, 12077, 12107, 15404, 15434, 15464, 15524, 15794]
2026-03-07 14:19:32,910 | INFO | Selecting frames for question ip8khYCMb8Y_0 on video ip8khYCMb8Y.mp4: frames=314 tags=4
2026-03-07 14:19:33,735 | INFO | Selected 32 frames for question ip8khYCMb8Y_0: [383, 455, 503, 1486, 1510, 1534, 1558, 1582, 1606, 1630, 1654, 1678, 1702, 1726, 1870, 1894, 1918, 1966, 1990, 2037, 3644, 3668, 4435, 6401, 6425, 6473, 6497, 6593, 7336, 7360, 7384, 7408]
2026-03-07 14:19:33,735 | INFO | Selecting frames for question ip8khYCMb8Y_1 on video ip8khYCMb8Y.mp4: frames=314 tags=4
2026-03-07 14:19:34,575 | INFO | Selected 32 frames for question ip8khYCMb8Y_1: [287, 311, 1294, 1342, 1366, 1414, 1438, 1462, 1774, 1966, 2685, 2709, 2733, 2781, 2805, 2829, 3284, 3380, 3428, 3476, 3548, 3716, 3932, 4171, 4747, 4771, 4891, 5154, 5274, 5370, 6593, 7096]
2026-03-07 14:19:34,576 | INFO | Selecting frames for question 8_MG-E8QlBM_0 on video 8_MG-E8QlBM.mp4: frames=268 tags=4
2026-03-07 14:19:35,158 | INFO | Selected 32 frames for question 8_MG-E8QlBM_0: [0, 25, 125, 150, 175, 200, 225, 250, 275, 300, 325, 350, 375, 400, 425, 450, 475, 500, 525, 550, 575, 600, 625, 650, 675, 700, 725, 750, 2000, 2100, 2150, 4825]
2026-03-07 14:19:35,159 | INFO | Selecting frames for question 8_MG-E8QlBM_1 on video 8_MG-E8QlBM.mp4: frames=268 tags=4
2026-03-07 14:19:35,758 | INFO | Selected 32 frames for question 8_MG-E8QlBM_1: [2700, 2725, 2750, 2775, 2800, 2825, 2850, 2875, 2900, 2925, 3000, 3025, 3175, 3600, 3625, 3650, 3675, 3700, 3725, 3750, 3775, 3800, 3825, 4075, 4100, 4125, 4150, 4175, 5575, 5600, 5625, 5700]
2026-03-07 14:19:35,758 | INFO | Selecting frames for question Lc7RikDaa30_0 on video Lc7RikDaa30.mp4: frames=191 tags=4
2026-03-07 14:19:36,060 | INFO | Selected 32 frames for question Lc7RikDaa30_0: [25, 50, 75, 125, 175, 475, 900, 925, 950, 975, 1000, 1425, 2025, 2175, 2250, 2600, 2625, 2650, 2675, 2700, 2925, 2975, 3450, 3475, 3500, 3525, 4125, 4150, 4225, 4400, 4425, 4450]
2026-03-07 14:19:36,060 | INFO | Selecting frames for question Lc7RikDaa30_1 on video Lc7RikDaa30.mp4: frames=191 tags=4
2026-03-07 14:19:36,362 | INFO | Selected 32 frames for question Lc7RikDaa30_1: [75, 125, 200, 475, 925, 950, 975, 1000, 1375, 1425, 1450, 2000, 2025, 2175, 2350, 2375, 2600, 2625, 2650, 2675, 2700, 2925, 2950, 2975, 4075, 4125, 4150, 4225, 4300, 4400, 4425, 4450]
2026-03-07 14:19:36,362 | INFO | Selecting frames for question lCvQtGVhUrc_0 on video lCvQtGVhUrc.mp4: frames=513 tags=4
2026-03-07 14:19:38,632 | INFO | Selected 32 frames for question lCvQtGVhUrc_0: [4350, 4375, 4450, 4475, 4500, 4700, 4800, 4825, 4975, 5075, 5200, 5225, 5425, 5475, 5550, 5600, 5625, 5650, 5675, 5700, 5725, 6400, 7550, 7600, 7750, 9050, 9250, 9700, 10050, 10150, 10350, 11475]
2026-03-07 14:19:38,632 | INFO | Selecting frames for question lCvQtGVhUrc_1 on video lCvQtGVhUrc.mp4: frames=513 tags=4
2026-03-07 14:19:40,920 | INFO | Selected 32 frames for question lCvQtGVhUrc_1: [50, 75, 300, 325, 800, 1225, 1325, 1475, 1525, 2400, 2650, 3225, 3250, 3400, 3475, 3500, 3525, 3625, 3650, 4575, 6375, 7825, 7875, 9225, 9950, 9975, 10050, 10150, 10350, 11575, 11725, 12250]
2026-03-07 14:19:40,920 | INFO | Selecting frames for question aoxy2e7j9Bc_0 on video aoxy2e7j9Bc.mp4: frames=307 tags=4
2026-03-07 14:19:41,719 | INFO | Selected 32 frames for question aoxy2e7j9Bc_0: [29, 59, 599, 3326, 3476, 7432, 7462, 7492, 7522, 7552, 7582, 7612, 7642, 7762, 7822, 7852, 7912, 8631, 8691, 8721, 8781, 8811, 8841, 8871, 8931, 8961, 8991, 9020, 9050, 9080, 9110, 9140]
2026-03-07 14:19:41,719 | INFO | Selecting frames for question aoxy2e7j9Bc_1 on video aoxy2e7j9Bc.mp4: frames=307 tags=4
2026-03-07 14:19:42,518 | INFO | Selected 32 frames for question aoxy2e7j9Bc_1: [839, 929, 2337, 3476, 4255, 4345, 4405, 6023, 6083, 7912, 7942, 8001, 8031, 8061, 8091, 8121, 8151, 8181, 8211, 8241, 8271, 8301, 8331, 8601, 8961, 8991, 9020, 9050, 9080, 9110, 9140, 9170]
2026-03-07 14:19:42,518 | INFO | Selecting frames for question KWv8DJMEHsE_0 on video KWv8DJMEHsE.mp4: frames=237 tags=4
2026-03-07 14:19:42,979 | INFO | Selected 32 frames for question KWv8DJMEHsE_0: [983, 1006, 1030, 1054, 1078, 1102, 1126, 1150, 1174, 1198, 1222, 3068, 3092, 3116, 3140, 3164, 3188, 3212, 3236, 3260, 3284, 3308, 3452, 3476, 3500, 3524, 3548, 3572, 3596, 3620, 3644, 4555]
2026-03-07 14:19:42,979 | INFO | Selecting frames for question KWv8DJMEHsE_1 on video KWv8DJMEHsE.mp4: frames=237 tags=4
2026-03-07 14:19:43,439 | INFO | Selected 32 frames for question KWv8DJMEHsE_1: [47, 1006, 1030, 1054, 1078, 1102, 1126, 1150, 1174, 1198, 1222, 3068, 3092, 3116, 3140, 3164, 3188, 3212, 3236, 3260, 3284, 3308, 3452, 3476, 3500, 3524, 3548, 3572, 3596, 3620, 3644, 4555]
2026-03-07 14:19:43,439 | INFO | Selecting frames for question 0WEnmqVVbHo_0 on video 0WEnmqVVbHo.mp4: frames=479 tags=4
2026-03-07 14:19:45,426 | INFO | Selected 32 frames for question 0WEnmqVVbHo_0: [779, 959, 12407, 12437, 12467, 12497, 12527, 12587, 12647, 12677, 12707, 12737, 12767, 12797, 13246, 13276, 13336, 13366, 13396, 13426, 13456, 13486, 13516, 13546, 13576, 13606, 13636, 13666, 13696, 13726, 13756, 13816]
2026-03-07 14:19:45,426 | INFO | Selecting frames for question f2-6Mh6lyQQ_0 on video f2-6Mh6lyQQ.mp4: frames=331 tags=4
2026-03-07 14:19:46,352 | INFO | Selected 32 frames for question f2-6Mh6lyQQ_0: [383, 407, 671, 695, 1270, 1294, 1414, 1486, 1606, 2013, 3860, 3980, 4003, 4027, 4507, 4531, 5250, 5658, 5682, 5754, 5970, 5994, 6353, 6377, 6425, 6449, 6545, 6569, 6593, 6617, 6641, 7336]
2026-03-07 14:19:46,352 | INFO | Selecting frames for question f2-6Mh6lyQQ_1 on video f2-6Mh6lyQQ.mp4: frames=331 tags=4
2026-03-07 14:19:47,269 | INFO | Selected 32 frames for question f2-6Mh6lyQQ_1: [1846, 1870, 1894, 1918, 1942, 1990, 2013, 2037, 2397, 3068, 3380, 3404, 3836, 3860, 3956, 3980, 4339, 4435, 4459, 4555, 4963, 4987, 5010, 5034, 5058, 5082, 5106, 5202, 5226, 5250, 5322, 5346]
2026-03-07 14:19:47,270 | INFO | Selecting frames for question uWBh0meTg08_0 on video uWBh0meTg08.mp4: frames=297 tags=4
2026-03-07 14:19:47,992 | INFO | Selected 32 frames for question uWBh0meTg08_0: [1500, 1530, 1560, 1620, 1650, 1710, 1740, 1770, 1800, 1830, 1860, 1890, 1920, 1980, 2010, 2040, 2070, 2100, 2130, 2160, 2250, 2280, 2400, 2850, 2940, 2970, 3000, 3030, 3120, 3480, 3510, 3930]
2026-03-07 14:19:47,993 | INFO | Selecting frames for question uWBh0meTg08_1 on video uWBh0meTg08.mp4: frames=297 tags=4
2026-03-07 14:19:48,714 | INFO | Selected 32 frames for question uWBh0meTg08_1: [930, 960, 990, 1080, 7200, 7230, 7260, 7290, 7320, 7350, 7380, 7410, 7440, 7470, 7500, 7560, 7620, 7650, 7770, 7800, 7830, 7890, 7920, 7980, 8010, 8070, 8100, 8130, 8160, 8220, 8250, 8280]
2026-03-07 14:19:48,715 | INFO | Selecting frames for question GawGUhl9zuQ_0 on video GawGUhl9zuQ.mp4: frames=340 tags=4
2026-03-07 14:19:49,679 | INFO | Selected 32 frames for question GawGUhl9zuQ_0: [29, 329, 419, 449, 479, 539, 569, 629, 1108, 1168, 1198, 2577, 3866, 3926, 4015, 4045, 4075, 4105, 4135, 4165, 4195, 6143, 6233, 6293, 6323, 6803, 6833, 6863, 8151, 8241, 9890, 9980]
2026-03-07 14:19:49,679 | INFO | Selecting frames for question GawGUhl9zuQ_1 on video GawGUhl9zuQ.mp4: frames=340 tags=4
2026-03-07 14:19:50,669 | INFO | Selected 32 frames for question GawGUhl9zuQ_1: [0, 59, 119, 449, 1048, 1078, 1108, 1138, 1168, 1228, 1318, 2577, 2607, 3776, 3806, 3866, 3926, 4135, 6323, 6533, 6773, 6833, 6863, 7192, 7762, 7792, 7972, 8091, 8151, 8391, 9590, 9650]
2026-03-07 14:19:50,670 | INFO | Selecting frames for question 2zZSMnGLGao_0 on video 2zZSMnGLGao.mp4: frames=463 tags=4
2026-03-07 14:19:52,528 | INFO | Selected 32 frames for question 2zZSMnGLGao_0: [2127, 5154, 5184, 5214, 5544, 5574, 6533, 6773, 7252, 7462, 7552, 7582, 7732, 7852, 7882, 7942, 7972, 8061, 8091, 8121, 8151, 8211, 8241, 8271, 8301, 8331, 8361, 8391, 8421, 8451, 8481, 8661]
2026-03-07 14:19:52,528 | INFO | Selecting frames for question 2zZSMnGLGao_1 on video 2zZSMnGLGao.mp4: frames=463 tags=4
2026-03-07 14:19:54,414 | INFO | Selected 32 frames for question 2zZSMnGLGao_1: [3776, 5754, 6053, 6203, 6233, 6773, 7792, 7852, 7882, 7942, 7972, 8001, 8031, 8061, 8091, 8121, 8151, 8211, 8241, 8271, 8301, 8331, 8361, 8391, 8421, 8451, 8481, 8631, 8691, 8721, 8781, 8841]
2026-03-07 14:19:54,414 | INFO | Selecting frames for question T57jVsvVVR0_0 on video T57jVsvVVR0.mp4: frames=263 tags=4
2026-03-07 14:19:54,990 | INFO | Selected 32 frames for question T57jVsvVVR0_0: [675, 700, 750, 800, 825, 850, 875, 900, 1125, 1175, 1325, 1925, 1950, 2000, 2025, 2200, 2225, 2425, 2450, 2475, 2500, 2525, 2825, 3475, 3550, 4075, 4125, 4150, 5025, 5700, 5900, 5950]
2026-03-07 14:19:54,990 | INFO | Selecting frames for question mkqgTAe2_O4_0 on video mkqgTAe2_O4.mp4: frames=520 tags=4
2026-03-07 14:19:57,382 | INFO | Selected 32 frames for question mkqgTAe2_O4_0: [1728, 1752, 1776, 1872, 2160, 2232, 2280, 2304, 2328, 2352, 2376, 2448, 2496, 2640, 2664, 5280, 6216, 6240, 6312, 6360, 6384, 6408, 6696, 6720, 6768, 6792, 6816, 8832, 8856, 8880, 9216, 10344]
2026-03-07 14:19:57,382 | INFO | Selecting frames for question mkqgTAe2_O4_1 on video mkqgTAe2_O4.mp4: frames=520 tags=4
2026-03-07 14:19:59,738 | INFO | Selected 32 frames for question mkqgTAe2_O4_1: [1728, 1752, 1776, 1800, 1824, 2088, 2160, 2184, 2280, 2328, 2352, 2376, 2448, 2472, 2568, 2664, 2856, 2880, 4872, 4896, 5112, 6696, 6720, 6744, 6768, 6792, 8832, 9192, 9216, 9240, 10320, 10344]
2026-03-07 14:19:59,738 | INFO | Selecting frames for question lQODAJ_F5yE_0 on video lQODAJ_F5yE.mp4: frames=258 tags=4
2026-03-07 14:20:00,291 | INFO | Selected 32 frames for question lQODAJ_F5yE_0: [215, 239, 287, 2973, 3116, 3140, 3164, 3188, 3236, 3260, 5226, 5322, 5346, 5370, 5394, 5418, 5442, 5466, 5490, 5514, 5538, 5634, 5946, 5970, 5994, 6017, 6041, 6065, 6089, 6113, 6137, 6161]
2026-03-07 14:20:00,291 | INFO | Selecting frames for question lQODAJ_F5yE_1 on video lQODAJ_F5yE.mp4: frames=258 tags=4
2026-03-07 14:20:00,842 | INFO | Selected 32 frames for question lQODAJ_F5yE_1: [863, 887, 959, 983, 1006, 1030, 1438, 1894, 1918, 1942, 1966, 2469, 2517, 3116, 3140, 3164, 3188, 3956, 3980, 4027, 4051, 4075, 5226, 5250, 5322, 5394, 5466, 5490, 5538, 5634, 5946, 6065]
2026-03-07 14:20:00,843 | INFO | Selecting frames for question zkmoxOKhpvk_0 on video zkmoxOKhpvk.mp4: frames=541 tags=4
2026-03-07 14:20:03,406 | INFO | Selected 32 frames for question zkmoxOKhpvk_0: [270, 300, 330, 390, 420, 450, 480, 10200, 10290, 10320, 10350, 10380, 10410, 10440, 10470, 10500, 12390, 12420, 12450, 12480, 12720, 12750, 12780, 12810, 12840, 12870, 12900, 12930, 12960, 12990, 13020, 13050]
2026-03-07 14:20:03,407 | INFO | Selecting frames for question zkmoxOKhpvk_1 on video zkmoxOKhpvk.mp4: frames=541 tags=4
2026-03-07 14:20:06,032 | INFO | Selected 32 frames for question zkmoxOKhpvk_1: [780, 3990, 4020, 4050, 4200, 4530, 4620, 4650, 4680, 4710, 4800, 4920, 4950, 4980, 5010, 5040, 5070, 5130, 5160, 5190, 5220, 5250, 5280, 5310, 5340, 5370, 5550, 5970, 6780, 6810, 6960, 7020]
2026-03-07 14:20:06,032 | INFO | Selecting frames for question fp1r40w_PtA_0 on video fp1r40w_PtA.mp4: frames=402 tags=4
2026-03-07 14:20:07,433 | INFO | Selected 32 frames for question fp1r40w_PtA_0: [527, 551, 647, 4243, 4267, 4291, 4315, 4747, 4771, 4795, 4819, 4843, 4867, 4891, 4915, 4939, 5370, 5394, 5418, 6641, 6665, 6905, 6929, 6953, 8055, 8079, 8103, 8127, 8151, 8175, 8199, 8223]
2026-03-07 14:20:07,433 | INFO | Selecting frames for question fp1r40w_PtA_1 on video fp1r40w_PtA.mp4: frames=402 tags=4
2026-03-07 14:20:08,853 | INFO | Selected 32 frames for question fp1r40w_PtA_1: [1318, 1342, 1366, 1390, 1414, 1438, 1462, 5034, 5082, 5106, 5130, 6137, 6161, 6185, 6209, 6233, 6257, 6281, 6305, 6329, 6353, 6377, 7648, 7672, 7696, 7720, 7744, 7768, 7792, 7816, 7840, 7864]
2026-03-07 14:20:08,853 | INFO | Selecting frames for question Aw1_7wSaeKk_0 on video Aw1_7wSaeKk.mp4: frames=222 tags=4
2026-03-07 14:20:09,260 | INFO | Selected 32 frames for question Aw1_7wSaeKk_0: [0, 30, 60, 90, 120, 150, 180, 210, 240, 270, 300, 330, 360, 390, 420, 450, 480, 510, 540, 570, 600, 630, 660, 690, 720, 750, 780, 810, 840, 2220, 2250, 3300]
2026-03-07 14:20:09,261 | INFO | Selecting frames for question Aw1_7wSaeKk_1 on video Aw1_7wSaeKk.mp4: frames=222 tags=4
2026-03-07 14:20:09,667 | INFO | Selected 32 frames for question Aw1_7wSaeKk_1: [0, 30, 60, 90, 120, 150, 180, 210, 240, 270, 300, 870, 900, 930, 960, 990, 1020, 1050, 1080, 1110, 1140, 1170, 1200, 1230, 1260, 2220, 2250, 3180, 3210, 3240, 3300, 3330]
2026-03-07 14:20:09,668 | INFO | Selecting frames for question DRIpznER-VQ_0 on video DRIpznER-VQ.mp4: frames=308 tags=4
2026-03-07 14:20:10,475 | INFO | Selected 32 frames for question DRIpznER-VQ_0: [335, 407, 503, 527, 551, 575, 599, 2133, 2157, 2181, 2277, 2349, 3068, 3524, 3548, 3788, 3812, 4267, 4363, 4627, 4675, 4699, 5538, 5562, 5586, 5682, 6353, 6377, 6401, 6425, 6449, 7168]
2026-03-07 14:20:10,475 | INFO | Selecting frames for question iJgh2dnudIU_0 on video iJgh2dnudIU.mp4: frames=349 tags=4
2026-03-07 14:20:11,514 | INFO | Selected 32 frames for question iJgh2dnudIU_0: [1030, 1078, 1102, 2373, 2829, 3164, 4339, 4363, 4387, 4411, 4435, 4675, 4795, 5082, 5106, 5130, 5178, 5346, 5394, 5418, 5442, 5970, 5994, 6017, 6041, 6305, 6521, 6761, 6809, 7600, 7624, 7648]
2026-03-07 14:20:11,514 | INFO | Selecting frames for question iJgh2dnudIU_1 on video iJgh2dnudIU.mp4: frames=349 tags=4
2026-03-07 14:20:12,560 | INFO | Selected 32 frames for question iJgh2dnudIU_1: [1030, 1102, 1918, 2637, 2685, 2829, 3164, 3236, 4363, 4387, 4411, 4795, 4963, 4987, 5010, 5082, 5178, 5466, 5562, 5586, 5658, 5970, 6017, 6041, 7360, 7384, 7408, 7576, 7624, 7648, 7672, 7696]
2026-03-07 14:20:12,560 | INFO | Selecting frames for question ze66pbJYr18_0 on video ze66pbJYr18.mp4: frames=388 tags=4
2026-03-07 14:20:13,867 | INFO | Selected 32 frames for question ze66pbJYr18_0: [629, 659, 719, 1408, 1438, 1468, 4885, 8751, 8781, 8811, 8841, 8871, 8901, 8931, 8961, 8991, 9020, 9050, 9080, 9110, 9140, 9170, 9200, 9230, 9260, 9290, 9320, 9350, 9380, 9410, 9440, 9470]
2026-03-07 14:20:13,867 | INFO | Selecting frames for question ze66pbJYr18_1 on video ze66pbJYr18.mp4: frames=388 tags=4
2026-03-07 14:20:15,140 | INFO | Selected 32 frames for question ze66pbJYr18_1: [29, 329, 359, 389, 419, 449, 599, 3986, 5844, 5874, 5904, 5934, 5964, 5994, 6023, 6053, 6083, 6113, 6143, 6173, 6203, 6233, 6653, 11088, 11118, 11148, 11178, 11208, 11418, 11448, 11478, 11508]
2026-03-07 14:20:15,141 | INFO | Selecting frames for question AjF13uKVQa0_0 on video AjF13uKVQa0.mp4: frames=579 tags=4
2026-03-07 14:20:18,053 | INFO | Selected 32 frames for question AjF13uKVQa0_0: [1725, 1750, 1825, 2050, 2425, 2450, 2550, 7850, 7875, 7925, 7950, 8300, 8325, 8350, 8375, 8400, 8800, 8825, 8950, 9000, 9150, 9225, 9300, 9350, 9500, 9550, 9625, 9675, 9775, 10275, 10300, 11450]
2026-03-07 14:20:18,054 | INFO | Selecting frames for question AjF13uKVQa0_1 on video AjF13uKVQa0.mp4: frames=579 tags=4
2026-03-07 14:20:21,001 | INFO | Selected 32 frames for question AjF13uKVQa0_1: [7925, 8300, 8325, 8350, 8375, 8400, 8925, 8950, 8975, 9000, 9100, 9125, 9150, 9175, 9225, 9300, 9350, 9400, 9425, 9450, 9475, 9500, 9525, 9550, 9625, 9650, 9675, 9700, 9725, 9750, 9775, 9900]
2026-03-07 14:20:21,001 | INFO | Selecting frames for question X29dPzJIMbA_0 on video X29dPzJIMbA.mp4: frames=209 tags=4
2026-03-07 14:20:21,356 | INFO | Selected 32 frames for question X29dPzJIMbA_0: [149, 809, 2757, 2907, 3386, 3416, 3446, 3476, 3506, 3956, 3986, 4015, 4045, 4075, 4105, 4135, 4165, 4435, 4465, 4495, 4645, 4675, 4735, 4765, 4795, 5154, 5184, 5214, 5814, 5904, 5934, 5964]
2026-03-07 14:20:21,356 | INFO | Selecting frames for question X29dPzJIMbA_1 on video X29dPzJIMbA.mp4: frames=209 tags=4
2026-03-07 14:20:21,712 | INFO | Selected 32 frames for question X29dPzJIMbA_1: [0, 149, 449, 479, 929, 1288, 1318, 1348, 2097, 2637, 2667, 2907, 3536, 3566, 3596, 3626, 3656, 3866, 4165, 4225, 4255, 4795, 4915, 4945, 4975, 5004, 5244, 5274, 5304, 5334, 5364, 5694]
2026-03-07 14:20:21,712 | INFO | Selecting frames for question WM78_KqcrSY_0 on video WM78_KqcrSY.mp4: frames=490 tags=4
2026-03-07 14:20:23,784 | INFO | Selected 32 frames for question WM78_KqcrSY_0: [3570, 3600, 3630, 3660, 3690, 3720, 3750, 3780, 3810, 3840, 3870, 3900, 3930, 3960, 3990, 6900, 6930, 6960, 6990, 7020, 7050, 7080, 7110, 7140, 7170, 7200, 12870, 12900, 12930, 12960, 12990, 13020]
2026-03-07 14:20:23,784 | INFO | Selecting frames for question WM78_KqcrSY_1 on video WM78_KqcrSY.mp4: frames=490 tags=4
2026-03-07 14:20:25,845 | INFO | Selected 32 frames for question WM78_KqcrSY_1: [6780, 6810, 6840, 6870, 6900, 6930, 6960, 6990, 7020, 7050, 7080, 7110, 7140, 7170, 7200, 7440, 7470, 7500, 7530, 7560, 7590, 7620, 7650, 7680, 7710, 7740, 7770, 7800, 7830, 7860, 11130, 11160]
2026-03-07 14:20:25,845 | INFO | Selecting frames for question F8Ma1qs0Rkg_0 on video F8Ma1qs0Rkg.mp4: frames=494 tags=4
2026-03-07 14:20:27,958 | INFO | Selected 32 frames for question F8Ma1qs0Rkg_0: [875, 950, 1075, 1400, 2975, 3100, 3275, 3575, 4775, 5275, 5350, 5500, 5900, 5950, 6075, 6225, 7700, 8425, 8625, 9375, 9400, 9700, 9800, 9825, 10125, 10200, 10250, 10425, 11000, 11725, 11750, 12050]
2026-03-07 14:20:27,958 | INFO | Selecting frames for question F8Ma1qs0Rkg_1 on video F8Ma1qs0Rkg.mp4: frames=494 tags=4
2026-03-07 14:20:30,076 | INFO | Selected 32 frames for question F8Ma1qs0Rkg_1: [3800, 5725, 5900, 7700, 9700, 9725, 10125, 10200, 10500, 11200, 11225, 11275, 11300, 11350, 11375, 11400, 11425, 11450, 11475, 11550, 11600, 11625, 11650, 11700, 11750, 11800, 11825, 11850, 11875, 11925, 11975, 12000]
2026-03-07 14:20:30,077 | INFO | Selecting frames for question AYMdAVxALP4_0 on video AYMdAVxALP4.mp4: frames=379 tags=4
2026-03-07 14:20:31,271 | INFO | Selected 32 frames for question AYMdAVxALP4_0: [29, 179, 329, 359, 389, 419, 449, 479, 509, 539, 1438, 1678, 2367, 2397, 2427, 2457, 2487, 2517, 2547, 2577, 2607, 2847, 3356, 3866, 3896, 5454, 5814, 5844, 5934, 6353, 9380, 9410]
2026-03-07 14:20:31,271 | INFO | Selecting frames for question AYMdAVxALP4_1 on video AYMdAVxALP4.mp4: frames=379 tags=4
2026-03-07 14:20:32,486 | INFO | Selected 32 frames for question AYMdAVxALP4_1: [749, 779, 3296, 3326, 5424, 7042, 7072, 7102, 7192, 7612, 7642, 7672, 7702, 7972, 8001, 8031, 8061, 8091, 8121, 8151, 8181, 8211, 8241, 8271, 8301, 8331, 8751, 8781, 8811, 8871, 8931, 10069]
2026-03-07 14:20:32,486 | INFO | Selecting frames for question cc0T2vtuJtc_0 on video cc0T2vtuJtc.mp4: frames=246 tags=4
2026-03-07 14:20:32,979 | INFO | Selected 32 frames for question cc0T2vtuJtc_0: [180, 2430, 2460, 2490, 2520, 2550, 2610, 2640, 2670, 2880, 3420, 3480, 3540, 3570, 3600, 3630, 3660, 3750, 3990, 4050, 4080, 4110, 4440, 4740, 4770, 4800, 4830, 4860, 4890, 4950, 4980, 5010]
2026-03-07 14:20:32,980 | INFO | Selecting frames for question cc0T2vtuJtc_1 on video cc0T2vtuJtc.mp4: frames=246 tags=4
2026-03-07 14:20:33,476 | INFO | Selected 32 frames for question cc0T2vtuJtc_1: [420, 450, 480, 510, 630, 660, 690, 720, 750, 2100, 2220, 2280, 2340, 2400, 2430, 2460, 2520, 2940, 2970, 3000, 3090, 3150, 3330, 3450, 3480, 3510, 4440, 5250, 5520, 5550, 5580, 6870]
2026-03-07 14:20:33,477 | INFO | Selecting frames for question WmrwQMFZLqI_0 on video WmrwQMFZLqI.mp4: frames=504 tags=4
2026-03-07 14:20:35,677 | INFO | Selected 32 frames for question WmrwQMFZLqI_0: [3068, 3116, 3140, 3164, 3308, 3332, 3356, 3380, 3404, 3428, 3884, 3908, 3932, 3956, 3980, 4003, 4867, 4939, 5298, 5442, 5562, 5826, 5850, 5874, 5898, 6137, 8559, 8583, 8679, 8703, 8751, 8775]
2026-03-07 14:20:35,677 | INFO | Selecting frames for question WmrwQMFZLqI_1 on video WmrwQMFZLqI.mp4: frames=504 tags=4
2026-03-07 14:20:37,902 | INFO | Selected 32 frames for question WmrwQMFZLqI_1: [767, 1174, 1486, 1582, 2133, 4315, 4891, 4915, 6329, 6377, 6401, 6449, 6473, 6497, 6521, 6545, 6569, 6593, 6617, 6665, 6881, 6905, 6929, 7024, 7048, 7072, 7144, 7168, 7192, 7384, 8583, 11052]
2026-03-07 14:20:37,902 | INFO | Selecting frames for question 6Lb1PyJxVQM_0 on video 6Lb1PyJxVQM.mp4: frames=394 tags=4
2026-03-07 14:20:39,198 | INFO | Selected 32 frames for question 6Lb1PyJxVQM_0: [0, 431, 671, 863, 887, 911, 959, 1006, 1030, 1054, 1078, 1102, 1342, 1366, 1390, 1414, 1438, 1462, 1510, 1750, 1774, 1798, 1822, 1846, 1870, 9278, 9302, 9326, 9350, 9374, 9398, 9422]
2026-03-07 14:20:39,198 | INFO | Selecting frames for question 6Lb1PyJxVQM_1 on video 6Lb1PyJxVQM.mp4: frames=394 tags=4
2026-03-07 14:20:40,522 | INFO | Selected 32 frames for question 6Lb1PyJxVQM_1: [3020, 3932, 4075, 5034, 7216, 7240, 7312, 7360, 7648, 7696, 7720, 7744, 7792, 7816, 7840, 7864, 7984, 8103, 8175, 8199, 8223, 8247, 8439, 8511, 8559, 8607, 8631, 8655, 8679, 8703, 8727, 8775]
2026-03-07 14:20:40,522 | INFO | Selecting frames for question BtaVRhoLpC0_0 on video BtaVRhoLpC0.mp4: frames=190 tags=4
2026-03-07 14:20:40,808 | INFO | Selected 32 frames for question BtaVRhoLpC0_0: [0, 425, 650, 800, 825, 950, 975, 1025, 1075, 1100, 1125, 1375, 1550, 1575, 1600, 1625, 1650, 1725, 1750, 1775, 1850, 1900, 1950, 1975, 2000, 2025, 2050, 2075, 2100, 2125, 2150, 2350]
2026-03-07 14:20:40,808 | INFO | Selecting frames for question BtaVRhoLpC0_1 on video BtaVRhoLpC0.mp4: frames=190 tags=4
2026-03-07 14:20:41,097 | INFO | Selected 32 frames for question BtaVRhoLpC0_1: [25, 50, 100, 125, 150, 200, 225, 250, 275, 300, 325, 500, 525, 550, 575, 600, 625, 975, 1175, 1225, 1300, 1350, 1375, 3975, 4025, 4100, 4175, 4200, 4225, 4250, 4275, 4300]
2026-03-07 14:20:41,097 | INFO | Selecting frames for question ozpGTw6DrXs_0 on video ozpGTw6DrXs.mp4: frames=495 tags=4
2026-03-07 14:20:43,226 | INFO | Selected 32 frames for question ozpGTw6DrXs_0: [0, 29, 59, 89, 119, 149, 1738, 1828, 3296, 3326, 3356, 3716, 3746, 3776, 5724, 5754, 5784, 6083, 6983, 7372, 9350, 9380, 9500, 9680, 13066, 13456, 13546, 14625, 14655, 14685, 14715, 14805]
2026-03-07 14:20:43,226 | INFO | Selecting frames for question ozpGTw6DrXs_1 on video ozpGTw6DrXs.mp4: frames=495 tags=4
2026-03-07 14:20:45,349 | INFO | Selected 32 frames for question ozpGTw6DrXs_1: [869, 2517, 4015, 4135, 4525, 4555, 4585, 4615, 4645, 4675, 4885, 5274, 5364, 6803, 7252, 7282, 7312, 7342, 9170, 9200, 9230, 9320, 9380, 9500, 9920, 10009, 10639, 10729, 10939, 10999, 11118, 13876]
2026-03-07 14:20:45,350 | INFO | Selecting frames for question XR3Ov2nQ39s_0 on video XR3Ov2nQ39s.mp4: frames=591 tags=4
2026-03-07 14:20:48,414 | INFO | Selected 32 frames for question XR3Ov2nQ39s_0: [1290, 3210, 3270, 3300, 3330, 3360, 3390, 3420, 3450, 9990, 10020, 10050, 10080, 10110, 10140, 10320, 10350, 10380, 10440, 10470, 12120, 12150, 12180, 12210, 12360, 17370, 17490, 17520, 17580, 17610, 17640, 17670]
2026-03-07 14:20:48,414 | INFO | Selecting frames for question XR3Ov2nQ39s_1 on video XR3Ov2nQ39s.mp4: frames=591 tags=4
2026-03-07 14:20:51,483 | INFO | Selected 32 frames for question XR3Ov2nQ39s_1: [1290, 3270, 3390, 3420, 3450, 6720, 6750, 6780, 6810, 7860, 9240, 9630, 9660, 9990, 10020, 10050, 10320, 10350, 10380, 10410, 10440, 10470, 10860, 10980, 11430, 12120, 12150, 12180, 12210, 14040, 15780, 17370]
2026-03-07 14:20:51,483 | INFO | Selecting frames for question _qepWb_NVj4_0 on video _qepWb_NVj4.mp4: frames=460 tags=4
2026-03-07 14:20:53,309 | INFO | Selected 32 frames for question _qepWb_NVj4_0: [389, 2277, 2997, 3386, 4015, 4045, 4105, 4255, 4315, 4345, 4375, 4405, 4435, 5664, 6053, 6203, 7372, 7432, 7492, 7522, 7552, 8901, 9980, 10009, 10369, 10399, 10969, 11028, 11208, 11238, 11268, 12737]
2026-03-07 14:20:53,309 | INFO | Selecting frames for question _qepWb_NVj4_1 on video _qepWb_NVj4.mp4: frames=460 tags=4
2026-03-07 14:20:55,137 | INFO | Selected 32 frames for question _qepWb_NVj4_1: [3386, 4075, 4255, 4285, 4315, 4345, 4375, 4405, 7672, 7702, 7732, 9590, 9620, 9650, 9980, 10009, 10339, 10369, 10399, 10489, 10519, 10549, 10609, 10639, 10669, 10699, 10729, 11238, 11268, 13096, 13216, 13246]
2026-03-07 14:20:55,138 | INFO | Selecting frames for question z6HTO2SOxUc_0 on video z6HTO2SOxUc.mp4: frames=277 tags=4
2026-03-07 14:20:55,776 | INFO | Selected 32 frames for question z6HTO2SOxUc_0: [647, 887, 959, 1534, 1558, 1870, 2205, 2229, 2253, 2301, 2325, 2349, 2925, 3020, 3236, 3260, 3836, 3908, 3932, 3956, 4123, 4267, 4315, 4651, 4747, 5322, 5370, 5466, 5658, 5754, 5802, 5922]
2026-03-07 14:20:55,777 | INFO | Selecting frames for question z6HTO2SOxUc_1 on video z6HTO2SOxUc.mp4: frames=277 tags=4
2026-03-07 14:20:56,418 | INFO | Selected 32 frames for question z6HTO2SOxUc_1: [71, 95, 143, 167, 359, 383, 407, 431, 455, 503, 887, 5514, 5634, 5658, 5754, 5802, 5826, 5850, 5874, 5898, 5922, 5946, 5970, 6041, 6089, 6329, 6377, 6401, 6425, 6449, 6473, 6497]
2026-03-07 14:20:56,419 | INFO | Selecting frames for question Jaw7eWzgWr0_0 on video Jaw7eWzgWr0.mp4: frames=248 tags=4
2026-03-07 14:20:56,925 | INFO | Selected 32 frames for question Jaw7eWzgWr0_0: [551, 575, 599, 623, 2637, 3524, 4843, 4867, 4891, 4915, 4939, 4963, 5010, 5034, 5058, 5082, 5106, 5130, 5154, 5178, 5202, 5226, 5274, 5298, 5322, 5346, 5418, 5442, 5466, 5586, 5610, 5634]
2026-03-07 14:20:56,925 | INFO | Selecting frames for question Jaw7eWzgWr0_1 on video Jaw7eWzgWr0.mp4: frames=248 tags=4
2026-03-07 14:20:57,428 | INFO | Selected 32 frames for question Jaw7eWzgWr0_1: [551, 575, 599, 623, 959, 1558, 1582, 1606, 1630, 1654, 2445, 2469, 2493, 2517, 2613, 2637, 3500, 3524, 3548, 3572, 3596, 4963, 4987, 5058, 5082, 5106, 5130, 5154, 5178, 5202, 5418, 5466]
2026-03-07 14:20:57,428 | INFO | Selecting frames for question 9m4wi5gPdHg_0 on video 9m4wi5gPdHg.mp4: frames=302 tags=4
2026-03-07 14:20:58,179 | INFO | Selected 32 frames for question 9m4wi5gPdHg_0: [0, 216, 648, 672, 1080, 1104, 1128, 1152, 1176, 1200, 1224, 1248, 2112, 2136, 2160, 2184, 2208, 2232, 2256, 2280, 4248, 4344, 4368, 4392, 4416, 4440, 4464, 4488, 5712, 6000, 6024, 6048]
2026-03-07 14:20:58,179 | INFO | Selecting frames for question 9m4wi5gPdHg_1 on video 9m4wi5gPdHg.mp4: frames=302 tags=4
2026-03-07 14:20:58,938 | INFO | Selected 32 frames for question 9m4wi5gPdHg_1: [216, 936, 960, 984, 1008, 1200, 2136, 2160, 3264, 3288, 3312, 3336, 3360, 3384, 4392, 4416, 4440, 4464, 4488, 4776, 5184, 5232, 5472, 5496, 5520, 5544, 5712, 5736, 5760, 5784, 5808, 6840]
2026-03-07 14:20:58,938 | INFO | Selecting frames for question a_8G0PzVFbc_0 on video a_8G0PzVFbc.mp4: frames=532 tags=4
2026-03-07 14:21:01,417 | INFO | Selected 32 frames for question a_8G0PzVFbc_0: [311, 1678, 1822, 1846, 1942, 1966, 2013, 2037, 2061, 2973, 3068, 3092, 3116, 3308, 3332, 10237, 10285, 10309, 10333, 10357, 10381, 10429, 10453, 10621, 10669, 10693, 10717, 10741, 10765, 12083, 12131, 12155]
2026-03-07 14:21:01,417 | INFO | Selecting frames for question a_8G0PzVFbc_1 on video a_8G0PzVFbc.mp4: frames=532 tags=4
2026-03-07 14:21:03,857 | INFO | Selected 32 frames for question a_8G0PzVFbc_1: [1318, 1342, 1366, 1390, 1414, 1438, 1462, 1510, 1582, 1606, 1630, 1654, 1678, 1702, 1726, 2445, 2469, 2493, 2517, 2541, 2565, 2589, 2613, 2637, 2661, 2973, 3116, 3476, 10237, 10285, 10309, 10333]
2026-03-07 14:21:03,857 | INFO | Selecting frames for question 97nEBjiQI1M_0 on video 97nEBjiQI1M.mp4: frames=381 tags=4
2026-03-07 14:21:05,078 | INFO | Selected 32 frames for question 97nEBjiQI1M_0: [25, 50, 75, 100, 200, 250, 275, 300, 600, 3225, 3450, 3475, 3500, 3875, 3925, 3950, 4000, 4025, 4050, 4100, 4125, 4200, 4225, 4250, 4350, 4400, 5575, 5600, 7075, 7350, 7475, 7550]
2026-03-07 14:21:05,078 | INFO | Selecting frames for question 97nEBjiQI1M_1 on video 97nEBjiQI1M.mp4: frames=381 tags=4
2026-03-07 14:21:06,313 | INFO | Selected 32 frames for question 97nEBjiQI1M_1: [2025, 2075, 2100, 2650, 2675, 2700, 2725, 2750, 2775, 2800, 2825, 2850, 2875, 2900, 2925, 2950, 2975, 3000, 3025, 3050, 3075, 3100, 3125, 3150, 3175, 3200, 5475, 5500, 6200, 6425, 6450, 8075]
2026-03-07 14:21:06,314 | INFO | Selecting frames for question KlZpZVphLrc_0 on video KlZpZVphLrc.mp4: frames=341 tags=4
2026-03-07 14:21:07,301 | INFO | Selected 32 frames for question KlZpZVphLrc_0: [1200, 5425, 5575, 5600, 5625, 5775, 5975, 6050, 7725, 7750, 7775, 7825, 7850, 7900, 7925, 7975, 8000, 8025, 8050, 8075, 8100, 8125, 8150, 8175, 8200, 8225, 8250, 8275, 8300, 8325, 8350, 8400]
2026-03-07 14:21:07,302 | INFO | Selecting frames for question KlZpZVphLrc_1 on video KlZpZVphLrc.mp4: frames=341 tags=4
2026-03-07 14:21:08,272 | INFO | Selected 32 frames for question KlZpZVphLrc_1: [0, 25, 50, 100, 125, 5375, 5425, 5600, 5725, 5825, 5850, 6175, 6725, 6750, 6775, 6825, 6850, 6875, 6900, 6925, 8075, 8125, 8150, 8175, 8200, 8225, 8250, 8275, 8300, 8325, 8350, 8475]
2026-03-07 14:21:08,272 | INFO | Selecting frames for question AxciimuEZAc_0 on video AxciimuEZAc.mp4: frames=254 tags=4
2026-03-07 14:21:08,800 | INFO | Selected 32 frames for question AxciimuEZAc_0: [143, 167, 191, 215, 239, 1174, 1198, 1222, 1246, 1270, 1462, 1798, 1822, 1846, 1870, 1894, 1918, 1942, 3692, 4171, 4195, 4219, 4699, 4723, 4747, 4771, 4795, 5418, 5442, 5466, 5490, 5514]
2026-03-07 14:21:08,801 | INFO | Selecting frames for question AxciimuEZAc_1 on video AxciimuEZAc.mp4: frames=254 tags=4
2026-03-07 14:21:09,326 | INFO | Selected 32 frames for question AxciimuEZAc_1: [143, 167, 215, 1174, 1198, 1222, 1246, 1270, 1462, 1822, 3020, 3044, 3092, 3308, 3596, 3620, 3644, 4651, 4675, 4699, 4723, 4747, 4771, 5418, 5442, 5466, 5490, 5514, 5562, 5586, 5610, 5706]
2026-03-07 14:21:09,326 | INFO | Selecting frames for question kk-iRzLv81o_0 on video kk-iRzLv81o.mp4: frames=447 tags=4
2026-03-07 14:21:11,049 | INFO | Selected 32 frames for question kk-iRzLv81o_0: [1872, 1920, 1944, 1968, 1992, 2016, 2040, 2064, 2760, 2784, 6696, 6720, 6744, 6768, 6792, 6912, 6936, 6960, 6984, 7008, 7032, 7056, 7080, 7104, 7128, 7152, 7176, 7200, 7224, 7248, 7392, 9720]
2026-03-07 14:21:11,049 | INFO | Selecting frames for question kk-iRzLv81o_1 on video kk-iRzLv81o.mp4: frames=447 tags=4
2026-03-07 14:21:12,792 | INFO | Selected 32 frames for question kk-iRzLv81o_1: [3000, 3024, 3048, 3072, 3096, 3120, 3144, 3168, 3192, 3384, 3408, 3432, 3456, 3480, 3504, 3528, 3552, 3576, 3600, 3624, 3648, 7896, 7968, 8232, 8760, 9000, 9024, 9072, 9120, 9168, 9192, 9216]
2026-03-07 14:21:12,792 | INFO | Selecting frames for question Fo97qfO-9_g_0 on video Fo97qfO-9_g.mp4: frames=451 tags=4
2026-03-07 14:21:14,532 | INFO | Selected 32 frames for question Fo97qfO-9_g_0: [0, 1288, 1318, 5694, 5724, 5754, 5784, 5844, 5874, 5904, 5934, 5964, 5994, 7282, 7312, 7342, 7372, 7402, 7432, 8031, 8061, 8091, 8121, 10369, 10399, 10429, 10459, 10489, 10519, 10819, 10849, 10879]
2026-03-07 14:21:14,532 | INFO | Selecting frames for question Fo97qfO-9_g_1 on video Fo97qfO-9_g.mp4: frames=451 tags=4
2026-03-07 14:21:16,305 | INFO | Selected 32 frames for question Fo97qfO-9_g_1: [1288, 1318, 5694, 5724, 5754, 5784, 5814, 5844, 5874, 5904, 5934, 5964, 5994, 7282, 7312, 7342, 7372, 7402, 7432, 8031, 8061, 8091, 8121, 10369, 10399, 10429, 10459, 10489, 10519, 10819, 10849, 10879]
2026-03-07 14:21:16,305 | INFO | Selecting frames for question qbA42wQoWAs_0 on video qbA42wQoWAs.mp4: frames=454 tags=4
2026-03-07 14:21:18,084 | INFO | Selected 32 frames for question qbA42wQoWAs_0: [2541, 2565, 2589, 3404, 3812, 4123, 4147, 4171, 4195, 4219, 4267, 4291, 4315, 4339, 4363, 4387, 4411, 4435, 4459, 4507, 4531, 4555, 4579, 4603, 4723, 4939, 4987, 5058, 5130, 5178, 5202, 6641]
2026-03-07 14:21:18,085 | INFO | Selecting frames for question qbA42wQoWAs_1 on video qbA42wQoWAs.mp4: frames=454 tags=4
2026-03-07 14:21:19,873 | INFO | Selected 32 frames for question qbA42wQoWAs_1: [7528, 8319, 8343, 8367, 8391, 8463, 8559, 8631, 8775, 8799, 8823, 8847, 8871, 8895, 8919, 8943, 8967, 8991, 9014, 9062, 9158, 9878, 9926, 9950, 9974, 10021, 10045, 10069, 10093, 10117, 10165, 10261]
2026-03-07 14:21:19,873 | INFO | Selecting frames for question lojHyp1k0gE_0 on video lojHyp1k0gE.mp4: frames=466 tags=4
2026-03-07 14:21:21,786 | INFO | Selected 32 frames for question lojHyp1k0gE_0: [2133, 3524, 3548, 3572, 3596, 3620, 3644, 3668, 3740, 3764, 3788, 3812, 3836, 3860, 3884, 3908, 3932, 3956, 3980, 4003, 4099, 4123, 4147, 4171, 4195, 4603, 4627, 4675, 4723, 4987, 5034, 5130]
2026-03-07 14:21:21,787 | INFO | Selecting frames for question lojHyp1k0gE_1 on video lojHyp1k0gE.mp4: frames=466 tags=4
2026-03-07 14:21:23,686 | INFO | Selected 32 frames for question lojHyp1k0gE_1: [5202, 5250, 5298, 5346, 5394, 5418, 5850, 6785, 6809, 6833, 6857, 6881, 6905, 6929, 6953, 6977, 7000, 7024, 8895, 8919, 8943, 9230, 9254, 9278, 9302, 9326, 9350, 9374, 9398, 9422, 10525, 10549]
2026-03-07 14:21:23,686 | INFO | Selecting frames for question gtX_oRpLClY_0 on video gtX_oRpLClY.mp4: frames=236 tags=4
2026-03-07 14:21:24,144 | INFO | Selected 32 frames for question gtX_oRpLClY_0: [360, 840, 1230, 1620, 1770, 1920, 1950, 1980, 2010, 2040, 2790, 2880, 2910, 3510, 3840, 3990, 4320, 4620, 4740, 5580, 5760, 5790, 5910, 5940, 6030, 6210, 6570, 6630, 6660, 6810, 6840, 6900]
2026-03-07 14:21:24,144 | INFO | Selecting frames for question UN3ICsfqKEY_0 on video UN3ICsfqKEY.mp4: frames=518 tags=4
2026-03-07 14:21:26,479 | INFO | Selected 32 frames for question UN3ICsfqKEY_0: [3596, 4495, 4585, 5304, 5334, 5364, 5454, 5514, 5544, 5634, 5754, 5874, 5904, 5934, 5964, 5994, 6023, 6053, 6113, 6143, 6233, 6263, 6473, 6533, 6923, 7372, 7402, 8031, 8061, 8781, 9170, 9590]
2026-03-07 14:21:26,479 | INFO | Selecting frames for question UN3ICsfqKEY_1 on video UN3ICsfqKEY.mp4: frames=518 tags=4
2026-03-07 14:21:28,849 | INFO | Selected 32 frames for question UN3ICsfqKEY_1: [29, 3596, 3626, 4495, 5334, 5364, 5454, 5754, 5994, 6113, 6233, 6263, 6353, 6383, 6533, 6923, 6983, 8061, 8151, 8781, 8871, 8901, 8931, 8961, 9020, 9050, 9170, 9200, 9230, 9260, 9590, 13846]
2026-03-07 14:21:28,849 | INFO | Selecting frames for question yXXhrMqfMlk_0 on video yXXhrMqfMlk.mp4: frames=317 tags=4
2026-03-07 14:21:29,688 | INFO | Selected 32 frames for question yXXhrMqfMlk_0: [95, 335, 359, 383, 407, 1366, 1390, 1510, 1582, 1606, 1630, 1654, 1678, 1702, 1726, 1750, 1774, 1870, 1894, 1918, 1966, 2013, 2037, 2061, 2085, 2205, 2229, 2253, 2277, 2301, 2349, 2373]
2026-03-07 14:21:29,688 | INFO | Selecting frames for question yXXhrMqfMlk_1 on video yXXhrMqfMlk.mp4: frames=317 tags=4
2026-03-07 14:21:30,534 | INFO | Selected 32 frames for question yXXhrMqfMlk_1: [1030, 1078, 2517, 2709, 2781, 3140, 3284, 3308, 3452, 3692, 3908, 4075, 4123, 4147, 4315, 4363, 4579, 4627, 5346, 5394, 5418, 5466, 6665, 6689, 6713, 6737, 6761, 6785, 6809, 6833, 7288, 7552]
2026-03-07 14:21:30,534 | INFO | Selecting frames for question Z7Cox6lPW3c_0 on video Z7Cox6lPW3c.mp4: frames=208 tags=4
2026-03-07 14:21:30,878 | INFO | Selected 32 frames for question Z7Cox6lPW3c_0: [29, 299, 479, 2457, 3566, 3596, 3626, 3656, 3686, 3716, 3746, 3776, 3806, 3836, 3866, 3896, 3926, 3956, 3986, 4015, 4045, 4165, 4195, 4225, 4735, 4825, 4855, 5244, 5274, 5484, 5814, 5934]
2026-03-07 14:21:30,878 | INFO | Selecting frames for question Z7Cox6lPW3c_1 on video Z7Cox6lPW3c.mp4: frames=208 tags=4
2026-03-07 14:21:31,225 | INFO | Selected 32 frames for question Z7Cox6lPW3c_1: [479, 569, 629, 659, 689, 719, 809, 839, 869, 3986, 4015, 4045, 4165, 4195, 4225, 4765, 4795, 4825, 4855, 5274, 5304, 5364, 5724, 5844, 5994, 6023, 6053, 6083, 6113, 6143, 6173, 6203]
2026-03-07 14:21:31,225 | INFO | Selecting frames for question D0RyFh0hnkQ_0 on video D0RyFh0hnkQ.mp4: frames=521 tags=4
2026-03-07 14:21:33,588 | INFO | Selected 32 frames for question D0RyFh0hnkQ_0: [10775, 10800, 10825, 10850, 10875, 10900, 10925, 10950, 10975, 11000, 11025, 11050, 11075, 11100, 11150, 11175, 11200, 11225, 11250, 11275, 11300, 11350, 11375, 11925, 11950, 11975, 12000, 12025, 12050, 12075, 12100, 12125]
2026-03-07 14:21:33,589 | INFO | Selecting frames for question 2edlqFUTDVc_0 on video 2edlqFUTDVc.mp4: frames=355 tags=4
2026-03-07 14:21:34,660 | INFO | Selected 32 frames for question 2edlqFUTDVc_0: [47, 143, 191, 551, 1366, 1774, 1870, 1894, 2061, 2085, 2109, 2133, 2157, 2181, 2205, 2229, 4075, 4627, 5514, 5538, 6161, 6425, 6449, 6473, 6497, 6521, 6545, 6569, 6593, 6617, 6641, 7936]
2026-03-07 14:21:34,660 | INFO | Selecting frames for question 2edlqFUTDVc_1 on video 2edlqFUTDVc.mp4: frames=355 tags=4
2026-03-07 14:21:35,738 | INFO | Selected 32 frames for question 2edlqFUTDVc_1: [119, 191, 4051, 4075, 4099, 4123, 4147, 4171, 4195, 5514, 5538, 5562, 6425, 6449, 6473, 6497, 6521, 6545, 6569, 6593, 6617, 6641, 6665, 6689, 6713, 6737, 6761, 6785, 6809, 6833, 6857, 6881]
2026-03-07 14:21:35,738 | INFO | Selecting frames for question hf4WUOagFAw_0 on video hf4WUOagFAw.mp4: frames=216 tags=4
2026-03-07 14:21:36,131 | INFO | Selected 32 frames for question hf4WUOagFAw_0: [329, 359, 389, 2307, 2367, 2457, 2487, 2637, 2757, 2787, 2817, 2967, 3326, 3356, 3416, 3596, 3866, 4285, 4615, 4825, 4915, 5034, 5064, 5094, 5124, 5184, 5634, 5664, 5754, 5784, 5904, 6323]
2026-03-07 14:21:36,131 | INFO | Selecting frames for question hf4WUOagFAw_1 on video hf4WUOagFAw.mp4: frames=216 tags=4
2026-03-07 14:21:36,525 | INFO | Selected 32 frames for question hf4WUOagFAw_1: [389, 569, 899, 929, 1108, 2097, 2157, 2187, 2637, 2667, 2727, 3416, 4045, 4105, 4315, 4465, 4495, 4525, 4585, 4885, 5274, 5454, 5484, 5544, 5724, 5754, 5874, 5904, 6173, 6203, 6233, 6353]
2026-03-07 14:21:36,525 | INFO | Selecting frames for question zTeDF7mQ88A_0 on video zTeDF7mQ88A.mp4: frames=270 tags=4
2026-03-07 14:21:37,140 | INFO | Selected 32 frames for question zTeDF7mQ88A_0: [1020, 1050, 1080, 1110, 1230, 1260, 1950, 1980, 2010, 2040, 2310, 2340, 2370, 2400, 2430, 5130, 5160, 5190, 5220, 5250, 5280, 5310, 5340, 5370, 6300, 6330, 6360, 6390, 6420, 6450, 6480, 6510]
2026-03-07 14:21:37,140 | INFO | Selecting frames for question zTeDF7mQ88A_1 on video zTeDF7mQ88A.mp4: frames=270 tags=4
2026-03-07 14:21:37,777 | INFO | Selected 32 frames for question zTeDF7mQ88A_1: [4410, 4440, 4470, 4500, 4530, 4560, 4590, 4620, 4650, 4680, 4770, 4830, 4890, 4920, 4950, 4980, 5010, 5040, 5070, 5100, 5130, 5160, 5190, 5220, 5250, 5280, 5310, 5340, 5370, 6900, 6930, 6960]
2026-03-07 14:21:37,777 | INFO | Selecting frames for question yl-6-Yzt--A_0 on video yl-6-Yzt--A.mp4: frames=349 tags=4
2026-03-07 14:21:38,829 | INFO | Selected 32 frames for question yl-6-Yzt--A_0: [749, 779, 1108, 1138, 1258, 1288, 2877, 2907, 2937, 2997, 3026, 3746, 3806, 3836, 3866, 4135, 4165, 4195, 4225, 4675, 4705, 4735, 4765, 4795, 4825, 4855, 6263, 6293, 6323, 6353, 6383, 6413]
2026-03-07 14:21:38,830 | INFO | Selecting frames for question md3LVlEzFBU_0 on video md3LVlEzFBU.mp4: frames=294 tags=4
2026-03-07 14:21:39,558 | INFO | Selected 32 frames for question md3LVlEzFBU_0: [24, 48, 72, 96, 1272, 2040, 2064, 2688, 3024, 3048, 3072, 3120, 3192, 3240, 3264, 4416, 4512, 4536, 4560, 4728, 4776, 4824, 5832, 5952, 5976, 6000, 6024, 6048, 6072, 6096, 6120, 6144]
2026-03-07 14:21:39,559 | INFO | Selecting frames for question md3LVlEzFBU_1 on video md3LVlEzFBU.mp4: frames=294 tags=4
2026-03-07 14:21:40,281 | INFO | Selected 32 frames for question md3LVlEzFBU_1: [1704, 1872, 3288, 3960, 4080, 4104, 4128, 4176, 4200, 4872, 4968, 4992, 5016, 5040, 5280, 5304, 5328, 5352, 5400, 5448, 5472, 5496, 5544, 5568, 6288, 6408, 6480, 6504, 6528, 6552, 6576, 6600]
2026-03-07 14:21:40,281 | INFO | Selecting frames for question 7MemY9jOmuk_0 on video 7MemY9jOmuk.mp4: frames=551 tags=4
2026-03-07 14:21:42,928 | INFO | Selected 32 frames for question 7MemY9jOmuk_0: [0, 25, 50, 75, 100, 125, 150, 175, 200, 225, 250, 275, 300, 325, 350, 375, 400, 425, 450, 475, 500, 525, 550, 575, 600, 9100, 9150, 9175, 9200, 9225, 9300, 9325]
2026-03-07 14:21:42,929 | INFO | Selecting frames for question 7MemY9jOmuk_1 on video 7MemY9jOmuk.mp4: frames=551 tags=4
2026-03-07 14:21:45,539 | INFO | Selected 32 frames for question 7MemY9jOmuk_1: [0, 25, 50, 600, 2650, 2675, 2700, 2725, 2750, 2775, 2800, 2825, 2850, 2875, 2900, 2925, 2950, 2975, 3025, 3050, 3350, 3375, 3400, 5725, 5750, 5775, 5825, 6250, 6275, 6300, 6325, 6350]
2026-03-07 14:21:45,539 | INFO | Selecting frames for question N4VtpYgZLVg_0 on video N4VtpYgZLVg.mp4: frames=569 tags=4
2026-03-07 14:21:48,427 | INFO | Selected 32 frames for question N4VtpYgZLVg_0: [1486, 1510, 1678, 1702, 1726, 1750, 1966, 1990, 2133, 2157, 2997, 3068, 10405, 10429, 10477, 10549, 10621, 10645, 10669, 10693, 10717, 10741, 10765, 10981, 11052, 11124, 11172, 11196, 11220, 11244, 11388, 11412]
2026-03-07 14:21:48,427 | INFO | Selecting frames for question N4VtpYgZLVg_1 on video N4VtpYgZLVg.mp4: frames=569 tags=4
2026-03-07 14:21:51,340 | INFO | Selected 32 frames for question N4VtpYgZLVg_1: [2853, 2877, 2901, 3212, 4051, 4099, 4123, 5058, 5082, 8487, 8511, 8535, 8559, 8607, 8631, 8655, 8727, 8751, 8775, 8799, 8823, 8847, 8871, 8943, 8967, 9062, 9086, 9134, 9158, 9206, 9230, 9254]
2026-03-07 14:21:51,340 | INFO | Selecting frames for question 6d-EVupvWzU_0 on video 6d-EVupvWzU.mp4: frames=427 tags=4
2026-03-07 14:21:52,912 | INFO | Selected 32 frames for question 6d-EVupvWzU_0: [989, 1018, 3686, 3746, 3776, 4615, 4645, 4675, 4705, 4735, 4765, 6803, 6833, 6863, 7012, 7072, 7762, 8871, 8901, 8991, 9020, 9290, 10699, 10729, 11208, 11718, 12107, 12137, 12167, 12197, 12287, 12557]
2026-03-07 14:21:52,912 | INFO | Selecting frames for question 6d-EVupvWzU_1 on video 6d-EVupvWzU.mp4: frames=427 tags=4
2026-03-07 14:21:54,498 | INFO | Selected 32 frames for question 6d-EVupvWzU_1: [3476, 4615, 4645, 4675, 4705, 4735, 4765, 4975, 5064, 6383, 6593, 6803, 7072, 7762, 8871, 8901, 8991, 9020, 9200, 9290, 9530, 11208, 11238, 11268, 11298, 11628, 11688, 11718, 11868, 12137, 12557, 12587]
2026-03-07 14:21:54,499 | INFO | Selecting frames for question 4QSmRYQBfN4_0 on video 4QSmRYQBfN4.mp4: frames=17 tags=4
2026-03-07 14:21:54,499 | INFO | Selected 17 frames for question 4QSmRYQBfN4_0: [0, 23, 47, 71, 95, 119, 143, 167, 191, 215, 239, 263, 287, 311, 335, 359, 383]
2026-03-07 14:21:54,499 | INFO | Selecting frames for question RQOdl64DtdI_0 on video RQOdl64DtdI.mp4: frames=52 tags=4
2026-03-07 14:21:54,517 | INFO | Selected 32 frames for question RQOdl64DtdI_0: [0, 24, 48, 72, 96, 120, 144, 168, 192, 216, 240, 264, 288, 312, 360, 408, 432, 456, 480, 504, 576, 624, 648, 672, 696, 720, 744, 768, 792, 1176, 1200, 1224]
2026-03-07 14:21:54,517 | INFO | Selecting frames for question vix2_R79-l4_0 on video vix2_R79-l4.mp4: frames=22 tags=4
2026-03-07 14:21:54,517 | INFO | Selected 22 frames for question vix2_R79-l4_0: [0, 25, 50, 75, 100, 125, 150, 175, 200, 225, 250, 275, 300, 325, 350, 375, 400, 425, 450, 475, 500, 525]
2026-03-07 14:21:54,517 | INFO | Selecting frames for question gyV6EqgiPNg_0 on video gyV6EqgiPNg.mp4: frames=46 tags=4
2026-03-07 14:21:54,530 | INFO | Selected 32 frames for question gyV6EqgiPNg_0: [0, 25, 50, 75, 100, 125, 150, 175, 200, 225, 250, 275, 300, 325, 350, 550, 600, 650, 675, 700, 725, 750, 775, 800, 825, 850, 875, 900, 1050, 1075, 1100, 1125]
2026-03-07 14:21:54,530 | INFO | Selecting frames for question M-YfPangEfA_0 on video M-YfPangEfA.mp4: frames=24 tags=4
2026-03-07 14:21:54,531 | INFO | Selected 24 frames for question M-YfPangEfA_0: [0, 23, 47, 71, 95, 119, 143, 167, 191, 215, 239, 263, 287, 311, 335, 359, 383, 407, 431, 455, 479, 503, 527, 551]
2026-03-07 14:21:54,531 | INFO | Selecting frames for question Kz8_rwVn094_0 on video Kz8_rwVn094.mp4: frames=17 tags=4
2026-03-07 14:21:54,531 | INFO | Selected 17 frames for question Kz8_rwVn094_0: [0, 25, 50, 75, 100, 125, 150, 175, 200, 225, 250, 275, 300, 325, 350, 375, 400]
2026-03-07 14:21:54,531 | INFO | Selecting frames for question TxbSa3ux8SU_0 on video TxbSa3ux8SU.mp4: frames=18 tags=4
2026-03-07 14:21:54,531 | INFO | Selected 18 frames for question TxbSa3ux8SU_0: [0, 23, 47, 71, 95, 119, 143, 167, 191, 215, 239, 263, 287, 311, 335, 359, 383, 407]
2026-03-07 14:21:54,531 | INFO | Selecting frames for question iHNjWhx3EaI_0 on video iHNjWhx3EaI.mp4: frames=34 tags=4
2026-03-07 14:21:54,537 | INFO | Selected 32 frames for question iHNjWhx3EaI_0: [0, 29, 59, 89, 119, 149, 179, 209, 239, 269, 299, 329, 359, 389, 419, 449, 479, 509, 539, 569, 599, 629, 659, 689, 719, 809, 839, 869, 899, 929, 959, 989]
2026-03-07 14:21:54,537 | INFO | Selecting frames for question UbcWAfHo5j0_0 on video UbcWAfHo5j0.mp4: frames=47 tags=4
2026-03-07 14:21:54,551 | INFO | Selected 32 frames for question UbcWAfHo5j0_0: [275, 300, 325, 350, 375, 400, 425, 450, 475, 500, 525, 550, 575, 600, 625, 650, 675, 750, 775, 800, 825, 900, 925, 950, 975, 1000, 1025, 1050, 1075, 1100, 1125, 1150]
2026-03-07 14:21:54,551 | INFO | Selecting frames for question uDZrl35yeZE_0 on video uDZrl35yeZE.mp4: frames=18 tags=4
2026-03-07 14:21:54,551 | INFO | Selected 18 frames for question uDZrl35yeZE_0: [0, 29, 59, 89, 119, 149, 179, 209, 239, 269, 299, 329, 359, 389, 419, 449, 479, 509]
2026-03-07 14:21:54,551 | INFO | Selecting frames for question US5Oz0q0BVE_0 on video US5Oz0q0BVE.mp4: frames=20 tags=4
2026-03-07 14:21:54,551 | INFO | Selected 20 frames for question US5Oz0q0BVE_0: [0, 23, 47, 71, 95, 119, 143, 167, 191, 215, 239, 263, 287, 311, 335, 359, 383, 407, 431, 455]
2026-03-07 14:21:54,552 | INFO | Selecting frames for question lcEaHk8f4Co_0 on video lcEaHk8f4Co.mp4: frames=44 tags=4
2026-03-07 14:21:54,564 | INFO | Selected 32 frames for question lcEaHk8f4Co_0: [0, 30, 60, 90, 120, 150, 180, 210, 240, 330, 360, 390, 420, 450, 480, 510, 540, 570, 600, 630, 660, 690, 720, 750, 780, 840, 870, 900, 930, 990, 1020, 1290]
2026-03-07 14:21:54,564 | INFO | Selecting frames for question i6C6r2g4Y7Q_0 on video i6C6r2g4Y7Q.mp4: frames=22 tags=4
2026-03-07 14:21:54,564 | INFO | Selected 22 frames for question i6C6r2g4Y7Q_0: [0, 29, 59, 89, 119, 149, 179, 209, 239, 269, 299, 329, 359, 389, 419, 449, 479, 509, 539, 569, 599, 629]
2026-03-07 14:21:54,564 | INFO | Selecting frames for question W94Rth-aIkc_0 on video W94Rth-aIkc.mp4: frames=23 tags=4
2026-03-07 14:21:54,564 | INFO | Selected 23 frames for question W94Rth-aIkc_0: [0, 29, 59, 89, 119, 149, 179, 209, 239, 269, 299, 329, 359, 389, 419, 449, 479, 509, 539, 569, 599, 629, 659]
2026-03-07 14:21:54,564 | INFO | Selecting frames for question k194yU67Zik_0 on video k194yU67Zik.mp4: frames=33 tags=4
2026-03-07 14:21:54,570 | INFO | Selected 32 frames for question k194yU67Zik_0: [0, 23, 47, 71, 95, 119, 143, 167, 191, 215, 239, 263, 311, 335, 359, 383, 407, 431, 455, 479, 503, 527, 551, 575, 599, 623, 647, 671, 695, 719, 743, 767]
2026-03-07 14:21:54,570 | INFO | Selecting frames for question v-7zF3Y0yJs_0 on video v-7zF3Y0yJs.mp4: frames=32 tags=4
2026-03-07 14:21:54,570 | INFO | Selected 32 frames for question v-7zF3Y0yJs_0: [0, 29, 59, 89, 119, 149, 179, 209, 239, 269, 299, 329, 359, 389, 419, 449, 479, 509, 539, 569, 599, 629, 659, 689, 719, 749, 779, 809, 839, 869, 899, 929]
2026-03-07 14:21:54,570 | INFO | Selecting frames for question PCz04UJFaUY_0 on video PCz04UJFaUY.mp4: frames=16 tags=4
2026-03-07 14:21:54,570 | INFO | Selected 16 frames for question PCz04UJFaUY_0: [0, 30, 60, 90, 120, 150, 180, 210, 240, 270, 300, 330, 360, 390, 420, 450]
2026-03-07 14:21:54,570 | INFO | Selecting frames for question I2Fyzav8MxE_0 on video I2Fyzav8MxE.mp4: frames=21 tags=4
2026-03-07 14:21:54,570 | INFO | Selected 21 frames for question I2Fyzav8MxE_0: [0, 23, 47, 71, 95, 119, 143, 167, 191, 215, 239, 263, 287, 311, 335, 359, 383, 407, 431, 455, 479]
2026-03-07 14:21:54,570 | INFO | Selecting frames for question SFfWUrsg4gE_0 on video SFfWUrsg4gE.mp4: frames=54 tags=4
2026-03-07 14:21:54,590 | INFO | Selected 32 frames for question SFfWUrsg4gE_0: [0, 23, 47, 71, 143, 167, 191, 215, 239, 263, 311, 335, 599, 647, 671, 719, 815, 839, 887, 911, 935, 959, 1007, 1079, 1103, 1127, 1151, 1175, 1199, 1222, 1246, 1270]
2026-03-07 14:21:54,590 | INFO | Selecting frames for question j7kxn5CsHnw_0 on video j7kxn5CsHnw.mp4: frames=35 tags=4
2026-03-07 14:21:54,596 | INFO | Selected 32 frames for question j7kxn5CsHnw_0: [0, 30, 60, 90, 120, 150, 180, 210, 240, 270, 300, 330, 360, 390, 420, 450, 480, 510, 540, 570, 600, 630, 660, 690, 720, 810, 840, 870, 900, 930, 960, 990]
2026-03-07 14:21:54,596 | INFO | Selecting frames for question Yh48p5efBTk_0 on video Yh48p5efBTk.mp4: frames=19 tags=4
2026-03-07 14:21:54,596 | INFO | Selected 19 frames for question Yh48p5efBTk_0: [0, 29, 59, 89, 119, 149, 179, 209, 239, 269, 299, 329, 359, 389, 419, 449, 479, 509, 539]
2026-03-07 14:21:54,597 | INFO | Selecting frames for question iJk-HMfO4yQ_0 on video iJk-HMfO4yQ.mp4: frames=51 tags=4
2026-03-07 14:21:54,614 | INFO | Selected 32 frames for question iJk-HMfO4yQ_0: [0, 400, 425, 450, 475, 500, 525, 550, 575, 600, 625, 650, 675, 700, 725, 750, 775, 800, 825, 850, 875, 900, 925, 950, 975, 1000, 1025, 1150, 1175, 1200, 1225, 1250]
2026-03-07 14:21:54,614 | INFO | Selecting frames for question QeXuzEwC9z4_0 on video QeXuzEwC9z4.mp4: frames=42 tags=4
2026-03-07 14:21:54,625 | INFO | Selected 32 frames for question QeXuzEwC9z4_0: [50, 75, 100, 125, 200, 275, 300, 325, 400, 450, 475, 500, 525, 550, 575, 600, 625, 650, 675, 700, 725, 750, 800, 825, 850, 875, 900, 925, 950, 975, 1000, 1025]
2026-03-07 14:21:54,625 | INFO | Selecting frames for question hznvV2bBkX4_0 on video hznvV2bBkX4.mp4: frames=49 tags=4
2026-03-07 14:21:54,641 | INFO | Selected 32 frames for question hznvV2bBkX4_0: [0, 23, 47, 95, 119, 143, 383, 431, 455, 479, 503, 527, 551, 575, 599, 623, 647, 671, 695, 719, 743, 767, 791, 815, 839, 863, 887, 911, 935, 959, 983, 1007]
2026-03-07 14:21:54,641 | INFO | Selecting frames for question GZc0P3Apfx4_0 on video GZc0P3Apfx4.mp4: frames=49 tags=4
2026-03-07 14:21:54,657 | INFO | Selected 32 frames for question GZc0P3Apfx4_0: [509, 539, 569, 599, 629, 659, 689, 719, 749, 779, 809, 839, 869, 899, 929, 959, 989, 1018, 1048, 1078, 1108, 1138, 1168, 1198, 1228, 1258, 1288, 1318, 1348, 1378, 1408, 1438]
2026-03-07 14:21:54,657 | INFO | Selecting frames for question HWyDOQrYtCk_0 on video HWyDOQrYtCk.mp4: frames=39 tags=4
2026-03-07 14:21:54,666 | INFO | Selected 32 frames for question HWyDOQrYtCk_0: [90, 120, 150, 180, 210, 240, 270, 360, 390, 420, 450, 480, 510, 540, 570, 600, 630, 660, 720, 750, 780, 810, 840, 870, 900, 930, 960, 990, 1050, 1080, 1110, 1140]
2026-03-07 14:21:54,667 | INFO | Selecting frames for question lNReCCShKJQ_0 on video lNReCCShKJQ.mp4: frames=22 tags=4
2026-03-07 14:21:54,667 | INFO | Selected 22 frames for question lNReCCShKJQ_0: [0, 25, 50, 75, 100, 125, 150, 175, 200, 225, 250, 275, 300, 325, 350, 375, 400, 425, 450, 475, 500, 525]
2026-03-07 14:21:54,667 | INFO | Selecting frames for question DxxVla1CRvU_0 on video DxxVla1CRvU.mp4: frames=14 tags=4
2026-03-07 14:21:54,667 | INFO | Selected 14 frames for question DxxVla1CRvU_0: [0, 29, 59, 89, 119, 149, 179, 209, 239, 269, 299, 329, 359, 389]
2026-03-07 14:21:54,667 | INFO | Selecting frames for question SAkgZJllNzw_0 on video SAkgZJllNzw.mp4: frames=46 tags=4
2026-03-07 14:21:54,680 | INFO | Selected 32 frames for question SAkgZJllNzw_0: [209, 239, 419, 449, 479, 509, 539, 569, 599, 629, 659, 689, 719, 749, 779, 809, 839, 869, 899, 929, 959, 989, 1018, 1048, 1108, 1138, 1168, 1198, 1258, 1288, 1318, 1348]
2026-03-07 14:21:54,680 | INFO | Selecting frames for question ixAU3l0sX_o_0 on video ixAU3l0sX_o.mp4: frames=41 tags=4
2026-03-07 14:21:54,690 | INFO | Selected 32 frames for question ixAU3l0sX_o_0: [71, 95, 119, 143, 167, 191, 215, 239, 263, 287, 311, 335, 359, 383, 407, 431, 455, 479, 503, 527, 599, 623, 647, 671, 695, 719, 743, 767, 791, 815, 887, 959]
2026-03-07 14:21:54,690 | INFO | Selecting frames for question Owmy5Vu3BnA_0 on video Owmy5Vu3BnA.mp4: frames=23 tags=4
2026-03-07 14:21:54,690 | INFO | Selected 23 frames for question Owmy5Vu3BnA_0: [0, 29, 59, 89, 119, 149, 179, 209, 239, 269, 299, 329, 359, 389, 419, 449, 479, 509, 539, 569, 599, 629, 659]
2026-03-07 14:21:54,690 | INFO | Selecting frames for question XAAqKoQM8Qc_0 on video XAAqKoQM8Qc.mp4: frames=25 tags=4
2026-03-07 14:21:54,690 | INFO | Selected 25 frames for question XAAqKoQM8Qc_0: [0, 24, 48, 72, 96, 120, 144, 168, 192, 216, 240, 264, 288, 312, 336, 360, 384, 408, 432, 456, 480, 504, 528, 552, 576]
2026-03-07 14:21:54,690 | INFO | Selecting frames for question GwcXYTX2GmA_0 on video GwcXYTX2GmA.mp4: frames=31 tags=4
2026-03-07 14:21:54,690 | INFO | Selected 31 frames for question GwcXYTX2GmA_0: [0, 23, 47, 71, 95, 119, 143, 167, 191, 215, 239, 263, 287, 311, 335, 359, 383, 407, 431, 455, 479, 503, 527, 551, 575, 599, 623, 647, 671, 695, 719]
2026-03-07 14:21:54,691 | INFO | Selecting frames for question LQ-mwO30_68_0 on video LQ-mwO30_68.mp4: frames=26 tags=4
2026-03-07 14:21:54,691 | INFO | Selected 26 frames for question LQ-mwO30_68_0: [0, 30, 60, 90, 120, 150, 180, 210, 240, 270, 300, 330, 360, 390, 420, 450, 480, 510, 540, 570, 600, 630, 660, 690, 720, 750]
2026-03-07 14:21:54,691 | INFO | Selecting frames for question StLBHguzO8s_0 on video StLBHguzO8s.mp4: frames=47 tags=4
2026-03-07 14:21:54,705 | INFO | Selected 32 frames for question StLBHguzO8s_0: [0, 23, 47, 143, 191, 215, 263, 287, 311, 335, 359, 407, 431, 455, 551, 599, 647, 671, 695, 719, 743, 767, 791, 815, 839, 863, 887, 911, 935, 959, 983, 1007]
2026-03-07 14:21:54,705 | INFO | Selecting frames for question -iCLYpeghJs_0 on video -iCLYpeghJs.mp4: frames=41 tags=4
2026-03-07 14:21:54,716 | INFO | Selected 32 frames for question -iCLYpeghJs_0: [0, 23, 47, 71, 95, 119, 143, 167, 191, 215, 239, 335, 359, 431, 455, 479, 503, 527, 623, 647, 671, 695, 719, 743, 767, 791, 815, 839, 863, 887, 935, 959]
2026-03-07 14:21:54,716 | INFO | Selecting frames for question oKX6y9-zTfI_0 on video oKX6y9-zTfI.mp4: frames=20 tags=4
2026-03-07 14:21:54,716 | INFO | Selected 20 frames for question oKX6y9-zTfI_0: [0, 30, 60, 90, 120, 150, 180, 210, 240, 270, 300, 330, 360, 390, 420, 450, 480, 510, 540, 570]
2026-03-07 14:21:54,716 | INFO | Selecting frames for question ie9NxdgNe0g_0 on video ie9NxdgNe0g.mp4: frames=35 tags=4
2026-03-07 14:21:54,723 | INFO | Selected 32 frames for question ie9NxdgNe0g_0: [0, 25, 50, 75, 100, 125, 150, 175, 200, 225, 250, 275, 300, 325, 350, 375, 400, 425, 450, 475, 500, 525, 550, 575, 600, 625, 650, 675, 700, 725, 750, 850]
2026-03-07 14:21:54,723 | INFO | Selecting frames for question luRqMb5qfhM_0 on video luRqMb5qfhM.mp4: frames=36 tags=4
2026-03-07 14:21:54,730 | INFO | Selected 32 frames for question luRqMb5qfhM_0: [0, 25, 50, 100, 125, 175, 200, 250, 275, 300, 350, 375, 400, 425, 450, 475, 500, 525, 550, 575, 600, 625, 650, 675, 700, 725, 750, 775, 800, 825, 850, 875]
2026-03-07 14:21:54,730 | INFO | Selecting frames for question 8ew0d0JmsfA_0 on video 8ew0d0JmsfA.mp4: frames=39 tags=4
2026-03-07 14:21:54,740 | INFO | Selected 32 frames for question 8ew0d0JmsfA_0: [0, 24, 48, 72, 96, 120, 144, 168, 192, 216, 240, 264, 288, 312, 336, 528, 552, 576, 600, 624, 648, 672, 696, 720, 744, 768, 792, 816, 840, 864, 888, 912]
2026-03-07 14:21:54,740 | INFO | Selecting frames for question aCPNlZ7bvRc_0 on video aCPNlZ7bvRc.mp4: frames=38 tags=4
2026-03-07 14:21:54,748 | INFO | Selected 32 frames for question aCPNlZ7bvRc_0: [24, 48, 72, 96, 120, 144, 168, 192, 216, 240, 264, 288, 312, 336, 360, 456, 528, 552, 576, 600, 624, 648, 672, 696, 720, 744, 768, 792, 816, 840, 864, 888]
2026-03-07 14:21:54,748 | INFO | Selecting frames for question mYotOV3Q51g_0 on video mYotOV3Q51g.mp4: frames=44 tags=4
2026-03-07 14:21:54,761 | INFO | Selected 32 frames for question mYotOV3Q51g_0: [0, 23, 47, 71, 95, 119, 143, 167, 191, 215, 239, 263, 287, 311, 335, 359, 383, 407, 431, 455, 503, 527, 551, 575, 599, 623, 647, 695, 791, 815, 935, 959]
2026-03-07 14:21:54,761 | INFO | Selecting frames for question tYqDvtknII4_0 on video tYqDvtknII4.mp4: frames=47 tags=4
2026-03-07 14:21:54,775 | INFO | Selected 32 frames for question tYqDvtknII4_0: [0, 29, 59, 89, 119, 149, 179, 209, 239, 269, 299, 329, 359, 389, 419, 509, 539, 899, 929, 959, 989, 1018, 1048, 1078, 1108, 1138, 1168, 1198, 1228, 1258, 1288, 1318]
2026-03-07 14:21:54,775 | INFO | Selecting frames for question e-EtQHH4aWE_0 on video e-EtQHH4aWE.mp4: frames=23 tags=4
2026-03-07 14:21:54,775 | INFO | Selected 23 frames for question e-EtQHH4aWE_0: [0, 24, 48, 72, 96, 120, 144, 168, 192, 216, 240, 264, 288, 312, 336, 360, 384, 408, 432, 456, 480, 504, 528]
2026-03-07 14:21:54,775 | INFO | Selecting frames for question Jim_NG0PYpc_0 on video Jim_NG0PYpc.mp4: frames=43 tags=4
2026-03-07 14:21:54,786 | INFO | Selected 32 frames for question Jim_NG0PYpc_0: [0, 23, 47, 71, 95, 119, 143, 167, 191, 215, 239, 263, 287, 479, 503, 527, 551, 575, 599, 623, 647, 671, 719, 791, 839, 863, 887, 911, 935, 959, 983, 1007]
2026-03-07 14:21:54,786 | INFO | Selecting frames for question 3t_Knk7FWT8_0 on video 3t_Knk7FWT8.mp4: frames=15 tags=4
2026-03-07 14:21:54,786 | INFO | Selected 15 frames for question 3t_Knk7FWT8_0: [0, 25, 50, 75, 100, 125, 150, 175, 200, 225, 250, 275, 300, 325, 350]
2026-03-07 14:21:54,786 | INFO | Selecting frames for question DX-mYMYf8jI_0 on video DX-mYMYf8jI.mp4: frames=57 tags=4
2026-03-07 14:21:54,809 | INFO | Selected 32 frames for question DX-mYMYf8jI_0: [0, 23, 47, 119, 167, 191, 287, 359, 383, 407, 431, 455, 479, 503, 527, 551, 575, 623, 695, 719, 743, 839, 887, 911, 935, 983, 1031, 1055, 1079, 1103, 1151, 1342]
2026-03-07 14:21:54,809 | INFO | Selecting frames for question nvG2YMWiwqU_0 on video nvG2YMWiwqU.mp4: frames=59 tags=4
2026-03-07 14:21:54,833 | INFO | Selected 32 frames for question nvG2YMWiwqU_0: [239, 263, 311, 335, 359, 383, 407, 455, 479, 503, 527, 551, 575, 599, 623, 647, 695, 743, 767, 1007, 1031, 1055, 1079, 1199, 1222, 1246, 1270, 1294, 1318, 1342, 1366, 1390]
2026-03-07 14:21:54,834 | INFO | Selecting frames for question TXiX3NO5f5w_0 on video TXiX3NO5f5w.mp4: frames=36 tags=4
2026-03-07 14:21:54,841 | INFO | Selected 32 frames for question TXiX3NO5f5w_0: [0, 59, 88, 118, 147, 177, 206, 236, 265, 295, 324, 354, 413, 501, 531, 560, 590, 619, 649, 678, 708, 737, 767, 796, 826, 855, 885, 914, 944, 973, 1003, 1032]
2026-03-07 14:21:54,841 | INFO | Selecting frames for question oO8OJZFZT9s_0 on video oO8OJZFZT9s.mp4: frames=33 tags=4
2026-03-07 14:21:54,847 | INFO | Selected 32 frames for question oO8OJZFZT9s_0: [0, 23, 47, 71, 95, 143, 167, 191, 215, 239, 263, 287, 311, 335, 359, 383, 407, 431, 455, 479, 503, 527, 551, 575, 599, 623, 647, 671, 695, 719, 743, 767]
2026-03-07 14:21:54,847 | INFO | Selecting frames for question wGWbI3BHVM8_0 on video wGWbI3BHVM8.mp4: frames=37 tags=4
2026-03-07 14:21:54,856 | INFO | Selected 32 frames for question wGWbI3BHVM8_0: [0, 24, 48, 72, 96, 120, 144, 192, 240, 288, 312, 336, 360, 384, 408, 432, 456, 528, 552, 576, 600, 624, 648, 672, 696, 720, 744, 768, 792, 816, 840, 864]
2026-03-07 14:21:54,856 | INFO | Selecting frames for question _1kZe-2kiuQ_0 on video _1kZe-2kiuQ.mp4: frames=58 tags=4
2026-03-07 14:21:54,879 | INFO | Selected 32 frames for question _1kZe-2kiuQ_0: [0, 47, 71, 95, 167, 215, 239, 263, 287, 311, 335, 359, 383, 407, 431, 575, 647, 671, 695, 719, 743, 767, 791, 839, 863, 1007, 1246, 1270, 1294, 1318, 1342, 1366]
2026-03-07 14:21:54,879 | INFO | Selecting frames for question TynnVVRNZGs_0 on video TynnVVRNZGs.mp4: frames=37 tags=4
2026-03-07 14:21:54,888 | INFO | Selected 32 frames for question TynnVVRNZGs_0: [0, 29, 89, 119, 149, 179, 209, 239, 269, 299, 329, 359, 449, 479, 509, 539, 569, 599, 629, 659, 719, 749, 779, 839, 869, 899, 929, 959, 989, 1018, 1048, 1078]
2026-03-07 14:21:54,888 | INFO | Selecting frames for question fLn06p2HtAc_0 on video fLn06p2HtAc.mp4: frames=58 tags=4
2026-03-07 14:21:54,911 | INFO | Selected 32 frames for question fLn06p2HtAc_0: [96, 120, 144, 168, 192, 216, 240, 264, 456, 480, 504, 528, 552, 576, 696, 720, 744, 768, 792, 816, 840, 912, 1056, 1080, 1104, 1128, 1152, 1176, 1200, 1224, 1248, 1272]
2026-03-07 14:21:54,911 | INFO | Selecting frames for question nBWB-h68E4k_0 on video nBWB-h68E4k.mp4: frames=59 tags=4
2026-03-07 14:21:54,936 | INFO | Selected 32 frames for question nBWB-h68E4k_0: [0, 25, 50, 75, 100, 125, 625, 675, 725, 750, 775, 800, 825, 850, 875, 900, 925, 950, 975, 1000, 1100, 1125, 1150, 1175, 1225, 1275, 1300, 1350, 1375, 1400, 1425, 1450]
2026-03-07 14:21:54,936 | INFO | Selecting frames for question vP-fQu22bng_0 on video vP-fQu22bng.mp4: frames=32 tags=4
2026-03-07 14:21:54,936 | INFO | Selected 32 frames for question vP-fQu22bng_0: [0, 25, 50, 75, 100, 125, 150, 175, 200, 225, 250, 275, 300, 325, 350, 375, 400, 425, 450, 475, 500, 525, 550, 575, 600, 625, 650, 675, 700, 725, 750, 775]
2026-03-07 14:21:54,936 | INFO | Selecting frames for question byaqQClCO-Y_0 on video byaqQClCO-Y.mp4: frames=36 tags=4
2026-03-07 14:21:54,943 | INFO | Selected 32 frames for question byaqQClCO-Y_0: [0, 30, 60, 90, 120, 150, 180, 210, 240, 270, 300, 330, 360, 390, 420, 450, 480, 510, 540, 570, 600, 630, 660, 690, 720, 750, 780, 810, 840, 870, 900, 930]
2026-03-07 14:21:54,943 | INFO | Selecting frames for question yU9fGAEcxJY_0 on video yU9fGAEcxJY.mp4: frames=54 tags=4
2026-03-07 14:21:54,963 | INFO | Selected 32 frames for question yU9fGAEcxJY_0: [0, 23, 47, 71, 167, 191, 335, 359, 431, 503, 551, 575, 599, 623, 647, 695, 719, 743, 767, 791, 839, 863, 959, 983, 1007, 1031, 1055, 1079, 1103, 1127, 1222, 1246]
2026-03-07 14:21:54,963 | INFO | Selecting frames for question m1mGerQhdHA_0 on video m1mGerQhdHA.mp4: frames=33 tags=4
2026-03-07 14:21:54,969 | INFO | Selected 32 frames for question m1mGerQhdHA_0: [0, 30, 60, 90, 120, 150, 180, 210, 240, 270, 300, 330, 360, 390, 420, 450, 480, 510, 540, 570, 600, 630, 660, 690, 720, 750, 810, 840, 870, 900, 930, 960]
2026-03-07 14:21:54,969 | INFO | Selecting frames for question oiBhGhROP5o_0 on video oiBhGhROP5o.mp4: frames=15 tags=4
2026-03-07 14:21:54,969 | INFO | Selected 15 frames for question oiBhGhROP5o_0: [0, 30, 60, 90, 120, 150, 180, 210, 240, 270, 300, 330, 360, 390, 420]
2026-03-07 14:21:54,969 | INFO | Selecting frames for question SYqEMs0EYoI_0 on video SYqEMs0EYoI.mp4: frames=47 tags=4
2026-03-07 14:21:54,983 | INFO | Selected 32 frames for question SYqEMs0EYoI_0: [0, 30, 120, 150, 180, 210, 270, 300, 330, 360, 390, 420, 450, 480, 630, 660, 690, 720, 750, 780, 810, 840, 900, 990, 1020, 1080, 1110, 1140, 1170, 1200, 1230, 1350]
2026-03-07 14:21:54,983 | INFO | Selecting frames for question Z9JSvDVMSm0_0 on video Z9JSvDVMSm0.mp4: frames=28 tags=4
2026-03-07 14:21:54,983 | INFO | Selected 28 frames for question Z9JSvDVMSm0_0: [0, 25, 50, 75, 100, 125, 150, 175, 200, 225, 250, 275, 300, 325, 350, 375, 400, 425, 450, 475, 500, 525, 550, 575, 600, 625, 650, 675]
2026-03-07 14:21:54,983 | INFO | Selecting frames for question 3b_v1KO_U8A_0 on video 3b_v1KO_U8A.mp4: frames=54 tags=4
2026-03-07 14:21:55,003 | INFO | Selected 32 frames for question 3b_v1KO_U8A_0: [0, 29, 119, 179, 299, 329, 359, 389, 419, 449, 959, 989, 1018, 1048, 1078, 1108, 1138, 1168, 1198, 1228, 1258, 1288, 1318, 1348, 1378, 1408, 1438, 1468, 1498, 1528, 1558, 1588]
2026-03-07 14:21:55,003 | INFO | Selecting frames for question kMryvefpcF8_0 on video kMryvefpcF8.mp4: frames=32 tags=4
2026-03-07 14:21:55,003 | INFO | Selected 32 frames for question kMryvefpcF8_0: [0, 24, 48, 72, 96, 120, 144, 168, 192, 216, 240, 264, 288, 312, 336, 360, 384, 408, 432, 456, 480, 504, 528, 552, 576, 600, 624, 648, 672, 696, 720, 744]
2026-03-07 14:21:55,003 | INFO | Selecting frames for question NIxyQQfuVoc_0 on video NIxyQQfuVoc.mp4: frames=44 tags=4
2026-03-07 14:21:55,015 | INFO | Selected 32 frames for question NIxyQQfuVoc_0: [119, 239, 263, 287, 311, 335, 359, 383, 407, 431, 455, 479, 503, 527, 551, 575, 599, 623, 647, 671, 695, 719, 743, 839, 863, 887, 911, 935, 959, 983, 1007, 1031]
2026-03-07 14:21:55,015 | INFO | Selecting frames for question HvSEKzpSdzw_0 on video HvSEKzpSdzw.mp4: frames=38 tags=4
2026-03-07 14:21:55,024 | INFO | Selected 32 frames for question HvSEKzpSdzw_0: [23, 71, 95, 119, 143, 167, 215, 239, 263, 287, 311, 335, 359, 383, 407, 455, 479, 551, 575, 599, 623, 647, 671, 695, 719, 743, 767, 791, 815, 839, 863, 887]
2026-03-07 14:21:55,024 | INFO | Selecting frames for question tCnelzIAHA0_0 on video tCnelzIAHA0.mp4: frames=24 tags=4
2026-03-07 14:21:55,024 | INFO | Selected 24 frames for question tCnelzIAHA0_0: [0, 29, 59, 89, 119, 149, 179, 209, 239, 269, 299, 329, 359, 389, 419, 449, 479, 509, 539, 569, 599, 629, 659, 689]
2026-03-07 14:21:55,024 | INFO | Selecting frames for question 7Q8d8Vvk6oo_0 on video 7Q8d8Vvk6oo.mp4: frames=44 tags=4
2026-03-07 14:21:55,036 | INFO | Selected 32 frames for question 7Q8d8Vvk6oo_0: [239, 263, 287, 311, 335, 359, 383, 407, 431, 455, 479, 503, 527, 551, 575, 599, 623, 647, 671, 695, 719, 743, 767, 791, 815, 839, 863, 887, 911, 935, 959, 1007]
2026-03-07 14:21:55,036 | INFO | Selecting frames for question i8TJ7RgimNM_0 on video i8TJ7RgimNM.mp4: frames=33 tags=4
2026-03-07 14:21:55,042 | INFO | Selected 32 frames for question i8TJ7RgimNM_0: [0, 23, 47, 71, 95, 119, 143, 167, 215, 239, 263, 287, 311, 335, 359, 383, 407, 431, 455, 479, 503, 527, 551, 575, 599, 623, 647, 671, 695, 719, 743, 767]
2026-03-07 14:21:55,042 | INFO | Selecting frames for question m7sL8LuMD8Q_0 on video m7sL8LuMD8Q.mp4: frames=16 tags=4
2026-03-07 14:21:55,042 | INFO | Selected 16 frames for question m7sL8LuMD8Q_0: [0, 23, 47, 71, 95, 119, 143, 167, 191, 215, 239, 263, 287, 311, 335, 359]
2026-03-07 14:21:55,042 | INFO | Selecting frames for question oCXKARwr6PA_0 on video oCXKARwr6PA.mp4: frames=12 tags=4
2026-03-07 14:21:55,042 | INFO | Selected 12 frames for question oCXKARwr6PA_0: [0, 24, 48, 72, 96, 120, 144, 168, 192, 216, 240, 264]
2026-03-07 14:21:55,042 | INFO | Selecting frames for question IuVyCbtGBFQ_0 on video IuVyCbtGBFQ.mp4: frames=14 tags=4
2026-03-07 14:21:55,042 | INFO | Selected 14 frames for question IuVyCbtGBFQ_0: [0, 23, 47, 71, 95, 119, 143, 167, 191, 215, 239, 263, 287, 311]
2026-03-07 14:21:55,043 | INFO | Selecting frames for question -if_Wg43vTk_0 on video -if_Wg43vTk.mp4: frames=9 tags=4
2026-03-07 14:21:55,043 | INFO | Selected 9 frames for question -if_Wg43vTk_0: [0, 23, 47, 71, 95, 119, 143, 167, 191]
2026-03-07 14:21:55,043 | INFO | Selecting frames for question kFHVBCEwC3w_0 on video kFHVBCEwC3w.mp4: frames=13 tags=4
2026-03-07 14:21:55,043 | INFO | Selected 13 frames for question kFHVBCEwC3w_0: [0, 25, 50, 75, 100, 125, 150, 175, 200, 225, 250, 275, 300]
2026-03-07 14:21:55,043 | INFO | Selecting frames for question WHxBO7XecSY_0 on video WHxBO7XecSY.mp4: frames=12 tags=4
2026-03-07 14:21:55,043 | INFO | Selected 12 frames for question WHxBO7XecSY_0: [0, 23, 47, 71, 95, 119, 143, 167, 191, 215, 239, 263]
2026-03-07 14:21:55,043 | INFO | Selecting frames for question alEV01SMFNk_0 on video alEV01SMFNk.mp4: frames=11 tags=4
2026-03-07 14:21:55,043 | INFO | Selected 11 frames for question alEV01SMFNk_0: [0, 23, 47, 71, 95, 119, 143, 167, 191, 215, 239]
2026-03-07 14:21:55,043 | INFO | Selecting frames for question FoeeEQ0VVFE_0 on video FoeeEQ0VVFE.mp4: frames=11 tags=4
2026-03-07 14:21:55,043 | INFO | Selected 11 frames for question FoeeEQ0VVFE_0: [0, 24, 48, 72, 96, 120, 144, 168, 192, 216, 240]
2026-03-07 14:21:55,043 | INFO | Selecting frames for question GHScTyR2OgQ_0 on video GHScTyR2OgQ.mp4: frames=9 tags=4
2026-03-07 14:21:55,043 | INFO | Selected 9 frames for question GHScTyR2OgQ_0: [0, 25, 50, 75, 100, 125, 150, 175, 200]
2026-03-07 14:21:55,043 | INFO | Selecting frames for question mHARxee4EzQ_0 on video mHARxee4EzQ.mp4: frames=13 tags=4
2026-03-07 14:21:55,043 | INFO | Selected 13 frames for question mHARxee4EzQ_0: [0, 23, 47, 71, 95, 119, 143, 167, 191, 215, 239, 263, 287]
2026-03-07 14:21:55,043 | INFO | Selecting frames for question _hODR1cR9lo_0 on video _hODR1cR9lo.mp4: frames=13 tags=4
2026-03-07 14:21:55,043 | INFO | Selected 13 frames for question _hODR1cR9lo_0: [0, 29, 59, 89, 119, 149, 179, 209, 239, 269, 299, 329, 359]
2026-03-07 14:21:55,043 | INFO | Selecting frames for question 8wbNEJjBa0k_0 on video 8wbNEJjBa0k.mp4: frames=13 tags=4
2026-03-07 14:21:55,043 | INFO | Selected 13 frames for question 8wbNEJjBa0k_0: [0, 23, 47, 71, 95, 119, 143, 167, 191, 215, 239, 263, 287]
2026-03-07 14:21:55,043 | INFO | Selecting frames for question g7zuBUMBr2E_0 on video g7zuBUMBr2E.mp4: frames=13 tags=4
2026-03-07 14:21:55,043 | INFO | Selected 13 frames for question g7zuBUMBr2E_0: [0, 23, 47, 71, 95, 119, 143, 167, 191, 215, 239, 263, 287]
2026-03-07 14:21:55,043 | INFO | Selecting frames for question fySqsm5kNl4_0 on video fySqsm5kNl4.mp4: frames=14 tags=4
2026-03-07 14:21:55,043 | INFO | Selected 14 frames for question fySqsm5kNl4_0: [0, 30, 60, 90, 120, 150, 180, 210, 240, 270, 300, 330, 360, 390]
2026-03-07 14:21:55,043 | INFO | Selecting frames for question pJuq8D1NGJQ_0 on video pJuq8D1NGJQ.mp4: frames=8 tags=4
2026-03-07 14:21:55,043 | INFO | Selected 8 frames for question pJuq8D1NGJQ_0: [0, 29, 59, 89, 119, 149, 179, 209]
2026-03-07 14:21:55,043 | INFO | Selecting frames for question QUtk5xEw1mQ_0 on video QUtk5xEw1mQ.mp4: frames=8 tags=4
2026-03-07 14:21:55,043 | INFO | Selected 8 frames for question QUtk5xEw1mQ_0: [0, 29, 59, 89, 119, 149, 179, 209]
2026-03-07 14:21:55,044 | INFO | Selecting frames for question cceTeD4JADU_0 on video cceTeD4JADU.mp4: frames=10 tags=4
2026-03-07 14:21:55,044 | INFO | Selected 10 frames for question cceTeD4JADU_0: [0, 29, 59, 89, 119, 149, 179, 209, 239, 269]
2026-03-07 14:21:55,044 | INFO | Selecting frames for question LKQK0lud4fo_0 on video LKQK0lud4fo.mp4: frames=10 tags=4
2026-03-07 14:21:55,044 | INFO | Selected 10 frames for question LKQK0lud4fo_0: [0, 23, 47, 71, 95, 119, 143, 167, 191, 215]
2026-03-07 14:21:55,044 | INFO | Selecting frames for question anrKq6HgPvs_0 on video anrKq6HgPvs.mp4: frames=10 tags=4
2026-03-07 14:21:55,044 | INFO | Selected 10 frames for question anrKq6HgPvs_0: [0, 25, 50, 75, 100, 125, 150, 175, 200, 225]
2026-03-07 14:21:55,044 | INFO | Selecting frames for question 5Ugjg2ru5QQ_0 on video 5Ugjg2ru5QQ.mp4: frames=11 tags=4
2026-03-07 14:21:55,044 | INFO | Selected 11 frames for question 5Ugjg2ru5QQ_0: [0, 25, 50, 75, 100, 125, 150, 175, 200, 225, 250]
2026-03-07 14:21:55,044 | INFO | Selecting frames for question 14ot4DrXdds_0 on video 14ot4DrXdds.mp4: frames=8 tags=4
2026-03-07 14:21:55,044 | INFO | Selected 8 frames for question 14ot4DrXdds_0: [0, 29, 59, 89, 119, 149, 179, 209]
2026-03-07 14:21:55,044 | INFO | Selecting frames for question aqGQw1bXFN4_0 on video aqGQw1bXFN4.mp4: frames=12 tags=4
2026-03-07 14:21:55,044 | INFO | Selected 12 frames for question aqGQw1bXFN4_0: [0, 30, 60, 90, 120, 150, 180, 210, 240, 270, 300, 330]
2026-03-07 14:21:55,044 | INFO | Selecting frames for question bgklOaBBmB8_0 on video bgklOaBBmB8.mp4: frames=12 tags=4
2026-03-07 14:21:55,044 | INFO | Selected 12 frames for question bgklOaBBmB8_0: [0, 29, 59, 89, 119, 149, 179, 209, 239, 269, 299, 329]
2026-03-07 14:21:55,044 | INFO | Selecting frames for question -QSAotqKqX8_0 on video -QSAotqKqX8.mp4: frames=8 tags=4
2026-03-07 14:21:55,044 | INFO | Selected 8 frames for question -QSAotqKqX8_0: [0, 29, 59, 89, 119, 149, 179, 209]
2026-03-07 14:21:55,044 | INFO | Selecting frames for question FH1L2Dq6964_0 on video FH1L2Dq6964.mp4: frames=8 tags=4
2026-03-07 14:21:55,044 | INFO | Selected 8 frames for question FH1L2Dq6964_0: [0, 23, 47, 71, 95, 119, 143, 167]
2026-03-07 14:21:55,044 | INFO | Selecting frames for question npLd4WTSQsM_0 on video npLd4WTSQsM.mp4: frames=14 tags=4
2026-03-07 14:21:55,044 | INFO | Selected 14 frames for question npLd4WTSQsM_0: [0, 30, 60, 90, 120, 150, 180, 210, 240, 270, 300, 330, 360, 390]
2026-03-07 14:21:55,044 | INFO | Selecting frames for question 59iv6EYWNn8_0 on video 59iv6EYWNn8.mp4: frames=9 tags=4
2026-03-07 14:21:55,044 | INFO | Selected 9 frames for question 59iv6EYWNn8_0: [0, 25, 50, 75, 100, 125, 150, 175, 200]
2026-03-07 14:21:55,044 | INFO | Selecting frames for question PS0gXPNBZy8_0 on video PS0gXPNBZy8.mp4: frames=9 tags=4
2026-03-07 14:21:55,044 | INFO | Selected 9 frames for question PS0gXPNBZy8_0: [0, 23, 47, 71, 95, 119, 143, 167, 191]
2026-03-07 14:21:55,044 | INFO | Selecting frames for question l3vxOGgAM2g_0 on video l3vxOGgAM2g.mp4: frames=8 tags=4
2026-03-07 14:21:55,044 | INFO | Selected 8 frames for question l3vxOGgAM2g_0: [0, 29, 59, 89, 119, 149, 179, 209]
2026-03-07 14:21:55,045 | INFO | Selecting frames for question ZfapKqwklG4_0 on video ZfapKqwklG4.mp4: frames=13 tags=4
2026-03-07 14:21:55,045 | INFO | Selected 13 frames for question ZfapKqwklG4_0: [0, 24, 48, 72, 96, 120, 144, 168, 192, 216, 240, 264, 288]
2026-03-07 14:21:55,045 | INFO | Selecting frames for question SH7Unhifaj0_0 on video SH7Unhifaj0.mp4: frames=13 tags=4
2026-03-07 14:21:55,045 | INFO | Selected 13 frames for question SH7Unhifaj0_0: [0, 29, 59, 89, 119, 149, 179, 209, 239, 269, 299, 329, 359]
2026-03-07 14:21:55,045 | INFO | Selecting frames for question Msz128EJeWE_0 on video Msz128EJeWE.mp4: frames=11 tags=4
2026-03-07 14:21:55,045 | INFO | Selected 11 frames for question Msz128EJeWE_0: [0, 23, 47, 71, 95, 119, 143, 167, 191, 215, 239]
2026-03-07 14:21:55,045 | INFO | Selecting frames for question 6Z7AAcD8rbo_0 on video 6Z7AAcD8rbo.mp4: frames=13 tags=4
2026-03-07 14:21:55,045 | INFO | Selected 13 frames for question 6Z7AAcD8rbo_0: [0, 23, 47, 71, 95, 119, 143, 167, 191, 215, 239, 263, 287]
2026-03-07 14:21:55,045 | INFO | Selecting frames for question 9aWPbYosJUw_0 on video 9aWPbYosJUw.mp4: frames=12 tags=4
2026-03-07 14:21:55,045 | INFO | Selected 12 frames for question 9aWPbYosJUw_0: [0, 25, 50, 75, 100, 125, 150, 175, 200, 225, 250, 275]
2026-03-07 14:21:55,045 | INFO | Selecting frames for question JuthlQ2Zo38_0 on video JuthlQ2Zo38.mp4: frames=13 tags=4
2026-03-07 14:21:55,045 | INFO | Selected 13 frames for question JuthlQ2Zo38_0: [0, 25, 50, 75, 100, 125, 150, 175, 200, 225, 250, 275, 300]
2026-03-07 14:21:55,045 | INFO | Selecting frames for question iHzypa15yRA_0 on video iHzypa15yRA.mp4: frames=13 tags=4
2026-03-07 14:21:55,045 | INFO | Selected 13 frames for question iHzypa15yRA_0: [0, 25, 50, 75, 100, 125, 150, 175, 200, 225, 250, 275, 300]
2026-03-07 14:21:55,045 | INFO | Selecting frames for question Scne0ls23MA_0 on video Scne0ls23MA.mp4: frames=9 tags=4
2026-03-07 14:21:55,045 | INFO | Selected 9 frames for question Scne0ls23MA_0: [0, 30, 60, 90, 120, 150, 180, 210, 240]
2026-03-07 14:21:55,045 | INFO | Selecting frames for question WLl3SeraTV0_0 on video WLl3SeraTV0.mp4: frames=11 tags=4
2026-03-07 14:21:55,045 | INFO | Selected 11 frames for question WLl3SeraTV0_0: [0, 23, 47, 71, 95, 119, 143, 167, 191, 215, 239]
2026-03-07 14:21:55,045 | INFO | Selecting frames for question kbRtl58u_kk_0 on video kbRtl58u_kk.mp4: frames=8 tags=4
2026-03-07 14:21:55,045 | INFO | Selected 8 frames for question kbRtl58u_kk_0: [0, 29, 59, 89, 119, 149, 179, 209]
2026-03-07 14:21:55,045 | INFO | Selecting frames for question pZ-9hGQNHuA_0 on video pZ-9hGQNHuA.mp4: frames=12 tags=4
2026-03-07 14:21:55,045 | INFO | Selected 12 frames for question pZ-9hGQNHuA_0: [0, 23, 47, 71, 95, 119, 143, 167, 191, 215, 239, 263]
2026-03-07 14:21:55,045 | INFO | Selecting frames for question GZFL58_pXPg_0 on video GZFL58_pXPg.mp4: frames=8 tags=4
2026-03-07 14:21:55,045 | INFO | Selected 8 frames for question GZFL58_pXPg_0: [0, 23, 47, 71, 95, 119, 143, 167]
2026-03-07 14:21:55,045 | INFO | Selecting frames for question F2i-LchFVCU_0 on video F2i-LchFVCU.mp4: frames=13 tags=4
2026-03-07 14:21:55,045 | INFO | Selected 13 frames for question F2i-LchFVCU_0: [0, 29, 59, 89, 119, 149, 179, 209, 239, 269, 299, 329, 359]
2026-03-07 14:21:55,046 | INFO | Selecting frames for question FOMS_yqdN1o_0 on video FOMS_yqdN1o.mp4: frames=10 tags=4
2026-03-07 14:21:55,046 | INFO | Selected 10 frames for question FOMS_yqdN1o_0: [0, 23, 47, 71, 95, 119, 143, 167, 191, 215]
2026-03-07 14:21:55,046 | INFO | Selecting frames for question YvM4rzSxX1U_0 on video YvM4rzSxX1U.mp4: frames=14 tags=4
2026-03-07 14:21:55,046 | INFO | Selected 14 frames for question YvM4rzSxX1U_0: [0, 30, 60, 90, 120, 150, 180, 210, 240, 270, 300, 330, 360, 390]
2026-03-07 14:21:55,046 | INFO | Selecting frames for question M5Umm-ltnao_0 on video M5Umm-ltnao.mp4: frames=13 tags=4
2026-03-07 14:21:55,046 | INFO | Selected 13 frames for question M5Umm-ltnao_0: [0, 29, 59, 89, 119, 149, 179, 209, 239, 269, 299, 329, 359]
2026-03-07 14:21:55,046 | INFO | Selecting frames for question _kQXNFG664Y_0 on video _kQXNFG664Y.mp4: frames=8 tags=4
2026-03-07 14:21:55,046 | INFO | Selected 8 frames for question _kQXNFG664Y_0: [0, 25, 50, 75, 100, 125, 150, 175]
2026-03-07 14:21:55,046 | INFO | Selecting frames for question h2RbVVz3NZc_0 on video h2RbVVz3NZc.mp4: frames=13 tags=4
2026-03-07 14:21:55,046 | INFO | Selected 13 frames for question h2RbVVz3NZc_0: [0, 29, 59, 89, 119, 149, 179, 209, 239, 269, 299, 329, 359]
2026-03-07 14:21:55,046 | INFO | Selecting frames for question UbgwG8fcIu0_0 on video UbgwG8fcIu0.mp4: frames=9 tags=4
2026-03-07 14:21:55,046 | INFO | Selected 9 frames for question UbgwG8fcIu0_0: [0, 25, 50, 75, 100, 125, 150, 175, 200]
2026-03-07 14:21:55,046 | INFO | Selecting frames for question GAoK4XjssrM_0 on video GAoK4XjssrM.mp4: frames=9 tags=4
2026-03-07 14:21:55,046 | INFO | Selected 9 frames for question GAoK4XjssrM_0: [0, 29, 59, 89, 119, 149, 179, 209, 239]
2026-03-07 14:21:55,046 | INFO | Selecting frames for question jbPR2SJuFHg_0 on video jbPR2SJuFHg.mp4: frames=9 tags=4
2026-03-07 14:21:55,046 | INFO | Selected 9 frames for question jbPR2SJuFHg_0: [0, 23, 47, 71, 95, 119, 143, 167, 191]
2026-03-07 14:21:55,046 | INFO | Selecting frames for question XvJqVKi8i_I_0 on video XvJqVKi8i_I.mp4: frames=12 tags=4
2026-03-07 14:21:55,046 | INFO | Selected 12 frames for question XvJqVKi8i_I_0: [0, 23, 47, 71, 95, 119, 143, 167, 191, 215, 239, 263]
2026-03-07 14:21:55,046 | INFO | Selecting frames for question PE32sjfN-uM_0 on video PE32sjfN-uM.mp4: frames=9 tags=4
2026-03-07 14:21:55,046 | INFO | Selected 9 frames for question PE32sjfN-uM_0: [0, 25, 50, 75, 100, 125, 150, 175, 200]
2026-03-07 14:21:55,046 | INFO | Selecting frames for question 2F7d7aUCmUU_0 on video 2F7d7aUCmUU.mp4: frames=8 tags=4
2026-03-07 14:21:55,046 | INFO | Selected 8 frames for question 2F7d7aUCmUU_0: [0, 23, 47, 71, 95, 119, 143, 167]
2026-03-07 14:21:55,046 | INFO | Selecting frames for question mB7NW91REF4_0 on video mB7NW91REF4.mp4: frames=13 tags=4
2026-03-07 14:21:55,046 | INFO | Selected 13 frames for question mB7NW91REF4_0: [0, 29, 59, 89, 119, 149, 179, 209, 239, 269, 299, 329, 359]
2026-03-07 14:21:55,046 | INFO | Selecting frames for question UM0VOrAtnPA_0 on video UM0VOrAtnPA.mp4: frames=8 tags=4
2026-03-07 14:21:55,046 | INFO | Selected 8 frames for question UM0VOrAtnPA_0: [0, 23, 47, 71, 95, 119, 143, 167]
2026-03-07 14:21:55,046 | INFO | Selecting frames for question BkCbbFn21LY_0 on video BkCbbFn21LY.mp4: frames=11 tags=4
2026-03-07 14:21:55,047 | INFO | Selected 11 frames for question BkCbbFn21LY_0: [0, 30, 60, 90, 120, 150, 180, 210, 240, 270, 300]
2026-03-07 14:21:55,047 | INFO | Selecting frames for question H7gnsO4UZmU_0 on video H7gnsO4UZmU.mp4: frames=13 tags=4
2026-03-07 14:21:55,047 | INFO | Selected 13 frames for question H7gnsO4UZmU_0: [0, 30, 60, 90, 120, 150, 180, 210, 240, 270, 300, 330, 360]
2026-03-07 14:21:55,047 | INFO | Selecting frames for question W8w09l_mmT4_0 on video W8w09l_mmT4.mp4: frames=9 tags=4
2026-03-07 14:21:55,047 | INFO | Selected 9 frames for question W8w09l_mmT4_0: [0, 23, 47, 71, 95, 119, 143, 167, 191]
2026-03-07 14:21:55,047 | INFO | Selecting frames for question 7PqVVjEW0LM_0 on video 7PqVVjEW0LM.mp4: frames=10 tags=4
2026-03-07 14:21:55,047 | INFO | Selected 10 frames for question 7PqVVjEW0LM_0: [0, 23, 47, 71, 95, 119, 143, 167, 191, 215]
2026-03-07 14:21:55,047 | INFO | Selecting frames for question NS2V_OHYkvA_0 on video NS2V_OHYkvA.mp4: frames=9 tags=4
2026-03-07 14:21:55,047 | INFO | Selected 9 frames for question NS2V_OHYkvA_0: [0, 29, 59, 89, 119, 149, 179, 209, 239]
2026-03-07 14:21:55,047 | INFO | Selecting frames for question iDFDxwPTjeU_0 on video iDFDxwPTjeU.mp4: frames=13 tags=4
2026-03-07 14:21:55,047 | INFO | Selected 13 frames for question iDFDxwPTjeU_0: [0, 25, 50, 75, 100, 125, 150, 175, 200, 225, 250, 275, 300]
2026-03-07 14:21:55,047 | INFO | Selecting frames for question 18rZLZqg6C8_0 on video 18rZLZqg6C8.mp4: frames=8 tags=4
2026-03-07 14:21:55,047 | INFO | Selected 8 frames for question 18rZLZqg6C8_0: [0, 24, 48, 72, 96, 120, 144, 168]
2026-03-07 14:21:55,047 | INFO | Selecting frames for question AU0UJVNZMvA_0 on video AU0UJVNZMvA.mp4: frames=14 tags=4
2026-03-07 14:21:55,047 | INFO | Selected 14 frames for question AU0UJVNZMvA_0: [0, 25, 50, 75, 100, 125, 150, 175, 200, 225, 250, 275, 300, 325]
2026-03-07 14:21:55,047 | INFO | Selecting frames for question u-vYvqxHejY_0 on video u-vYvqxHejY.mp4: frames=8 tags=4
2026-03-07 14:21:55,047 | INFO | Selected 8 frames for question u-vYvqxHejY_0: [0, 23, 47, 71, 95, 119, 143, 167]
2026-03-07 14:21:55,047 | INFO | Selecting frames for question KFqlW0APKRA_0 on video KFqlW0APKRA.mp4: frames=14 tags=4
2026-03-07 14:21:55,047 | INFO | Selected 14 frames for question KFqlW0APKRA_0: [0, 23, 47, 71, 95, 119, 143, 167, 191, 215, 239, 263, 287, 311]
2026-03-07 14:21:55,047 | INFO | Selecting frames for question Ge5SjsgaA4o_0 on video Ge5SjsgaA4o.mp4: frames=8 tags=4
2026-03-07 14:21:55,047 | INFO | Selected 8 frames for question Ge5SjsgaA4o_0: [0, 23, 47, 71, 95, 119, 143, 167]
2026-03-07 14:21:55,047 | INFO | Selecting frames for question tygk9-aneC4_0 on video tygk9-aneC4.mp4: frames=14 tags=4
2026-03-07 14:21:55,047 | INFO | Selected 14 frames for question tygk9-aneC4_0: [0, 29, 59, 89, 119, 149, 179, 209, 239, 269, 299, 329, 359, 389]
2026-03-07 14:21:55,047 | INFO | Selecting frames for question CFm3bc9gqYE_0 on video CFm3bc9gqYE.mp4: frames=9 tags=4
2026-03-07 14:21:55,047 | INFO | Selected 9 frames for question CFm3bc9gqYE_0: [0, 24, 48, 72, 96, 120, 144, 168, 192]
2026-03-07 14:21:55,047 | INFO | Selecting frames for question mOiEOs3ZlT8_0 on video mOiEOs3ZlT8.mp4: frames=12 tags=4
2026-03-07 14:21:55,047 | INFO | Selected 12 frames for question mOiEOs3ZlT8_0: [0, 23, 47, 71, 95, 119, 143, 167, 191, 215, 239, 263]
2026-03-07 14:21:55,048 | INFO | Selecting frames for question QpDL3mopnWM_0 on video QpDL3mopnWM.mp4: frames=14 tags=4
2026-03-07 14:21:55,048 | INFO | Selected 14 frames for question QpDL3mopnWM_0: [0, 23, 47, 71, 95, 119, 143, 167, 191, 215, 239, 263, 287, 311]
2026-03-07 14:21:55,048 | INFO | Selecting frames for question 9yQV0t5meo4_0 on video 9yQV0t5meo4.mp4: frames=9 tags=4
2026-03-07 14:21:55,048 | INFO | Selected 9 frames for question 9yQV0t5meo4_0: [0, 29, 59, 89, 119, 149, 179, 209, 239]
2026-03-07 14:21:55,048 | INFO | Selecting frames for question 8urCPp_yhWs_0 on video 8urCPp_yhWs.mp4: frames=9 tags=4
2026-03-07 14:21:55,048 | INFO | Selected 9 frames for question 8urCPp_yhWs_0: [0, 30, 60, 90, 120, 150, 180, 210, 240]
2026-03-07 14:21:55,048 | INFO | Selecting frames for question Lf7uW4xK2bc_0 on video Lf7uW4xK2bc.mp4: frames=8 tags=4
2026-03-07 14:21:55,048 | INFO | Selected 8 frames for question Lf7uW4xK2bc_0: [0, 23, 47, 71, 95, 119, 143, 167]
2026-03-07 14:21:55,048 | INFO | Selecting frames for question Lk9ZihSgjdo_0 on video Lk9ZihSgjdo.mp4: frames=12 tags=4
2026-03-07 14:21:55,048 | INFO | Selected 12 frames for question Lk9ZihSgjdo_0: [0, 23, 47, 71, 95, 119, 143, 167, 191, 215, 239, 263]
2026-03-07 14:21:55,048 | INFO | Selecting frames for question NWOF4GqpWaw_0 on video NWOF4GqpWaw.mp4: frames=13 tags=4
2026-03-07 14:21:55,048 | INFO | Selected 13 frames for question NWOF4GqpWaw_0: [0, 29, 59, 89, 119, 149, 179, 209, 239, 269, 299, 329, 359]
2026-03-07 14:21:55,048 | INFO | Selecting frames for question TARe4G-SXfk_0 on video TARe4G-SXfk.mp4: frames=13 tags=4
2026-03-07 14:21:55,048 | INFO | Selected 13 frames for question TARe4G-SXfk_0: [0, 23, 47, 71, 95, 119, 143, 167, 191, 215, 239, 263, 287]
2026-03-07 14:21:55,048 | INFO | Selecting frames for question 3Qv2K_0GEE0_0 on video 3Qv2K_0GEE0.mp4: frames=8 tags=4
2026-03-07 14:21:55,048 | INFO | Selected 8 frames for question 3Qv2K_0GEE0_0: [0, 30, 60, 90, 120, 150, 180, 210]
2026-03-07 14:21:55,048 | INFO | Selecting frames for question dxjKdnJFmLs_0 on video dxjKdnJFmLs.mp4: frames=11 tags=4
2026-03-07 14:21:55,048 | INFO | Selected 11 frames for question dxjKdnJFmLs_0: [0, 29, 59, 89, 119, 149, 179, 209, 239, 269, 299]
2026-03-07 14:21:55,048 | INFO | Selecting frames for question bH1Q9AM5vik_0 on video bH1Q9AM5vik.mp4: frames=11 tags=4
2026-03-07 14:21:55,048 | INFO | Selected 11 frames for question bH1Q9AM5vik_0: [0, 25, 50, 75, 100, 125, 150, 175, 200, 225, 250]
2026-03-07 14:21:55,048 | INFO | Selecting frames for question 1IpgyV9u5nE_0 on video 1IpgyV9u5nE.mp4: frames=8 tags=4
2026-03-07 14:21:55,048 | INFO | Selected 8 frames for question 1IpgyV9u5nE_0: [0, 29, 59, 89, 119, 149, 179, 209]
2026-03-07 14:21:55,048 | INFO | Selecting frames for question V0h7rJShw0g_0 on video V0h7rJShw0g.mp4: frames=13 tags=4
2026-03-07 14:21:55,048 | INFO | Selected 13 frames for question V0h7rJShw0g_0: [0, 29, 59, 89, 119, 149, 179, 209, 239, 269, 299, 329, 359]
2026-03-07 14:21:55,048 | INFO | Selecting frames for question GKgl3aJr5Xw_0 on video GKgl3aJr5Xw.mp4: frames=13 tags=4
2026-03-07 14:21:55,048 | INFO | Selected 13 frames for question GKgl3aJr5Xw_0: [0, 30, 60, 90, 120, 150, 180, 210, 240, 270, 300, 330, 360]
2026-03-07 14:21:55,049 | INFO | Selecting frames for question il_wMYlDQ6I_0 on video il_wMYlDQ6I.mp4: frames=12 tags=4
2026-03-07 14:21:55,049 | INFO | Selected 12 frames for question il_wMYlDQ6I_0: [0, 30, 60, 90, 120, 150, 180, 210, 240, 270, 300, 330]
2026-03-07 14:21:55,049 | INFO | Selecting frames for question 3ZRVpYPFOl0_0 on video 3ZRVpYPFOl0.mp4: frames=13 tags=4
2026-03-07 14:21:55,049 | INFO | Selected 13 frames for question 3ZRVpYPFOl0_0: [0, 24, 48, 72, 96, 120, 144, 168, 192, 216, 240, 264, 288]
2026-03-07 14:21:55,049 | INFO | Selecting frames for question OLO19ZtdRwQ_0 on video OLO19ZtdRwQ.mp4: frames=9 tags=4
2026-03-07 14:21:55,049 | INFO | Selected 9 frames for question OLO19ZtdRwQ_0: [0, 29, 59, 89, 119, 149, 179, 209, 239]
2026-03-07 14:21:55,049 | INFO | Selecting frames for question gJuOMPiixUA_0 on video gJuOMPiixUA.mp4: frames=8 tags=4
2026-03-07 14:21:55,049 | INFO | Selected 8 frames for question gJuOMPiixUA_0: [0, 23, 47, 71, 95, 119, 143, 167]
2026-03-07 14:21:55,049 | INFO | Selecting frames for question bDpgz_2Piqg_0 on video bDpgz_2Piqg.mp4: frames=13 tags=4
2026-03-07 14:21:55,049 | INFO | Selected 13 frames for question bDpgz_2Piqg_0: [0, 25, 50, 75, 100, 125, 150, 175, 200, 225, 250, 275, 300]
2026-03-07 14:21:55,049 | INFO | Selecting frames for question e_nAKiSutiA_0 on video e_nAKiSutiA.mp4: frames=13 tags=4
2026-03-07 14:21:55,049 | INFO | Selected 13 frames for question e_nAKiSutiA_0: [0, 23, 47, 71, 95, 119, 143, 167, 191, 215, 239, 263, 287]
2026-03-07 14:21:55,049 | INFO | Selecting frames for question H_b5d-rLXJU_0 on video H_b5d-rLXJU.mp4: frames=10 tags=4
2026-03-07 14:21:55,049 | INFO | Selected 10 frames for question H_b5d-rLXJU_0: [0, 29, 59, 89, 119, 149, 179, 209, 239, 269]
2026-03-07 14:21:55,049 | INFO | Selecting frames for question anQ5KFW8Gn4_0 on video anQ5KFW8Gn4.mp4: frames=12 tags=4
2026-03-07 14:21:55,049 | INFO | Selected 12 frames for question anQ5KFW8Gn4_0: [0, 23, 47, 71, 95, 119, 143, 167, 191, 215, 239, 263]
2026-03-07 14:21:55,049 | INFO | Selecting frames for question Vn-z0qXp9bQ_0 on video Vn-z0qXp9bQ.mp4: frames=10 tags=4
2026-03-07 14:21:55,049 | INFO | Selected 10 frames for question Vn-z0qXp9bQ_0: [0, 23, 47, 71, 95, 119, 143, 167, 191, 215]
2026-03-07 14:21:55,049 | INFO | Selecting frames for question rVGE6xhfVJE_0 on video rVGE6xhfVJE.mp4: frames=11 tags=4
2026-03-07 14:21:55,049 | INFO | Selected 11 frames for question rVGE6xhfVJE_0: [0, 30, 60, 90, 120, 150, 180, 210, 240, 270, 300]
2026-03-07 14:21:55,049 | INFO | Selecting frames for question ZL07dkaoHOg_0 on video ZL07dkaoHOg.mp4: frames=13 tags=4
2026-03-07 14:21:55,049 | INFO | Selected 13 frames for question ZL07dkaoHOg_0: [0, 24, 48, 72, 96, 120, 144, 168, 192, 216, 240, 264, 288]
2026-03-07 14:21:55,049 | INFO | Selecting frames for question g_kziK-UOSU_0 on video g_kziK-UOSU.mp4: frames=10 tags=4
2026-03-07 14:21:55,049 | INFO | Selected 10 frames for question g_kziK-UOSU_0: [0, 29, 59, 89, 119, 149, 179, 209, 239, 269]
2026-03-07 14:21:55,049 | INFO | Selecting frames for question VPcdtoldWCA_0 on video VPcdtoldWCA.mp4: frames=8 tags=4
2026-03-07 14:21:55,049 | INFO | Selected 8 frames for question VPcdtoldWCA_0: [0, 29, 59, 89, 119, 149, 179, 209]
2026-03-07 14:21:55,049 | INFO | Selecting frames for question K24dFfIM0gI_0 on video K24dFfIM0gI.mp4: frames=10 tags=4
2026-03-07 14:21:55,050 | INFO | Selected 10 frames for question K24dFfIM0gI_0: [0, 25, 50, 75, 100, 125, 150, 175, 200, 225]
2026-03-07 14:21:55,050 | INFO | Selecting frames for question qksR2Zvd-FM_0 on video qksR2Zvd-FM.mp4: frames=917 tags=4
2026-03-07 14:22:02,612 | INFO | Selected 32 frames for question qksR2Zvd-FM_0: [960, 1080, 1128, 8280, 8376, 9552, 9768, 11280, 13392, 13416, 13440, 13464, 13488, 13512, 13536, 13560, 13584, 13608, 13632, 13656, 13680, 15048, 15240, 15312, 16488, 16512, 16560, 16728, 17808, 17976, 18000, 21360]
2026-03-07 14:22:02,612 | INFO | Selecting frames for question qksR2Zvd-FM_1 on video qksR2Zvd-FM.mp4: frames=917 tags=4
2026-03-07 14:22:10,106 | INFO | Selected 32 frames for question qksR2Zvd-FM_1: [2424, 2496, 4896, 4920, 4944, 4968, 4992, 5016, 5040, 5064, 5088, 5112, 5136, 5160, 5184, 5208, 5232, 5256, 5280, 5832, 16704, 16728, 16896, 16992, 17040, 20304, 21048, 21096, 21336, 21360, 21384, 21408]
2026-03-07 14:22:10,106 | INFO | Selecting frames for question qksR2Zvd-FM_2 on video qksR2Zvd-FM.mp4: frames=917 tags=4
2026-03-07 14:22:17,578 | INFO | Selected 32 frames for question qksR2Zvd-FM_2: [2280, 2400, 2424, 2448, 2496, 2568, 2640, 2712, 2760, 2784, 2808, 2832, 2856, 2904, 4896, 4920, 4992, 5016, 5040, 5112, 5160, 5208, 5232, 5256, 5280, 10176, 21024, 21192, 21264, 21312, 21336, 21384]
2026-03-07 14:22:17,578 | INFO | Selecting frames for question rwL_XPw46zQ_0 on video rwL_XPw46zQ.mp4: frames=1623 tags=4
2026-03-07 14:22:41,322 | INFO | Selected 32 frames for question rwL_XPw46zQ_0: [1608, 1728, 4992, 6456, 6504, 6528, 6552, 6576, 6600, 6624, 16872, 16920, 20400, 20424, 20448, 20472, 20496, 20520, 20880, 22560, 22584, 22608, 22632, 22656, 35592, 35616, 35688, 35880, 35904, 35928, 35952, 35976]
2026-03-07 14:22:41,322 | INFO | Selecting frames for question rwL_XPw46zQ_1 on video rwL_XPw46zQ.mp4: frames=1623 tags=4
2026-03-07 14:23:04,821 | INFO | Selected 32 frames for question rwL_XPw46zQ_1: [1608, 1728, 4992, 6456, 6504, 6528, 6552, 6576, 6600, 6624, 16872, 16920, 20400, 20424, 20448, 20472, 20496, 20520, 20880, 22560, 22584, 22608, 22632, 22656, 35592, 35616, 35688, 35880, 35904, 35928, 35952, 35976]
2026-03-07 14:23:04,822 | INFO | Selecting frames for question rwL_XPw46zQ_2 on video rwL_XPw46zQ.mp4: frames=1623 tags=4
2026-03-07 14:23:28,982 | INFO | Selected 32 frames for question rwL_XPw46zQ_2: [1608, 1728, 4992, 6456, 6504, 6528, 6552, 6576, 6600, 6624, 16872, 16920, 20400, 20424, 20448, 20472, 20496, 20520, 20880, 22560, 22584, 22608, 22632, 22656, 35592, 35616, 35688, 35880, 35904, 35928, 35952, 35976]
2026-03-07 14:23:28,982 | INFO | Selecting frames for question VFXJnbnN5ro_0 on video VFXJnbnN5ro.mp4: frames=1214 tags=4
2026-03-07 14:23:42,108 | INFO | Selected 32 frames for question VFXJnbnN5ro_0: [4015, 4045, 4075, 4105, 4135, 4165, 7012, 7042, 7072, 7102, 14205, 14235, 14805, 14865, 14895, 14925, 14985, 15104, 15134, 15164, 20349, 20379, 20439, 20469, 20499, 20529, 20559, 20589, 20649, 25924, 26793, 26823]
2026-03-07 14:23:42,108 | INFO | Selecting frames for question VFXJnbnN5ro_1 on video VFXJnbnN5ro.mp4: frames=1214 tags=4
2026-03-07 14:23:55,747 | INFO | Selected 32 frames for question VFXJnbnN5ro_1: [329, 359, 389, 659, 1108, 1138, 1168, 1198, 1228, 1258, 1288, 1318, 1348, 1378, 1408, 1438, 1468, 1738, 1768, 1798, 1858, 7252, 7342, 7372, 7402, 7432, 7462, 7492, 7522, 26883, 29610, 29640]
2026-03-07 14:23:55,747 | INFO | Selecting frames for question VFXJnbnN5ro_2 on video VFXJnbnN5ro.mp4: frames=1214 tags=4
2026-03-07 14:24:09,028 | INFO | Selected 32 frames for question VFXJnbnN5ro_2: [11118, 11148, 11178, 13996, 14025, 14055, 14085, 14115, 14145, 14175, 15284, 18101, 18161, 18191, 25234, 25354, 25504, 29250, 29280, 29310, 29340, 29370, 29430, 32697, 32727, 32757, 32787, 32847, 33086, 33116, 33146, 33176]
2026-03-07 14:24:09,029 | INFO | Selecting frames for question zJ2uPZfkYMk_0 on video zJ2uPZfkYMk.mp4: frames=1460 tags=4
2026-03-07 14:24:28,342 | INFO | Selected 32 frames for question zJ2uPZfkYMk_0: [239, 263, 287, 311, 335, 575, 599, 623, 1942, 2037, 2829, 2949, 2973, 4891, 8151, 8271, 8415, 8559, 8775, 9014, 9710, 10501, 10765, 11940, 12107, 12755, 14145, 14361, 14721, 14985, 18989, 20043]
2026-03-07 14:24:28,343 | INFO | Selecting frames for question zJ2uPZfkYMk_1 on video zJ2uPZfkYMk.mp4: frames=1460 tags=4
2026-03-07 14:24:47,587 | INFO | Selected 32 frames for question zJ2uPZfkYMk_1: [7432, 8151, 10429, 10693, 10717, 10765, 10837, 11268, 11388, 11532, 11916, 13498, 13930, 14721, 14769, 15968, 21602, 21626, 21650, 21698, 21770, 23064, 23448, 24455, 27284, 27332, 27548, 27644, 27812, 28339, 29418, 29442]
2026-03-07 14:24:47,587 | INFO | Selecting frames for question zJ2uPZfkYMk_2 on video zJ2uPZfkYMk.mp4: frames=1460 tags=4
2026-03-07 14:25:06,997 | INFO | Selected 32 frames for question zJ2uPZfkYMk_2: [2037, 2061, 2085, 2109, 4819, 5970, 7744, 8175, 8199, 8415, 8439, 8463, 8487, 12755, 12779, 12803, 12827, 12899, 12947, 12971, 13066, 15176, 15224, 16255, 19828, 19852, 19876, 19900, 26181, 26205, 26229, 26253]
2026-03-07 14:25:06,997 | INFO | Selecting frames for question mqtJErix0ss_0 on video mqtJErix0ss.mp4: frames=981 tags=4
2026-03-07 14:25:15,589 | INFO | Selected 32 frames for question mqtJErix0ss_0: [4250, 4775, 5550, 6000, 6025, 6500, 10475, 10575, 10625, 10750, 10800, 10825, 10875, 12400, 12450, 12475, 12500, 15375, 15475, 19950, 19975, 20050, 22475, 22500, 22975, 23075, 23100, 23125, 23175, 24000, 24050, 24125]
2026-03-07 14:25:15,589 | INFO | Selecting frames for question mqtJErix0ss_1 on video mqtJErix0ss.mp4: frames=981 tags=4
2026-03-07 14:25:24,181 | INFO | Selected 32 frames for question mqtJErix0ss_1: [14600, 14625, 14675, 14700, 14900, 14925, 15025, 15050, 15075, 15100, 15125, 15500, 15525, 15550, 15575, 15750, 15775, 15850, 15875, 19450, 19725, 21875, 21900, 21925, 21950, 21975, 22000, 22025, 22050, 22075, 22100, 22150]
2026-03-07 14:25:24,181 | INFO | Selecting frames for question mqtJErix0ss_2 on video mqtJErix0ss.mp4: frames=981 tags=4
2026-03-07 14:25:32,882 | INFO | Selected 32 frames for question mqtJErix0ss_2: [500, 7825, 11800, 11850, 12625, 12650, 12675, 12700, 12725, 12750, 12775, 12800, 12825, 12875, 12975, 13025, 13050, 13075, 13500, 13550, 16950, 19450, 21875, 21900, 21925, 21950, 21975, 22000, 22025, 22050, 22075, 22100]
2026-03-07 14:25:32,883 | INFO | Selecting frames for question sEiyR7-0FOA_0 on video sEiyR7-0FOA.mp4: frames=2853 tags=4
2026-03-07 14:26:47,138 | INFO | Selected 32 frames for question sEiyR7-0FOA_0: [16392, 16416, 16440, 16464, 16488, 16512, 16536, 16560, 16584, 16608, 17088, 17112, 17136, 17160, 17184, 17208, 17232, 17256, 25728, 25752, 25776, 25800, 25824, 66792, 66816, 66840, 66864, 66888, 66912, 67080, 67104, 67128]
2026-03-07 14:26:47,139 | INFO | Selecting frames for question sEiyR7-0FOA_1 on video sEiyR7-0FOA.mp4: frames=2853 tags=4
2026-03-07 14:28:01,159 | INFO | Selected 32 frames for question sEiyR7-0FOA_1: [1080, 1128, 7608, 38856, 44472, 44496, 44520, 44544, 44568, 44640, 44664, 44688, 44808, 44976, 45000, 45024, 45360, 45384, 45408, 45432, 45456, 45480, 45624, 45648, 45696, 45792, 45816, 45840, 45864, 52992, 53184, 53208]
2026-03-07 14:28:01,160 | INFO | Selecting frames for question sEiyR7-0FOA_2 on video sEiyR7-0FOA.mp4: frames=2853 tags=4
2026-03-07 14:29:16,169 | INFO | Selected 32 frames for question sEiyR7-0FOA_2: [6696, 6720, 12480, 12504, 12600, 12672, 12696, 12720, 12744, 12768, 12816, 12840, 17112, 17136, 17160, 17184, 17208, 17232, 17256, 28776, 66792, 66816, 66840, 66864, 66888, 66912, 66936, 66960, 66984, 67008, 67032, 67080]
2026-03-07 14:29:16,169 | INFO | Selecting frames for question LlqsCCa6y58_0 on video LlqsCCa6y58.mp4: frames=1810 tags=4
2026-03-07 14:29:46,002 | INFO | Selected 32 frames for question LlqsCCa6y58_0: [4291, 4315, 4339, 4363, 4387, 4411, 4435, 4459, 4483, 4507, 4531, 4555, 4579, 4603, 4627, 4651, 4675, 4699, 4723, 4747, 4771, 4795, 4819, 4843, 4867, 4891, 4915, 4939, 4963, 10957, 21698, 42965]
2026-03-07 14:29:46,002 | INFO | Selecting frames for question LlqsCCa6y58_1 on video LlqsCCa6y58.mp4: frames=1810 tags=4
2026-03-07 14:30:15,586 | INFO | Selected 32 frames for question LlqsCCa6y58_1: [935, 25462, 27404, 27452, 27524, 28243, 31672, 31696, 31720, 31744, 31864, 31912, 32271, 32295, 32319, 32343, 32367, 32391, 32415, 32439, 32463, 32559, 32799, 32823, 32847, 32919, 39512, 40111, 42653, 42677, 42701, 42725]
2026-03-07 14:30:15,587 | INFO | Selecting frames for question LlqsCCa6y58_2 on video LlqsCCa6y58.mp4: frames=1810 tags=4
2026-03-07 14:30:45,239 | INFO | Selected 32 frames for question LlqsCCa6y58_2: [2109, 2133, 2157, 2229, 2253, 3068, 3092, 3116, 3140, 3164, 3260, 6233, 6257, 6281, 7408, 7432, 7768, 21338, 27404, 31432, 37090, 39560, 39608, 39704, 39728, 39752, 39776, 39800, 39848, 41334, 41382, 41406]
2026-03-07 14:30:45,240 | INFO | Selecting frames for question mS1QPVgBDQo_0 on video mS1QPVgBDQo.mp4: frames=1950 tags=4
2026-03-07 14:31:19,792 | INFO | Selected 32 frames for question mS1QPVgBDQo_0: [749, 3986, 4195, 4255, 4495, 7102, 7132, 9230, 9320, 12077, 14955, 15104, 15134, 15254, 15464, 16633, 17802, 19360, 19480, 19840, 19960, 20139, 20169, 20259, 20649, 20679, 20949, 20979, 26253, 26343, 26493, 27812]
2026-03-07 14:31:19,793 | INFO | Selecting frames for question mS1QPVgBDQo_1 on video mS1QPVgBDQo.mp4: frames=1950 tags=4
2026-03-07 14:31:54,169 | INFO | Selected 32 frames for question mS1QPVgBDQo_1: [4255, 9230, 9320, 14955, 15074, 15464, 16633, 17622, 17802, 17892, 17982, 19360, 19390, 19960, 20649, 20679, 20949, 20979, 21008, 21188, 21218, 21338, 21578, 21908, 24065, 26253, 26343, 26373, 26433, 26493, 27812, 28141]
2026-03-07 14:31:54,169 | INFO | Selecting frames for question mS1QPVgBDQo_2 on video mS1QPVgBDQo.mp4: frames=1950 tags=4
2026-03-07 14:32:28,615 | INFO | Selected 32 frames for question mS1QPVgBDQo_2: [989, 1018, 2037, 2847, 3386, 4075, 4135, 4165, 4195, 4225, 4255, 4495, 4735, 4765, 4825, 20649, 20829, 24575, 24845, 25384, 25774, 27842, 28141, 28501, 28531, 28561, 28621, 28711, 28741, 28771, 28801, 28831]
2026-03-07 14:32:28,615 | INFO | Selecting frames for question hg2Q_O5b9w4_0 on video hg2Q_O5b9w4.mp4: frames=1724 tags=4
2026-03-07 14:32:54,958 | INFO | Selected 32 frames for question hg2Q_O5b9w4_0: [12480, 12504, 14448, 14472, 14496, 16152, 16560, 16584, 16608, 21672, 21696, 21720, 21744, 21792, 21816, 21840, 21864, 21888, 21912, 22632, 23712, 27936, 27960, 27984, 28008, 28032, 28056, 28080, 28104, 28128, 28152, 28176]
2026-03-07 14:32:54,959 | INFO | Selecting frames for question hg2Q_O5b9w4_1 on video hg2Q_O5b9w4.mp4: frames=1724 tags=4
2026-03-07 14:33:22,050 | INFO | Selected 32 frames for question hg2Q_O5b9w4_1: [3672, 3696, 3720, 3744, 3768, 3792, 3816, 3864, 3888, 4320, 4344, 4368, 4392, 4416, 4440, 4464, 4488, 4512, 4536, 4560, 4584, 4608, 4632, 4656, 4680, 4704, 4728, 4752, 4776, 40248, 40272, 40296]
2026-03-07 14:33:22,050 | INFO | Selecting frames for question hg2Q_O5b9w4_2 on video hg2Q_O5b9w4.mp4: frames=1724 tags=4
2026-03-07 14:33:48,766 | INFO | Selected 32 frames for question hg2Q_O5b9w4_2: [2952, 2976, 3000, 3024, 3048, 3072, 3096, 3120, 3144, 3168, 3192, 3216, 3240, 3264, 3288, 8952, 8976, 9000, 9024, 9048, 14424, 14448, 14472, 14496, 16200, 16224, 16248, 16296, 16392, 16416, 16440, 16488]
2026-03-07 14:33:48,766 | INFO | Selecting frames for question CGngv8vTQOs_0 on video CGngv8vTQOs.mp4: frames=922 tags=4
2026-03-07 14:33:56,392 | INFO | Selected 32 frames for question CGngv8vTQOs_0: [575, 600, 625, 650, 750, 775, 800, 825, 850, 875, 1100, 1125, 5300, 5475, 5500, 5525, 5550, 5575, 5600, 5625, 5850, 5875, 10225, 10250, 10275, 10550, 10575, 10600, 10625, 14550, 14575, 15600]
2026-03-07 14:33:56,392 | INFO | Selecting frames for question CGngv8vTQOs_1 on video CGngv8vTQOs.mp4: frames=922 tags=4
2026-03-07 14:34:03,876 | INFO | Selected 32 frames for question CGngv8vTQOs_1: [6325, 6350, 14775, 14825, 14875, 14900, 14925, 14950, 15050, 15075, 15100, 15125, 15275, 15300, 15325, 15350, 15375, 15400, 15425, 15475, 15550, 15700, 15825, 15850, 16025, 16050, 16075, 16100, 16125, 19925, 22100, 22125]
2026-03-07 14:34:03,876 | INFO | Selecting frames for question CGngv8vTQOs_2 on video CGngv8vTQOs.mp4: frames=922 tags=4
2026-03-07 14:34:11,516 | INFO | Selected 32 frames for question CGngv8vTQOs_2: [16300, 19650, 22225, 22250, 22275, 22300, 22350, 22375, 22400, 22425, 22450, 22500, 22525, 22550, 22575, 22600, 22625, 22650, 22700, 22725, 22750, 22775, 22800, 22825, 22850, 22875, 22900, 22925, 22950, 22975, 23000, 23025]
2026-03-07 14:34:11,516 | INFO | Selecting frames for question 8Gl6iy7OEM4_0 on video 8Gl6iy7OEM4.mp4: frames=1598 tags=4
2026-03-07 14:34:34,627 | INFO | Selected 32 frames for question 8Gl6iy7OEM4_0: [6113, 6161, 6185, 6473, 6497, 6689, 6713, 6737, 6761, 6785, 6929, 6953, 6977, 7000, 7024, 7336, 7360, 7384, 8151, 8175, 8199, 8223, 8703, 8751, 8775, 8799, 8823, 8847, 8919, 8991, 9014, 9038]
2026-03-07 14:34:34,628 | INFO | Selecting frames for question 8Gl6iy7OEM4_1 on video 8Gl6iy7OEM4.mp4: frames=1598 tags=4
2026-03-07 14:34:57,897 | INFO | Selected 32 frames for question 8Gl6iy7OEM4_1: [6281, 6473, 6497, 6521, 6689, 6713, 6737, 6761, 6785, 7360, 8175, 8199, 8223, 8655, 8679, 8703, 8727, 8751, 8775, 8799, 8823, 8847, 8919, 8991, 9038, 10837, 19756, 19804, 19828, 23208, 23784, 27524]
2026-03-07 14:34:57,897 | INFO | Selecting frames for question 8Gl6iy7OEM4_2 on video 8Gl6iy7OEM4.mp4: frames=1598 tags=4
2026-03-07 14:35:20,599 | INFO | Selected 32 frames for question 8Gl6iy7OEM4_2: [0, 23, 47, 95, 239, 263, 287, 311, 335, 527, 551, 623, 671, 695, 719, 743, 767, 791, 4915, 8943, 8967, 24623, 24695, 24719, 25918, 28003, 28723, 28843, 29082, 29322, 34789, 36539]
2026-03-07 14:35:20,599 | INFO | Selecting frames for question Bwnkg6GbXwU_0 on video Bwnkg6GbXwU.mp4: frames=1299 tags=4
2026-03-07 14:35:35,738 | INFO | Selected 32 frames for question Bwnkg6GbXwU_0: [2397, 2427, 2457, 2487, 2517, 2547, 2577, 2637, 3866, 3926, 3986, 20799, 22357, 22837, 22897, 25234, 25264, 25294, 25324, 25384, 25414, 25444, 25474, 25504, 25534, 25564, 25594, 25624, 25654, 25684, 25714, 25744]
2026-03-07 14:35:35,739 | INFO | Selecting frames for question Bwnkg6GbXwU_1 on video Bwnkg6GbXwU.mp4: frames=1299 tags=4
2026-03-07 14:35:50,730 | INFO | Selected 32 frames for question Bwnkg6GbXwU_1: [7042, 7072, 7102, 7162, 7192, 10399, 10429, 10459, 10489, 10519, 10549, 10579, 11388, 11418, 11448, 11478, 11538, 11568, 11598, 11628, 11778, 11808, 11838, 11868, 11898, 11928, 11958, 17952, 17982, 18011, 22897, 22957]
2026-03-07 14:35:50,731 | INFO | Selecting frames for question Bwnkg6GbXwU_2 on video Bwnkg6GbXwU.mp4: frames=1299 tags=4
2026-03-07 14:36:05,823 | INFO | Selected 32 frames for question Bwnkg6GbXwU_2: [3656, 3806, 4345, 7222, 7252, 7282, 11088, 11238, 11268, 11358, 17442, 17472, 17502, 24935, 25024, 29250, 33116, 33206, 33446, 33476, 33506, 33536, 37642, 38211, 38691, 38721, 38751, 38781, 38811, 38841, 38871, 38901]
2026-03-07 14:36:05,824 | INFO | Selecting frames for question -eRimFrm6kQ_0 on video -eRimFrm6kQ.mp4: frames=1540 tags=4
2026-03-07 14:36:27,253 | INFO | Selected 32 frames for question -eRimFrm6kQ_0: [695, 719, 767, 791, 5154, 8055, 9998, 10021, 11052, 11076, 13858, 21386, 21410, 21434, 21458, 21866, 21914, 21986, 22033, 22057, 22081, 22105, 25030, 25462, 28459, 28771, 28795, 28819, 28843, 29130, 29970, 29994]
2026-03-07 14:36:27,254 | INFO | Selecting frames for question -eRimFrm6kQ_1 on video -eRimFrm6kQ.mp4: frames=1540 tags=4
2026-03-07 14:36:48,736 | INFO | Selected 32 frames for question -eRimFrm6kQ_1: [2085, 2181, 9566, 9590, 9638, 9662, 21770, 21842, 31552, 32151, 32199, 32223, 32247, 32271, 32727, 32799, 32823, 32871, 32895, 33014, 33038, 33062, 33086, 33134, 33206, 33350, 36227, 36251, 36275, 36299, 36323, 36347]
2026-03-07 14:36:48,736 | INFO | Selecting frames for question -eRimFrm6kQ_2 on video -eRimFrm6kQ.mp4: frames=1540 tags=4
2026-03-07 14:37:10,093 | INFO | Selected 32 frames for question -eRimFrm6kQ_2: [1630, 9566, 9590, 9614, 9638, 9662, 10117, 10141, 11244, 11292, 11676, 11700, 11724, 11748, 11772, 11796, 11844, 16471, 22129, 22153, 22201, 22273, 22297, 22321, 22345, 22369, 22393, 22441, 22561, 33254, 36083, 36107]
2026-03-07 14:37:10,093 | INFO | Selecting frames for question acAWfzV__XI_0 on video acAWfzV__XI.mp4: frames=1078 tags=4
2026-03-07 14:37:20,131 | INFO | Selected 32 frames for question acAWfzV__XI_0: [300, 330, 480, 510, 540, 570, 600, 630, 720, 750, 780, 810, 840, 870, 930, 1020, 1080, 1110, 1170, 1290, 1350, 1410, 1470, 3060, 3930, 6360, 6390, 7320, 7350, 7590, 7710, 7830]
2026-03-07 14:37:20,132 | INFO | Selecting frames for question acAWfzV__XI_1 on video acAWfzV__XI.mp4: frames=1078 tags=4
2026-03-07 14:37:30,206 | INFO | Selected 32 frames for question acAWfzV__XI_1: [0, 90, 450, 540, 2310, 6270, 6300, 6330, 6360, 6750, 6900, 6930, 6990, 7020, 7110, 7170, 7200, 7230, 7320, 7350, 8040, 8070, 8190, 8580, 9300, 9780, 9810, 19260, 27180, 32250, 32280, 32310]
2026-03-07 14:37:30,207 | INFO | Selecting frames for question acAWfzV__XI_2 on video acAWfzV__XI.mp4: frames=1078 tags=4
2026-03-07 14:37:40,465 | INFO | Selected 32 frames for question acAWfzV__XI_2: [90, 570, 870, 1020, 2040, 6330, 19260, 27450, 27510, 27630, 27720, 27750, 28020, 28590, 28620, 28920, 29010, 29070, 29250, 29280, 29400, 30990, 31080, 31110, 31350, 31380, 31560, 31650, 31680, 31710, 31740, 31800]
2026-03-07 14:37:40,465 | INFO | Selecting frames for question RN2g9sRuJhA_0 on video RN2g9sRuJhA.mp4: frames=988 tags=4
2026-03-07 14:37:49,193 | INFO | Selected 32 frames for question RN2g9sRuJhA_0: [8211, 8301, 9200, 9290, 9380, 9410, 9440, 9470, 9530, 9560, 9590, 9620, 9650, 9740, 9800, 9890, 14205, 14235, 14325, 14355, 14955, 15044, 15674, 15704, 15734, 17262, 17292, 24095, 27662, 27872, 27902, 28981]
2026-03-07 14:37:49,193 | INFO | Selecting frames for question RN2g9sRuJhA_1 on video RN2g9sRuJhA.mp4: frames=988 tags=4
2026-03-07 14:37:58,023 | INFO | Selected 32 frames for question RN2g9sRuJhA_1: [2157, 3986, 4045, 14745, 15674, 27362, 27812, 27872, 27902, 28021, 28051, 28081, 28111, 28261, 28441, 28471, 28561, 28981, 29010, 29070, 29100, 29130, 29250, 29280, 29310, 29370, 29400, 29460, 29490, 29520, 29550, 29580]
2026-03-07 14:37:58,024 | INFO | Selecting frames for question RN2g9sRuJhA_2 on video RN2g9sRuJhA.mp4: frames=988 tags=4
2026-03-07 14:38:06,578 | INFO | Selected 32 frames for question RN2g9sRuJhA_2: [899, 3206, 3386, 3776, 3806, 3926, 3986, 4015, 4045, 4405, 4465, 8211, 9200, 9560, 9650, 9800, 14205, 14235, 14325, 14355, 14745, 15044, 15674, 15704, 15734, 20799, 22957, 22987, 23496, 27692, 27752, 27902]
2026-03-07 14:38:06,579 | INFO | Selecting frames for question FnKDgC9aNu0_0 on video FnKDgC9aNu0.mp4: frames=3468 tags=4
2026-03-07 14:39:56,307 | INFO | Selected 32 frames for question FnKDgC9aNu0_0: [50, 350, 375, 6400, 6525, 6825, 6900, 6975, 7000, 7025, 7050, 7075, 7100, 7125, 7525, 7550, 7600, 7625, 7800, 9575, 9650, 34275, 34375, 34450, 34575, 34650, 35925, 36400, 36700, 37025, 59125, 66550]
2026-03-07 14:39:56,309 | INFO | Selecting frames for question FnKDgC9aNu0_1 on video FnKDgC9aNu0.mp4: frames=3468 tags=4
2026-03-07 14:41:46,175 | INFO | Selected 32 frames for question FnKDgC9aNu0_1: [7075, 19175, 19200, 19225, 19250, 19275, 20800, 21150, 22375, 22400, 22425, 22450, 22475, 22650, 22675, 36300, 36400, 36475, 36700, 37025, 43525, 43550, 43575, 43600, 43675, 43700, 43725, 43775, 43800, 43825, 43900, 44025]
2026-03-07 14:41:46,176 | INFO | Selecting frames for question FnKDgC9aNu0_2 on video FnKDgC9aNu0.mp4: frames=3468 tags=4
2026-03-07 14:43:35,193 | INFO | Selected 32 frames for question FnKDgC9aNu0_2: [3150, 6150, 7075, 21150, 21950, 22625, 22675, 25825, 28675, 37025, 73200, 73250, 73300, 73450, 73550, 74100, 74125, 74550, 75000, 75425, 75675, 77000, 84925, 85175, 85275, 85550, 85575, 85625, 85650, 85700, 85725, 86175]
2026-03-07 14:43:35,194 | INFO | Selecting frames for question o2F-N42Ufo4_0 on video o2F-N42Ufo4.mp4: frames=1130 tags=4
2026-03-07 14:43:46,646 | INFO | Selected 32 frames for question o2F-N42Ufo4_0: [1080, 1740, 1860, 5160, 5220, 10110, 10620, 11880, 11910, 12150, 12360, 14190, 14520, 16080, 16110, 16140, 17100, 17220, 17820, 18330, 18930, 18960, 20400, 20640, 20670, 20700, 20730, 20850, 23070, 28350, 29700, 32310]
2026-03-07 14:43:46,647 | INFO | Selecting frames for question o2F-N42Ufo4_1 on video o2F-N42Ufo4.mp4: frames=1130 tags=4
2026-03-07 14:43:58,267 | INFO | Selected 32 frames for question o2F-N42Ufo4_1: [1500, 2610, 4470, 5160, 5280, 5340, 6090, 10110, 10620, 11880, 11910, 12150, 12360, 13560, 14190, 14520, 16080, 17100, 17220, 18330, 19080, 20400, 23070, 23220, 28350, 29700, 31380, 31410, 31740, 31770, 31950, 32310]
2026-03-07 14:43:58,267 | INFO | Selecting frames for question o2F-N42Ufo4_2 on video o2F-N42Ufo4.mp4: frames=1130 tags=4
2026-03-07 14:44:09,703 | INFO | Selected 32 frames for question o2F-N42Ufo4_2: [690, 1740, 1860, 1950, 2160, 2280, 2610, 3840, 5160, 6120, 16380, 17220, 17490, 17520, 19650, 19680, 19830, 20640, 20670, 20700, 20730, 20850, 23220, 25500, 30360, 30420, 30450, 30480, 30510, 30540, 31680, 32310]
2026-03-07 14:44:09,704 | INFO | Selecting frames for question XVXczyheik0_0 on video XVXczyheik0.mp4: frames=967 tags=4
2026-03-07 14:44:17,942 | INFO | Selected 32 frames for question XVXczyheik0_0: [0, 60, 120, 150, 180, 210, 9270, 9300, 9360, 9390, 9420, 9450, 9510, 16290, 16320, 16350, 16380, 16410, 17100, 17130, 17160, 17190, 17220, 17250, 25770, 25800, 25830, 26820, 26850, 26880, 26940, 27000]
2026-03-07 14:44:17,942 | INFO | Selecting frames for question XVXczyheik0_1 on video XVXczyheik0.mp4: frames=967 tags=4
2026-03-07 14:44:26,194 | INFO | Selected 32 frames for question XVXczyheik0_1: [6120, 6150, 6180, 6210, 6240, 6270, 6300, 6330, 6360, 6390, 6450, 6480, 6510, 6540, 6570, 6600, 6630, 6660, 6690, 6720, 6750, 6780, 6810, 6840, 6870, 6900, 6930, 6960, 6990, 7020, 7050, 7080]
2026-03-07 14:44:26,195 | INFO | Selecting frames for question XVXczyheik0_2 on video XVXczyheik0.mp4: frames=967 tags=4
2026-03-07 14:44:34,434 | INFO | Selected 32 frames for question XVXczyheik0_2: [0, 60, 120, 150, 180, 210, 8010, 9300, 9330, 9360, 9390, 9420, 9450, 9480, 9510, 16290, 16320, 16380, 16410, 17100, 17130, 17160, 17190, 17220, 17250, 25770, 25800, 25830, 26820, 26850, 26880, 26940]
2026-03-07 14:44:34,435 | INFO | Selecting frames for question LfUsGv-ESbc_0 on video LfUsGv-ESbc.mp4: frames=2009 tags=4
2026-03-07 14:45:10,816 | INFO | Selected 32 frames for question LfUsGv-ESbc_0: [2670, 2850, 5370, 5400, 7410, 12420, 12690, 24150, 24180, 28320, 36810, 36840, 36870, 36900, 37050, 37080, 37110, 37140, 37170, 37440, 37470, 37500, 37530, 37560, 37800, 37860, 37890, 38430, 40440, 52530, 52560, 52590]
2026-03-07 14:45:10,816 | INFO | Selecting frames for question LfUsGv-ESbc_1 on video LfUsGv-ESbc.mp4: frames=2009 tags=4
2026-03-07 14:45:47,034 | INFO | Selected 32 frames for question LfUsGv-ESbc_1: [2790, 5370, 10050, 12690, 14040, 28890, 28920, 28950, 30270, 36780, 36810, 36840, 36870, 36900, 36930, 37440, 37470, 37500, 37530, 37560, 37620, 37710, 40500, 40530, 52050, 52080, 54600, 55140, 55200, 55230, 55260, 56160]
2026-03-07 14:45:47,035 | INFO | Selecting frames for question LfUsGv-ESbc_2 on video LfUsGv-ESbc.mp4: frames=2009 tags=4
2026-03-07 14:46:22,962 | INFO | Selected 32 frames for question LfUsGv-ESbc_2: [2790, 2820, 2850, 28320, 28680, 32370, 32400, 32430, 32460, 32490, 32520, 36450, 36480, 39750, 39780, 39810, 39840, 39870, 39900, 39930, 39960, 39990, 40020, 51360, 51480, 51570, 51600, 51630, 54000, 54120, 54150, 59640]
2026-03-07 14:46:22,963 | INFO | Selecting frames for question L-XGTMusZvc_0 on video L-XGTMusZvc.mp4: frames=916 tags=4
2026-03-07 14:46:30,472 | INFO | Selected 32 frames for question L-XGTMusZvc_0: [2250, 2280, 2370, 6030, 6210, 6600, 6630, 6660, 13530, 13710, 16620, 16680, 16710, 21720, 21750, 21780, 21810, 21840, 21870, 21900, 21930, 21960, 21990, 22020, 22050, 22080, 22110, 22140, 22170, 22200, 22230, 26130]
2026-03-07 14:46:30,472 | INFO | Selecting frames for question L-XGTMusZvc_1 on video L-XGTMusZvc.mp4: frames=916 tags=4
2026-03-07 14:46:38,044 | INFO | Selected 32 frames for question L-XGTMusZvc_1: [2490, 8400, 8430, 8460, 8490, 8520, 20400, 20430, 20460, 20490, 20520, 20550, 20580, 20610, 20640, 20670, 20700, 20730, 20760, 20790, 20820, 20850, 20880, 20910, 20940, 20970, 21000, 21030, 22590, 22650, 22680, 22770]
2026-03-07 14:46:38,045 | INFO | Selecting frames for question L-XGTMusZvc_2 on video L-XGTMusZvc.mp4: frames=916 tags=4
2026-03-07 14:46:45,549 | INFO | Selected 32 frames for question L-XGTMusZvc_2: [2430, 2490, 6600, 7170, 7200, 7230, 7260, 7290, 7320, 7350, 7380, 7410, 7440, 7470, 7500, 8400, 8430, 8460, 8490, 8520, 17490, 17520, 17610, 17640, 17670, 17700, 17730, 17760, 17790, 20430, 20640, 20670]
2026-03-07 14:46:45,550 | INFO | Selecting frames for question 8MkL3W6wU3g_0 on video 8MkL3W6wU3g.mp4: frames=1735 tags=4
2026-03-07 14:47:12,666 | INFO | Selected 32 frames for question 8MkL3W6wU3g_0: [1588, 1618, 1648, 2967, 4915, 4945, 4975, 6773, 7612, 7642, 7702, 8451, 9500, 12287, 12317, 12467, 12737, 14625, 17292, 17322, 17352, 17382, 17412, 17442, 19360, 25984, 26673, 26793, 26823, 33626, 36083, 46243]
2026-03-07 14:47:12,667 | INFO | Selecting frames for question 8MkL3W6wU3g_1 on video 8MkL3W6wU3g.mp4: frames=1735 tags=4
2026-03-07 14:47:40,103 | INFO | Selected 32 frames for question 8MkL3W6wU3g_1: [2757, 3266, 7522, 13426, 13456, 16363, 16423, 21818, 28831, 28891, 29970, 30059, 30089, 30119, 30239, 30299, 30329, 30359, 31018, 34855, 38331, 38361, 39350, 41448, 41478, 41508, 42617, 42677, 42707, 43756, 46393, 50139]
2026-03-07 14:47:40,103 | INFO | Selecting frames for question 8MkL3W6wU3g_2 on video 8MkL3W6wU3g.mp4: frames=1735 tags=4
2026-03-07 14:48:07,593 | INFO | Selected 32 frames for question 8MkL3W6wU3g_2: [9110, 9230, 44415, 44445, 44475, 44505, 44535, 45944, 45974, 46003, 46033, 46063, 46093, 46213, 46843, 46873, 46903, 48221, 48341, 48371, 48401, 48461, 48491, 48521, 48551, 48581, 48641, 49930, 49960, 49990, 50019, 50049]
2026-03-07 14:48:07,594 | INFO | Selecting frames for question 2ekjGl8yWZk_0 on video 2ekjGl8yWZk.mp4: frames=1390 tags=4
2026-03-07 14:48:24,791 | INFO | Selected 32 frames for question 2ekjGl8yWZk_0: [0, 29, 59, 89, 119, 149, 179, 269, 299, 329, 359, 389, 419, 40909, 40939, 40969, 40999, 41028, 41058, 41088, 41118, 41298, 41328, 41358, 41388, 41418, 41478, 41508, 41538, 41568, 41598, 41628]
2026-03-07 14:48:24,791 | INFO | Selecting frames for question 2ekjGl8yWZk_1 on video 2ekjGl8yWZk.mp4: frames=1390 tags=4
2026-03-07 14:48:42,035 | INFO | Selected 32 frames for question 2ekjGl8yWZk_1: [9080, 22027, 22057, 22087, 22117, 22147, 22177, 22207, 22237, 22267, 22297, 22327, 22357, 27002, 27032, 27062, 27092, 27122, 27152, 27182, 27212, 27242, 27272, 34795, 34825, 34855, 34915, 34945, 34975, 35004, 35034, 35064]
2026-03-07 14:48:42,036 | INFO | Selecting frames for question 2ekjGl8yWZk_2 on video 2ekjGl8yWZk.mp4: frames=1390 tags=4
2026-03-07 14:48:59,412 | INFO | Selected 32 frames for question 2ekjGl8yWZk_2: [17322, 17352, 21008, 21098, 21128, 21158, 21188, 21218, 21248, 22057, 22117, 22147, 22207, 26373, 27002, 27032, 27062, 27092, 27122, 27152, 27182, 27212, 27242, 27272, 34915, 34945, 34975, 35004, 35034, 35064, 36083, 36143]
2026-03-07 14:48:59,412 | INFO | Selecting frames for question _BDzMutoy6A_0 on video _BDzMutoy6A.mp4: frames=937 tags=4
2026-03-07 14:49:07,293 | INFO | Selected 32 frames for question _BDzMutoy6A_0: [1822, 1846, 1894, 2349, 3116, 3188, 4987, 5010, 5034, 5106, 6353, 6761, 6785, 6857, 6881, 6905, 7576, 7600, 7624, 7648, 7888, 7912, 7936, 8439, 9254, 9278, 15728, 20403, 20595, 20643, 20739, 20955]
2026-03-07 14:49:07,293 | INFO | Selecting frames for question _BDzMutoy6A_1 on video _BDzMutoy6A.mp4: frames=937 tags=4
2026-03-07 14:49:15,147 | INFO | Selected 32 frames for question _BDzMutoy6A_1: [239, 263, 287, 311, 911, 935, 959, 1006, 1030, 1054, 4603, 4627, 4675, 4723, 4939, 7336, 7384, 7456, 8079, 8439, 8631, 8679, 8727, 8751, 10957, 10981, 11028, 13882, 13930, 14409, 14433, 14457]
2026-03-07 14:49:15,147 | INFO | Selecting frames for question _BDzMutoy6A_2 on video _BDzMutoy6A.mp4: frames=937 tags=4
2026-03-07 14:49:22,914 | INFO | Selected 32 frames for question _BDzMutoy6A_2: [6521, 12155, 12179, 12203, 12227, 12251, 12491, 12515, 15200, 15224, 20235, 20283, 20307, 20331, 20427, 20451, 20499, 20523, 20883, 20907, 20931, 20955, 21122, 21146, 21170, 21194, 21314, 21338, 21434, 21458, 21482, 21506]
2026-03-07 14:49:22,915 | INFO | Selecting frames for question crmV4OduHYA_0 on video crmV4OduHYA.mp4: frames=1233 tags=4
2026-03-07 14:49:36,488 | INFO | Selected 32 frames for question crmV4OduHYA_0: [0, 23, 47, 71, 95, 119, 239, 263, 287, 311, 335, 359, 383, 407, 431, 455, 479, 503, 1582, 8055, 11676, 14337, 14361, 29058, 29082, 29106, 29130, 29346, 29370, 29394, 29418, 29442]
2026-03-07 14:49:36,488 | INFO | Selecting frames for question crmV4OduHYA_1 on video crmV4OduHYA.mp4: frames=1233 tags=4
2026-03-07 14:49:49,875 | INFO | Selected 32 frames for question crmV4OduHYA_1: [0, 23, 47, 71, 95, 119, 143, 167, 191, 215, 239, 263, 287, 311, 335, 383, 407, 431, 503, 10237, 14145, 16327, 21770, 28555, 29058, 29082, 29106, 29130, 29346, 29370, 29394, 29418]
2026-03-07 14:49:49,875 | INFO | Selecting frames for question crmV4OduHYA_2 on video crmV4OduHYA.mp4: frames=1233 tags=4
2026-03-07 14:50:03,478 | INFO | Selected 32 frames for question crmV4OduHYA_2: [26541, 26565, 26589, 26613, 26637, 26685, 26709, 26733, 26925, 26949, 26973, 26997, 27188, 27212, 27236, 27260, 27284, 27308, 27332, 27356, 27380, 27404, 27428, 27452, 29154, 29178, 29202, 29226, 29250, 29274, 29298, 29322]
2026-03-07 14:50:03,478 | INFO | Selecting frames for question i327DBSS_iE_0 on video i327DBSS_iE.mp4: frames=905 tags=4
2026-03-07 14:50:10,778 | INFO | Selected 32 frames for question i327DBSS_iE_0: [1500, 1530, 11070, 11100, 15960, 15990, 16020, 16050, 16080, 16110, 16140, 16170, 16200, 16230, 16260, 16800, 16830, 16890, 16920, 16950, 16980, 17850, 17880, 17910, 17940, 20280, 20310, 20340, 20370, 20430, 26160, 26220]
2026-03-07 14:50:10,778 | INFO | Selecting frames for question i327DBSS_iE_1 on video i327DBSS_iE.mp4: frames=905 tags=4
2026-03-07 14:50:18,215 | INFO | Selected 32 frames for question i327DBSS_iE_1: [19320, 19350, 19470, 19500, 19530, 19560, 19590, 19620, 19650, 19680, 19710, 19740, 19770, 19800, 19830, 19860, 19890, 19920, 19950, 19980, 20010, 20220, 20250, 20280, 20310, 20340, 20370, 20400, 20430, 20460, 21990, 22050]
2026-03-07 14:50:18,215 | INFO | Selecting frames for question i327DBSS_iE_2 on video i327DBSS_iE.mp4: frames=905 tags=4
2026-03-07 14:50:25,529 | INFO | Selected 32 frames for question i327DBSS_iE_2: [22830, 22860, 22890, 22920, 22950, 22980, 23010, 23040, 23910, 23940, 23970, 24000, 24030, 24060, 24090, 24210, 24240, 24270, 24300, 24360, 24750, 24780, 24810, 24870, 24960, 25050, 25080, 25110, 25140, 25170, 25200, 25680]
2026-03-07 14:50:25,530 | INFO | Selecting frames for question d-GKQeu4S6M_0 on video d-GKQeu4S6M.mp4: frames=1257 tags=4
2026-03-07 14:50:39,674 | INFO | Selected 32 frames for question d-GKQeu4S6M_0: [27302, 27332, 27362, 27392, 27422, 27452, 27482, 27512, 27542, 27572, 27602, 27632, 27662, 27692, 27722, 27752, 27782, 27812, 27842, 27872, 27902, 27932, 27962, 27992, 28171, 28201, 28231, 28261, 28291, 28321, 28351, 28381]
2026-03-07 14:50:39,675 | INFO | Selecting frames for question d-GKQeu4S6M_1 on video d-GKQeu4S6M.mp4: frames=1257 tags=4
2026-03-07 14:50:53,358 | INFO | Selected 32 frames for question d-GKQeu4S6M_1: [0, 29, 59, 89, 119, 149, 179, 2727, 2757, 2817, 2847, 2877, 2907, 4195, 4225, 4255, 4285, 4315, 4705, 4765, 37042, 37072, 37102, 37132, 37162, 37192, 37222, 37252, 37282, 37312, 37342, 37372]
2026-03-07 14:50:53,358 | INFO | Selecting frames for question d-GKQeu4S6M_2 on video d-GKQeu4S6M.mp4: frames=1257 tags=4
2026-03-07 14:51:07,130 | INFO | Selected 32 frames for question d-GKQeu4S6M_2: [2577, 2727, 2757, 2787, 2817, 2847, 2877, 2907, 3866, 3896, 3926, 3956, 3986, 4165, 4195, 4225, 4255, 4285, 4315, 4345, 4375, 4405, 4435, 4465, 4645, 4675, 4705, 4735, 4765, 4825, 37042, 37102]
2026-03-07 14:51:07,131 | INFO | Selecting frames for question P9hDA0u6FO0_0 on video P9hDA0u6FO0.mp4: frames=1995 tags=4
2026-03-07 14:51:43,061 | INFO | Selected 32 frames for question P9hDA0u6FO0_0: [4250, 4400, 7050, 8325, 8450, 8475, 8550, 9050, 9125, 13500, 17675, 18275, 18300, 24100, 24125, 27100, 27125, 31175, 31225, 36050, 36075, 36100, 40400, 42775, 43000, 44850, 49200, 49225, 49250, 49275, 49300, 49325]
2026-03-07 14:51:43,062 | INFO | Selecting frames for question P9hDA0u6FO0_1 on video P9hDA0u6FO0.mp4: frames=1995 tags=4
2026-03-07 14:52:18,683 | INFO | Selected 32 frames for question P9hDA0u6FO0_1: [4250, 7050, 8325, 8425, 8450, 8475, 8550, 9050, 13500, 17675, 18275, 18300, 24100, 24125, 27100, 31175, 31200, 31225, 36050, 36075, 36100, 40400, 42775, 44850, 44875, 49200, 49225, 49250, 49275, 49300, 49325, 49500]
2026-03-07 14:52:18,684 | INFO | Selecting frames for question P9hDA0u6FO0_2 on video P9hDA0u6FO0.mp4: frames=1995 tags=4
2026-03-07 14:52:54,072 | INFO | Selected 32 frames for question P9hDA0u6FO0_2: [100, 4125, 4150, 4175, 4225, 4250, 7050, 8275, 8300, 8350, 8375, 8400, 9025, 9050, 9125, 9175, 9200, 9225, 9250, 9300, 13500, 17675, 24100, 24125, 24225, 27125, 31225, 33675, 42100, 43000, 44850, 49650]
2026-03-07 14:52:54,073 | INFO | Selecting frames for question wvfctNd-Aio_0 on video wvfctNd-Aio.mp4: frames=1097 tags=4
2026-03-07 14:53:04,738 | INFO | Selected 32 frames for question wvfctNd-Aio_0: [0, 25, 475, 500, 525, 550, 575, 600, 625, 2325, 2925, 4600, 5725, 5750, 12075, 12100, 12600, 12650, 13325, 18975, 19000, 19025, 19425, 19450, 19475, 19500, 19525, 19850, 22900, 24150, 26400, 26425]
2026-03-07 14:53:04,738 | INFO | Selecting frames for question wvfctNd-Aio_1 on video wvfctNd-Aio.mp4: frames=1097 tags=4
2026-03-07 14:53:15,580 | INFO | Selected 32 frames for question wvfctNd-Aio_1: [475, 4475, 4650, 5300, 9875, 10275, 11450, 11475, 11600, 11650, 11675, 11700, 12025, 12050, 12100, 12525, 12550, 12575, 12600, 12625, 12650, 13325, 18100, 18650, 19300, 20725, 21550, 21575, 21600, 22875, 22900, 23425]
2026-03-07 14:53:15,580 | INFO | Selecting frames for question wvfctNd-Aio_2 on video wvfctNd-Aio.mp4: frames=1097 tags=4
2026-03-07 14:53:26,374 | INFO | Selected 32 frames for question wvfctNd-Aio_2: [325, 350, 375, 400, 425, 5300, 10675, 14125, 14350, 14975, 15000, 15100, 15125, 15225, 16575, 16650, 16675, 16725, 17825, 18150, 18375, 18400, 18425, 18475, 19300, 19900, 22300, 22325, 22900, 25750, 25800, 25825]
2026-03-07 14:53:26,375 | INFO | Selecting frames for question UwJTCg5fpXg_0 on video UwJTCg5fpXg.mp4: frames=1357 tags=4
2026-03-07 14:53:42,717 | INFO | Selected 32 frames for question UwJTCg5fpXg_0: [900, 1025, 2050, 3075, 4100, 4225, 5250, 6275, 7300, 7425, 8450, 9475, 10500, 10625, 11650, 12675, 13700, 13825, 14850, 15875, 16900, 17025, 18050, 19075, 20100, 20225, 21250, 22275, 23300, 23425, 24450, 25475]
2026-03-07 14:53:42,718 | INFO | Selecting frames for question UwJTCg5fpXg_1 on video UwJTCg5fpXg.mp4: frames=1357 tags=4
2026-03-07 14:53:59,299 | INFO | Selected 32 frames for question UwJTCg5fpXg_1: [0, 400, 650, 1550, 1675, 2575, 2700, 3200, 3600, 3850, 4750, 4875, 5775, 5900, 6400, 6800, 7050, 7950, 8075, 8975, 9100, 9600, 10000, 10250, 11150, 12800, 16000, 19200, 22400, 25600, 28800, 32000]
2026-03-07 14:53:59,300 | INFO | Selecting frames for question UwJTCg5fpXg_2 on video UwJTCg5fpXg.mp4: frames=1357 tags=4
2026-03-07 14:54:15,652 | INFO | Selected 32 frames for question UwJTCg5fpXg_2: [400, 650, 1550, 1675, 2575, 2700, 3600, 3850, 4750, 4875, 5775, 5900, 6800, 7050, 7950, 8075, 8975, 9100, 10000, 10250, 11150, 11275, 12175, 12300, 13200, 13450, 14350, 14475, 15375, 15500, 16400, 16650]
2026-03-07 14:54:15,652 | INFO | Selecting frames for question -PnG8Jp2gFw_0 on video -PnG8Jp2gFw.mp4: frames=1526 tags=4
2026-03-07 14:54:36,546 | INFO | Selected 32 frames for question -PnG8Jp2gFw_0: [18461, 24095, 24125, 24425, 24455, 24485, 24515, 24665, 24695, 24725, 24785, 27512, 27542, 27572, 27602, 27662, 27692, 27782, 27812, 27842, 27932, 27962, 35514, 35724, 35754, 35814, 35934, 35964, 35994, 36023, 36053, 36083]
2026-03-07 14:54:36,546 | INFO | Selecting frames for question -PnG8Jp2gFw_1 on video -PnG8Jp2gFw.mp4: frames=1526 tags=4
2026-03-07 14:54:57,394 | INFO | Selected 32 frames for question -PnG8Jp2gFw_1: [2217, 17952, 18191, 18611, 19630, 24485, 24635, 24695, 24785, 25264, 25774, 25834, 27092, 27572, 27812, 28591, 28831, 30149, 30929, 32697, 34495, 34975, 35004, 35214, 35364, 40189, 41478, 42017, 42047, 42077, 42467, 44805]
2026-03-07 14:54:57,395 | INFO | Selecting frames for question -PnG8Jp2gFw_2 on video -PnG8Jp2gFw.mp4: frames=1526 tags=4
2026-03-07 14:55:18,431 | INFO | Selected 32 frames for question -PnG8Jp2gFw_2: [24575, 24605, 24635, 27092, 27572, 28501, 28831, 30149, 32697, 34375, 34405, 34975, 35004, 35034, 35214, 35244, 35274, 35304, 39110, 39440, 39560, 41718, 41748, 41808, 41838, 41988, 42017, 42077, 42107, 42347, 42377, 42407]
2026-03-07 14:55:18,431 | INFO | Selecting frames for question jvkmcX47bKU_0 on video jvkmcX47bKU.mp4: frames=1417 tags=4
2026-03-07 14:55:36,648 | INFO | Selected 32 frames for question jvkmcX47bKU_0: [270, 540, 570, 1410, 2160, 2250, 2340, 2850, 2940, 5460, 5520, 5850, 6240, 6330, 7110, 7680, 7980, 8040, 8130, 8340, 8430, 8460, 8490, 8520, 8730, 9150, 9240, 10590, 10620, 11130, 19200, 22830]
2026-03-07 14:55:36,648 | INFO | Selecting frames for question jvkmcX47bKU_1 on video jvkmcX47bKU.mp4: frames=1417 tags=4
2026-03-07 14:55:54,652 | INFO | Selected 32 frames for question jvkmcX47bKU_1: [570, 720, 780, 1410, 2160, 2580, 2610, 2640, 2850, 2880, 2910, 5400, 5430, 7680, 7950, 8430, 8490, 8730, 9150, 9450, 11130, 11370, 12630, 15450, 15510, 18090, 18900, 19200, 20640, 21960, 31410, 35610]
2026-03-07 14:55:54,652 | INFO | Selecting frames for question jvkmcX47bKU_2 on video jvkmcX47bKU.mp4: frames=1417 tags=4
2026-03-07 14:56:12,656 | INFO | Selected 32 frames for question jvkmcX47bKU_2: [15420, 16170, 18090, 18450, 18990, 19200, 19620, 19890, 20640, 21150, 21180, 21390, 21420, 21600, 21960, 22110, 22860, 24900, 29970, 31260, 31410, 33870, 34320, 34350, 34830, 35610, 35700, 35790, 37920, 37980, 38550, 38580]
2026-03-07 14:56:12,657 | INFO | Selecting frames for question 1pxrIj9Xyps_0 on video 1pxrIj9Xyps.mp4: frames=1667 tags=4
2026-03-07 14:56:37,792 | INFO | Selected 32 frames for question 1pxrIj9Xyps_0: [2013, 2061, 2349, 2733, 2757, 4723, 4747, 7528, 7552, 8271, 11916, 11940, 12443, 12467, 12491, 12515, 12539, 12779, 12803, 12947, 12971, 14049, 23880, 24191, 24215, 26349, 26421, 26493, 38817, 39440, 39464, 39488]
2026-03-07 14:56:37,793 | INFO | Selecting frames for question 1pxrIj9Xyps_1 on video 1pxrIj9Xyps.mp4: frames=1667 tags=4
2026-03-07 14:57:02,912 | INFO | Selected 32 frames for question 1pxrIj9Xyps_1: [8031, 8055, 16903, 16927, 18677, 18749, 20595, 20667, 20715, 20739, 20763, 20835, 22225, 22249, 22273, 22657, 25150, 25606, 25678, 25750, 25774, 25822, 25846, 25870, 25894, 25918, 25966, 25990, 26061, 26181, 26325, 39488]
2026-03-07 14:57:02,913 | INFO | Selecting frames for question 1pxrIj9Xyps_2 on video 1pxrIj9Xyps.mp4: frames=1667 tags=4
2026-03-07 14:57:28,082 | INFO | Selected 32 frames for question 1pxrIj9Xyps_2: [11460, 11508, 11700, 11748, 11796, 11820, 20883, 20931, 20955, 20979, 21002, 21026, 21050, 21074, 21098, 21122, 21146, 21170, 21194, 21218, 21242, 21818, 21842, 21866, 21890, 21914, 21938, 21962, 21986, 22009, 22033, 22057]
2026-03-07 14:57:28,083 | INFO | Selecting frames for question E7FSg22MdKE_0 on video E7FSg22MdKE.mp4: frames=905 tags=4
2026-03-07 14:57:35,368 | INFO | Selected 32 frames for question E7FSg22MdKE_0: [4620, 4680, 4740, 5130, 5790, 5820, 7260, 7500, 7590, 7650, 8910, 8940, 8970, 14490, 14520, 14550, 14730, 14760, 14790, 14820, 14850, 17880, 17910, 17940, 17970, 18000, 18030, 24060, 24330, 24360, 24450, 24480]
2026-03-07 14:57:35,369 | INFO | Selecting frames for question E7FSg22MdKE_1 on video E7FSg22MdKE.mp4: frames=905 tags=4
2026-03-07 14:57:42,767 | INFO | Selected 32 frames for question E7FSg22MdKE_1: [5340, 5370, 6360, 6390, 6420, 6450, 7770, 7800, 7860, 7890, 7920, 12720, 12840, 14760, 17880, 17910, 17940, 17970, 18000, 18030, 18060, 18090, 18120, 18750, 18780, 18810, 18840, 18870, 18900, 18930, 18960, 18990]
2026-03-07 14:57:42,767 | INFO | Selecting frames for question E7FSg22MdKE_2 on video E7FSg22MdKE.mp4: frames=905 tags=4
2026-03-07 14:57:50,145 | INFO | Selected 32 frames for question E7FSg22MdKE_2: [11100, 11520, 11550, 11580, 11610, 11640, 11670, 11700, 11730, 11760, 15870, 19020, 19050, 19080, 19110, 19140, 19170, 19200, 19230, 21630, 21660, 21690, 21720, 21750, 21780, 21810, 21840, 21870, 21900, 23100, 23160, 23340]
2026-03-07 14:57:50,145 | INFO | Selecting frames for question er1oRjH2iu8_0 on video er1oRjH2iu8.mp4: frames=1255 tags=4
2026-03-07 14:58:04,402 | INFO | Selected 32 frames for question er1oRjH2iu8_0: [6180, 6210, 6240, 6270, 6300, 9390, 9420, 13710, 13740, 13770, 13800, 13830, 13860, 13890, 13920, 13950, 13980, 14010, 14040, 14070, 21840, 21900, 22170, 22200, 22230, 23280, 23340, 30240, 30270, 30300, 30690, 30840]
2026-03-07 14:58:04,402 | INFO | Selecting frames for question er1oRjH2iu8_1 on video er1oRjH2iu8.mp4: frames=1255 tags=4
2026-03-07 14:58:18,698 | INFO | Selected 32 frames for question er1oRjH2iu8_1: [3030, 4230, 5340, 5370, 5400, 5430, 5460, 5640, 5730, 5790, 5820, 5850, 5880, 5910, 5940, 5970, 6000, 6030, 6060, 6090, 6120, 6150, 6180, 6210, 6240, 6300, 6870, 6900, 19980, 32910, 36840, 37230]
2026-03-07 14:58:18,699 | INFO | Selecting frames for question er1oRjH2iu8_2 on video er1oRjH2iu8.mp4: frames=1255 tags=4
2026-03-07 14:58:32,714 | INFO | Selected 32 frames for question er1oRjH2iu8_2: [3360, 3420, 3450, 8130, 8700, 14100, 17490, 23160, 23190, 23280, 23340, 23370, 23400, 23430, 23460, 23490, 23520, 23550, 23580, 23610, 23640, 24150, 26910, 27600, 29070, 29400, 30660, 30690, 30720, 33900, 33930, 34740]
2026-03-07 14:58:32,715 | INFO | Selecting frames for question XYsCVqz3iug_0 on video XYsCVqz3iug.mp4: frames=1489 tags=4
2026-03-07 14:58:52,409 | INFO | Selected 32 frames for question XYsCVqz3iug_0: [5514, 5724, 6533, 7072, 7492, 7762, 13726, 13996, 14265, 14295, 17892, 20409, 20589, 21878, 24515, 26823, 27242, 27272, 27332, 27812, 28111, 28651, 29010, 29040, 29160, 29280, 29400, 29430, 30539, 30629, 30659, 30719]
2026-03-07 14:58:52,410 | INFO | Selecting frames for question XYsCVqz3iug_1 on video XYsCVqz3iug.mp4: frames=1489 tags=4
2026-03-07 14:59:12,576 | INFO | Selected 32 frames for question XYsCVqz3iug_1: [2487, 2547, 2697, 3416, 5004, 5514, 5544, 5574, 5724, 6473, 6503, 6533, 7072, 7492, 11898, 24605, 24755, 24785, 24815, 25144, 25444, 26823, 26853, 26883, 26913, 27002, 27152, 27812, 27992, 28651, 29010, 29040]
2026-03-07 14:59:12,577 | INFO | Selecting frames for question XYsCVqz3iug_2 on video XYsCVqz3iug.mp4: frames=1489 tags=4
2026-03-07 14:59:32,372 | INFO | Selected 32 frames for question XYsCVqz3iug_2: [779, 2487, 2547, 2697, 2757, 2877, 2937, 3386, 3416, 3506, 5004, 5394, 5484, 5514, 5544, 5724, 6503, 6533, 6623, 6743, 6983, 7102, 7492, 26823, 26853, 27002, 27812, 28111, 28651, 29040, 29160, 30629]
2026-03-07 14:59:32,373 | INFO | Selecting frames for question 60oHeCZHtvI_0 on video 60oHeCZHtvI.mp4: frames=965 tags=4
2026-03-07 14:59:40,728 | INFO | Selected 32 frames for question 60oHeCZHtvI_0: [13830, 13860, 13890, 13920, 13950, 13980, 14010, 14070, 14100, 14130, 14160, 14190, 14220, 14250, 14280, 14310, 14340, 14370, 14400, 14430, 14460, 14490, 14520, 14550, 14580, 14610, 14640, 14670, 14700, 14730, 16470, 16500]
2026-03-07 14:59:40,728 | INFO | Selecting frames for question 60oHeCZHtvI_1 on video 60oHeCZHtvI.mp4: frames=965 tags=4
2026-03-07 14:59:48,971 | INFO | Selected 32 frames for question 60oHeCZHtvI_1: [4440, 4530, 4560, 4590, 4620, 15330, 15360, 15390, 15420, 15450, 15480, 15510, 15540, 15570, 15600, 15960, 15990, 16020, 16050, 16080, 16110, 16140, 16170, 16200, 16230, 16260, 16290, 16320, 16350, 16380, 16410, 16440]
2026-03-07 14:59:48,972 | INFO | Selecting frames for question 60oHeCZHtvI_2 on video 60oHeCZHtvI.mp4: frames=965 tags=4
2026-03-07 14:59:57,311 | INFO | Selected 32 frames for question 60oHeCZHtvI_2: [4410, 4440, 5160, 5220, 19680, 19710, 19740, 19770, 19800, 19830, 20910, 28320, 28350, 28380, 28410, 28440, 28470, 28500, 28530, 28560, 28590, 28620, 28650, 28680, 28710, 28740, 28770, 28800, 28830, 28860, 28890, 28920]
2026-03-07 14:59:57,312 | INFO | Selecting frames for question s49y2RP5C7E_0 on video s49y2RP5C7E.mp4: frames=1086 tags=4
2026-03-07 15:00:07,707 | INFO | Selected 32 frames for question s49y2RP5C7E_0: [360, 408, 3720, 3744, 4560, 5400, 5424, 5448, 5472, 5496, 5520, 5544, 5640, 7728, 7752, 7776, 7800, 8544, 8568, 8592, 8616, 9768, 9888, 10992, 12792, 12912, 13776, 13800, 23736, 24072, 24120, 25728]
2026-03-07 15:00:07,708 | INFO | Selecting frames for question s49y2RP5C7E_1 on video s49y2RP5C7E.mp4: frames=1086 tags=4
2026-03-07 15:00:18,232 | INFO | Selected 32 frames for question s49y2RP5C7E_1: [360, 408, 3720, 3744, 4560, 5400, 5424, 5448, 5472, 5496, 5520, 5544, 5640, 7728, 7752, 7776, 7800, 8544, 8568, 8592, 8616, 9768, 9888, 10992, 12792, 12912, 13776, 13800, 23736, 24072, 24120, 25728]
2026-03-07 15:00:18,232 | INFO | Selecting frames for question s49y2RP5C7E_2 on video s49y2RP5C7E.mp4: frames=1086 tags=4
2026-03-07 15:00:28,693 | INFO | Selected 32 frames for question s49y2RP5C7E_2: [2736, 3720, 3744, 4512, 4560, 5400, 5424, 5448, 5472, 5520, 5544, 7776, 7800, 8520, 8544, 8568, 8592, 8616, 9744, 9768, 9792, 9816, 9840, 9864, 9888, 9912, 12792, 13728, 13800, 17832, 23736, 25728]
2026-03-07 15:00:28,693 | INFO | Selecting frames for question 61SYvhojGvg_0 on video 61SYvhojGvg.mp4: frames=1673 tags=4
2026-03-07 15:00:54,232 | INFO | Selected 32 frames for question 61SYvhojGvg_0: [1250, 1300, 1575, 1700, 1750, 7050, 7075, 7100, 10650, 10850, 10875, 10900, 10925, 10950, 14025, 17800, 17825, 17850, 17875, 17900, 17925, 17950, 24500, 24525, 24550, 24625, 24650, 24675, 24700, 24725, 24750, 24775]
2026-03-07 15:00:54,233 | INFO | Selecting frames for question 61SYvhojGvg_1 on video 61SYvhojGvg.mp4: frames=1673 tags=4
2026-03-07 15:01:19,141 | INFO | Selected 32 frames for question 61SYvhojGvg_1: [32800, 32825, 32850, 32875, 33925, 33950, 33975, 34000, 34025, 34075, 34100, 34125, 34150, 34175, 34200, 34225, 34250, 34275, 34300, 34325, 34350, 35025, 35050, 35075, 35100, 35125, 35150, 35175, 35200, 35225, 37825, 37850]
2026-03-07 15:01:19,142 | INFO | Selecting frames for question 61SYvhojGvg_2 on video 61SYvhojGvg.mp4: frames=1673 tags=4
2026-03-07 15:01:44,577 | INFO | Selected 32 frames for question 61SYvhojGvg_2: [18050, 18075, 18100, 18125, 18150, 18175, 18250, 18325, 18350, 18375, 18400, 18550, 18575, 18600, 26825, 26850, 26875, 26900, 28000, 29875, 29900, 29925, 29950, 32800, 34350, 34375, 34400, 34425, 35075, 35175, 35200, 35225]
2026-03-07 15:01:44,577 | INFO | Selecting frames for question u1D4ArcBjLI_0 on video u1D4ArcBjLI.mp4: frames=1652 tags=4
2026-03-07 15:02:08,916 | INFO | Selected 32 frames for question u1D4ArcBjLI_0: [0, 29, 179, 3596, 3926, 33536, 33566, 33596, 33626, 33686, 33716, 33776, 33806, 33956, 34165, 44205, 44235, 44265, 44295, 44325, 44355, 44385, 44415, 44445, 44475, 44505, 44535, 44565, 44595, 44625, 44655, 44685]
2026-03-07 15:02:08,917 | INFO | Selecting frames for question u1D4ArcBjLI_1 on video u1D4ArcBjLI.mp4: frames=1652 tags=4
2026-03-07 15:02:33,341 | INFO | Selected 32 frames for question u1D4ArcBjLI_1: [26853, 27062, 27122, 27302, 27482, 27512, 33536, 33596, 33716, 33776, 33806, 33836, 33956, 34165, 36923, 36953, 36983, 37012, 37042, 37072, 37102, 37132, 37162, 37192, 37222, 37252, 37282, 37312, 37342, 37372, 38031, 39020]
2026-03-07 15:02:33,341 | INFO | Selecting frames for question u1D4ArcBjLI_2 on video u1D4ArcBjLI.mp4: frames=1652 tags=4
2026-03-07 15:02:57,316 | INFO | Selected 32 frames for question u1D4ArcBjLI_2: [29, 3536, 3566, 3596, 3626, 3656, 3686, 3716, 3746, 3776, 3806, 3836, 3866, 3896, 26433, 26823, 26853, 26883, 27002, 27062, 27122, 27302, 27362, 27482, 27512, 30959, 39020, 44205, 44235, 44355, 44625, 44655]
2026-03-07 15:02:57,317 | INFO | Selecting frames for question yFAuXmcGk2Y_0 on video yFAuXmcGk2Y.mp4: frames=3128 tags=4
2026-03-07 15:04:25,885 | INFO | Selected 32 frames for question yFAuXmcGk2Y_0: [26130, 26160, 26190, 26220, 26250, 29220, 29250, 29280, 29310, 29340, 29370, 29400, 29430, 29460, 29490, 29520, 29550, 29580, 30120, 30150, 30180, 30210, 30240, 33390, 33420, 33450, 33480, 33510, 33540, 33570, 33600, 33630]
2026-03-07 15:04:25,886 | INFO | Selecting frames for question yFAuXmcGk2Y_1 on video yFAuXmcGk2Y.mp4: frames=3128 tags=4
2026-03-07 15:05:56,414 | INFO | Selected 32 frames for question yFAuXmcGk2Y_1: [59460, 59550, 59580, 59610, 59640, 59670, 59700, 59730, 59760, 59790, 59820, 59850, 59880, 59910, 63420, 63450, 63480, 64110, 64560, 64590, 64620, 64890, 64980, 65010, 65040, 65070, 65100, 65130, 65160, 65190, 65250, 65280]
2026-03-07 15:05:56,415 | INFO | Selecting frames for question yFAuXmcGk2Y_2 on video yFAuXmcGk2Y.mp4: frames=3128 tags=4
2026-03-07 15:07:25,551 | INFO | Selected 32 frames for question yFAuXmcGk2Y_2: [12270, 12300, 12330, 12360, 12390, 12420, 23160, 76080, 76140, 76170, 76200, 76230, 76350, 76380, 76410, 76440, 83100, 83130, 83160, 83190, 83220, 83250, 83280, 83310, 83340, 83370, 83400, 83430, 83460, 83760, 86010, 86040]
2026-03-07 15:07:25,551 | INFO | Selecting frames for question kOZnpwI2hIM_0 on video kOZnpwI2hIM.mp4: frames=1000 tags=4
2026-03-07 15:07:34,454 | INFO | Selected 32 frames for question kOZnpwI2hIM_0: [11772, 11820, 11844, 12443, 12467, 12539, 13378, 13402, 13426, 13450, 13474, 13498, 13714, 13738, 13762, 13786, 13810, 13834, 13882, 13954, 14097, 14145, 14289, 14313, 14337, 14361, 14385, 21746, 21770, 21794, 21842, 21866]
2026-03-07 15:07:34,454 | INFO | Selecting frames for question kOZnpwI2hIM_1 on video kOZnpwI2hIM.mp4: frames=1000 tags=4
2026-03-07 15:07:43,447 | INFO | Selected 32 frames for question kOZnpwI2hIM_1: [5010, 5034, 5058, 5082, 5106, 5130, 5154, 5202, 5370, 5466, 5514, 5922, 10453, 10501, 10549, 10573, 10597, 10837, 10861, 10885, 11028, 11052, 11076, 14865, 18941, 19876, 19900, 21458, 21482, 21506, 21578, 22753]
2026-03-07 15:07:43,447 | INFO | Selecting frames for question kOZnpwI2hIM_2 on video kOZnpwI2hIM.mp4: frames=1000 tags=4
2026-03-07 15:07:52,636 | INFO | Selected 32 frames for question kOZnpwI2hIM_2: [1198, 1438, 9494, 9566, 11556, 11580, 11604, 11628, 11652, 11676, 11700, 11724, 11748, 15560, 15968, 15992, 16015, 16039, 16063, 16087, 16111, 18029, 18077, 19420, 19444, 19468, 19540, 19564, 19612, 22489, 22561, 22873]
2026-03-07 15:07:52,636 | INFO | Selecting frames for question eE5Z7gDbgVA_0 on video eE5Z7gDbgVA.mp4: frames=1074 tags=4
2026-03-07 15:08:03,210 | INFO | Selected 32 frames for question eE5Z7gDbgVA_0: [2730, 3780, 3870, 5610, 8550, 9390, 10260, 10350, 10440, 10530, 10560, 11730, 12510, 12600, 12720, 20340, 21780, 21810, 21900, 21930, 26250, 29160, 29190, 29250, 29280, 29460, 29490, 30810, 30840, 30900, 30930, 31170]
2026-03-07 15:08:03,211 | INFO | Selecting frames for question eE5Z7gDbgVA_1 on video eE5Z7gDbgVA.mp4: frames=1074 tags=4
2026-03-07 15:08:13,521 | INFO | Selected 32 frames for question eE5Z7gDbgVA_1: [6900, 6930, 8730, 9390, 9420, 12150, 12660, 12690, 12720, 12750, 12780, 15810, 16770, 18480, 18510, 24030, 24060, 24090, 24120, 24150, 24180, 26040, 26130, 28530, 28560, 28590, 28620, 28650, 28680, 28710, 28740, 28980]
2026-03-07 15:08:13,521 | INFO | Selecting frames for question eE5Z7gDbgVA_2 on video eE5Z7gDbgVA.mp4: frames=1074 tags=4
2026-03-07 15:08:24,063 | INFO | Selected 32 frames for question eE5Z7gDbgVA_2: [2670, 2700, 3780, 8550, 8580, 10560, 12330, 12360, 12450, 12480, 18960, 18990, 19050, 19080, 19230, 19830, 19860, 19890, 19920, 27000, 27030, 28350, 28410, 29190, 30630, 30660, 30720, 30810, 30840, 30900, 30930, 31050]
2026-03-07 15:08:24,064 | INFO | Selecting frames for question V-RIpt7Tknc_0 on video V-RIpt7Tknc.mp4: frames=952 tags=4
2026-03-07 15:08:32,202 | INFO | Selected 32 frames for question V-RIpt7Tknc_0: [1438, 1828, 1858, 1888, 1918, 1948, 2067, 2817, 2847, 2877, 2907, 2937, 2967, 3236, 4165, 4195, 6593, 8571, 8601, 8631, 13576, 14025, 16663, 16693, 16723, 16753, 21638, 26403, 26433, 26493, 26553, 26613]
2026-03-07 15:08:32,202 | INFO | Selecting frames for question V-RIpt7Tknc_1 on video V-RIpt7Tknc.mp4: frames=952 tags=4
2026-03-07 15:08:40,384 | INFO | Selected 32 frames for question V-RIpt7Tknc_1: [3266, 3296, 3446, 3476, 3506, 3536, 18101, 18131, 18161, 18191, 18221, 19360, 19390, 19420, 19450, 19480, 19510, 19540, 19570, 19600, 19630, 22867, 22957, 23226, 23256, 26433, 26463, 26493, 26523, 26553, 26583, 26613]
2026-03-07 15:08:40,384 | INFO | Selecting frames for question V-RIpt7Tknc_2 on video V-RIpt7Tknc.mp4: frames=952 tags=4
2026-03-07 15:08:48,549 | INFO | Selected 32 frames for question V-RIpt7Tknc_2: [1768, 1888, 1918, 1948, 2067, 2097, 4135, 6593, 6623, 6653, 6683, 6713, 6773, 6803, 6833, 6863, 8571, 9710, 11748, 18131, 18191, 18221, 26403, 26433, 26463, 26493, 26523, 26553, 26583, 26613, 27212, 27242]
2026-03-07 15:08:48,550 | INFO | Selecting frames for question Fw1rirubXiU_0 on video Fw1rirubXiU.mp4: frames=3128 tags=4
2026-03-07 15:10:19,780 | INFO | Selected 32 frames for question Fw1rirubXiU_0: [16903, 17382, 52747, 52807, 53706, 53766, 53796, 53826, 53856, 53886, 53976, 54035, 54065, 54125, 54155, 54185, 61468, 61498, 61528, 61558, 61588, 61618, 61648, 61678, 61708, 62727, 64915, 64945, 65844, 65904, 69530, 72467]
2026-03-07 15:10:19,781 | INFO | Selecting frames for question Fw1rirubXiU_1 on video Fw1rirubXiU.mp4: frames=3128 tags=4
2026-03-07 15:11:48,971 | INFO | Selected 32 frames for question Fw1rirubXiU_1: [2787, 2817, 2847, 2877, 2907, 2937, 2967, 2997, 3056, 3116, 41838, 41868, 41898, 42077, 42107, 42137, 42167, 42197, 42227, 42257, 42827, 42857, 43006, 43036, 43066, 43096, 45044, 45074, 45164, 45194, 45554, 47202]
2026-03-07 15:11:48,972 | INFO | Selecting frames for question Fw1rirubXiU_2 on video Fw1rirubXiU.mp4: frames=3128 tags=4
2026-03-07 15:13:18,387 | INFO | Selected 32 frames for question Fw1rirubXiU_2: [16873, 16903, 16933, 16963, 17142, 17202, 17382, 61258, 61288, 61318, 61348, 62697, 62727, 62757, 62787, 62817, 75014, 75044, 75074, 75104, 75134, 75734, 75764, 75794, 75824, 75854, 75884, 76333, 76363, 76393, 76423, 76453]
2026-03-07 15:13:18,388 | INFO | Selecting frames for question tdm72-vYxTs_0 on video tdm72-vYxTs.mp4: frames=1163 tags=4
2026-03-07 15:13:30,469 | INFO | Selected 32 frames for question tdm72-vYxTs_0: [4560, 4590, 10530, 10560, 10590, 10680, 12060, 12120, 12150, 12390, 12660, 17820, 21090, 22500, 23520, 25860, 25890, 30570, 30660, 30690, 30720, 30870, 30900, 30930, 30960, 30990, 31020, 31080, 31140, 31440, 31470, 32520]
2026-03-07 15:13:30,469 | INFO | Selecting frames for question tdm72-vYxTs_1 on video tdm72-vYxTs.mp4: frames=1163 tags=4
2026-03-07 15:13:42,860 | INFO | Selected 32 frames for question tdm72-vYxTs_1: [2730, 3060, 4620, 6240, 6660, 6690, 7230, 7530, 7560, 7590, 7650, 7710, 7740, 7770, 7800, 7830, 7950, 7980, 8220, 8460, 8490, 8910, 15840, 16110, 16140, 16170, 25110, 25140, 25590, 34110, 34230, 34260]
2026-03-07 15:13:42,860 | INFO | Selecting frames for question tdm72-vYxTs_2 on video tdm72-vYxTs.mp4: frames=1163 tags=4
2026-03-07 15:13:55,236 | INFO | Selected 32 frames for question tdm72-vYxTs_2: [2730, 2760, 2940, 3060, 4560, 5880, 6000, 9660, 10200, 13440, 15870, 15930, 16590, 16620, 16650, 16680, 16740, 16860, 16920, 20010, 20730, 20760, 20790, 20820, 20850, 20880, 21150, 25890, 26520, 26550, 29010, 31470]
2026-03-07 15:13:55,237 | INFO | Selecting frames for question DoizYSYQRqU_0 on video DoizYSYQRqU.mp4: frames=1240 tags=4
2026-03-07 15:14:09,355 | INFO | Selected 32 frames for question DoizYSYQRqU_0: [1078, 6323, 6383, 6473, 6503, 9140, 9170, 9200, 9290, 9320, 9410, 9440, 9470, 9500, 9530, 9560, 9590, 9620, 9920, 10189, 10219, 10249, 10339, 10369, 10459, 10489, 10819, 10939, 11508, 13456, 14115, 14145]
2026-03-07 15:14:09,355 | INFO | Selecting frames for question DoizYSYQRqU_1 on video DoizYSYQRqU.mp4: frames=1240 tags=4
2026-03-07 15:14:23,078 | INFO | Selected 32 frames for question DoizYSYQRqU_1: [419, 629, 659, 689, 719, 989, 6263, 6323, 8721, 8781, 9050, 10189, 10309, 10339, 10369, 10819, 11148, 11568, 17562, 17592, 18701, 21098, 21188, 23016, 25024, 25054, 25084, 27302, 30089, 31438, 33296, 35964]
2026-03-07 15:14:23,079 | INFO | Selecting frames for question DoizYSYQRqU_2 on video DoizYSYQRqU.mp4: frames=1240 tags=4
2026-03-07 15:14:37,135 | INFO | Selected 32 frames for question DoizYSYQRqU_2: [25714, 25744, 25834, 25864, 25894, 27302, 27332, 27362, 27452, 27542, 27572, 27602, 27632, 27722, 27752, 27782, 29580, 29700, 32697, 33266, 33296, 33326, 33476, 33506, 33596, 33626, 33656, 33686, 33896, 34405, 34945, 35094]
2026-03-07 15:14:37,136 | INFO | Selecting frames for question NAJOZTNkhlI_0 on video NAJOZTNkhlI.mp4: frames=3135 tags=4
2026-03-07 15:16:08,693 | INFO | Selected 32 frames for question NAJOZTNkhlI_0: [3120, 3150, 3180, 3210, 3240, 3300, 3360, 3390, 3450, 3480, 4020, 4050, 4110, 4410, 4470, 4560, 4620, 5160, 5190, 5220, 5280, 5310, 5370, 5430, 5610, 5700, 5760, 5790, 5880, 6120, 6180, 6210]
2026-03-07 15:16:08,694 | INFO | Selecting frames for question NAJOZTNkhlI_1 on video NAJOZTNkhlI.mp4: frames=3135 tags=4
2026-03-07 15:17:37,621 | INFO | Selected 32 frames for question NAJOZTNkhlI_1: [58620, 58650, 58680, 60540, 80250, 85320, 85350, 85380, 87990, 88020, 88050, 88080, 88110, 88140, 88260, 88290, 88320, 89040, 89070, 89880, 89910, 90090, 90120, 90150, 90210, 93450, 93480, 93600, 93690, 93780, 93870, 93900]
2026-03-07 15:17:37,622 | INFO | Selecting frames for question NAJOZTNkhlI_2 on video NAJOZTNkhlI.mp4: frames=3135 tags=4
2026-03-07 15:19:06,225 | INFO | Selected 32 frames for question NAJOZTNkhlI_2: [11940, 11970, 18720, 18750, 64290, 64320, 68610, 68640, 68670, 68700, 68730, 68760, 68820, 68850, 68880, 68910, 68940, 68970, 69030, 69060, 69090, 69270, 69300, 86310, 86490, 87840, 88110, 93420, 93450, 93570, 93660, 93810]
2026-03-07 15:19:06,225 | INFO | Selecting frames for question iwXp1fT89-M_0 on video iwXp1fT89-M.mp4: frames=1156 tags=4
2026-03-07 15:19:18,175 | INFO | Selected 32 frames for question iwXp1fT89-M_0: [509, 3956, 3986, 6623, 6833, 6863, 7252, 8541, 8901, 8931, 8961, 8991, 9020, 9050, 9080, 11808, 12677, 13036, 14325, 14385, 19690, 19870, 19900, 19930, 19989, 20019, 20049, 20079, 20109, 20409, 20949, 20979]
2026-03-07 15:19:18,176 | INFO | Selecting frames for question iwXp1fT89-M_1 on video iwXp1fT89-M.mp4: frames=1156 tags=4
2026-03-07 15:19:30,123 | INFO | Selected 32 frames for question iwXp1fT89-M_1: [449, 509, 569, 3956, 3986, 6623, 6773, 6833, 6863, 7252, 7312, 7372, 8541, 8601, 8901, 8931, 8961, 8991, 9020, 9050, 9080, 11808, 12677, 13546, 14265, 14325, 14385, 15014, 15164, 20079, 20949, 20979]
2026-03-07 15:19:30,123 | INFO | Selecting frames for question iwXp1fT89-M_2 on video iwXp1fT89-M.mp4: frames=1156 tags=4
2026-03-07 15:19:42,114 | INFO | Selected 32 frames for question iwXp1fT89-M_2: [0, 29, 59, 89, 179, 599, 659, 4285, 6863, 6893, 8541, 8991, 9020, 9050, 9080, 11808, 11898, 13336, 14265, 14295, 14385, 17472, 20949, 20979, 21038, 21668, 22717, 22777, 22927, 25234, 26733, 32607]
2026-03-07 15:19:42,114 | INFO | Selecting frames for question pGEF7Tme3Tk_0 on video pGEF7Tme3Tk.mp4: frames=941 tags=4
2026-03-07 15:19:49,831 | INFO | Selected 32 frames for question pGEF7Tme3Tk_0: [449, 1048, 2157, 2547, 3176, 3596, 3626, 3656, 3896, 5574, 5964, 6053, 6563, 6593, 6773, 7282, 7822, 10669, 10699, 10789, 11358, 11448, 13486, 13516, 13546, 13936, 14445, 14565, 18731, 23376, 23406, 24635]
2026-03-07 15:19:49,831 | INFO | Selecting frames for question pGEF7Tme3Tk_1 on video pGEF7Tme3Tk.mp4: frames=941 tags=4
2026-03-07 15:19:57,657 | INFO | Selected 32 frames for question pGEF7Tme3Tk_1: [7312, 7342, 7672, 8061, 10429, 10459, 10489, 10549, 10579, 10609, 10669, 10789, 11028, 11118, 11178, 11418, 11448, 14775, 15164, 16033, 16333, 22957, 25654, 25684, 25774, 25834, 25894, 25924, 26283, 26343, 27422, 27782]
2026-03-07 15:19:57,657 | INFO | Selecting frames for question pGEF7Tme3Tk_2 on video pGEF7Tme3Tk.mp4: frames=941 tags=4
2026-03-07 15:20:05,547 | INFO | Selected 32 frames for question pGEF7Tme3Tk_2: [7282, 10339, 10429, 10459, 10489, 10579, 10609, 10699, 15104, 16033, 21728, 22747, 23556, 23616, 23646, 24035, 25624, 25654, 25684, 25774, 25834, 25864, 25894, 25924, 26223, 26283, 26313, 26343, 26373, 26403, 26433, 28141]
2026-03-07 15:20:05,547 | INFO | Selecting frames for question aqUisZS9Ruw_0 on video aqUisZS9Ruw.mp4: frames=910 tags=4
2026-03-07 15:20:13,029 | INFO | Selected 32 frames for question aqUisZS9Ruw_0: [1318, 1348, 1588, 4795, 4855, 5184, 8781, 8871, 8931, 8961, 9020, 9080, 9140, 9260, 9320, 9350, 9410, 10339, 10369, 10969, 11838, 12527, 12587, 12617, 13876, 15434, 19390, 20349, 20379, 21338, 24365, 24815]
2026-03-07 15:20:13,029 | INFO | Selecting frames for question aqUisZS9Ruw_1 on video aqUisZS9Ruw.mp4: frames=910 tags=4
2026-03-07 15:20:20,584 | INFO | Selected 32 frames for question aqUisZS9Ruw_1: [1498, 1648, 1678, 1768, 1798, 1828, 1858, 1978, 2067, 2127, 2307, 2367, 2547, 2577, 2607, 2637, 2667, 2697, 2727, 2757, 2787, 2817, 2847, 2877, 2907, 2937, 2967, 3026, 3176, 3506, 3596, 3626]
2026-03-07 15:20:20,584 | INFO | Selecting frames for question aqUisZS9Ruw_2 on video aqUisZS9Ruw.mp4: frames=910 tags=4
2026-03-07 15:20:28,186 | INFO | Selected 32 frames for question aqUisZS9Ruw_2: [4615, 5214, 5274, 6743, 7372, 7402, 9350, 9410, 9500, 11028, 12197, 15074, 15104, 15134, 15164, 16033, 16063, 16483, 17022, 17652, 19240, 19390, 19630, 20319, 20379, 20409, 20769, 20799, 21818, 23256, 24065, 24485]
2026-03-07 15:20:28,187 | INFO | Selecting frames for question TMe7oXMJoSM_0 on video TMe7oXMJoSM.mp4: frames=2805 tags=4
2026-03-07 15:21:39,940 | INFO | Selected 32 frames for question TMe7oXMJoSM_0: [7072, 7972, 11358, 11388, 11448, 11478, 11508, 11538, 11568, 11598, 11658, 11688, 11718, 11748, 11778, 11808, 11838, 11868, 11898, 11928, 11958, 12017, 12047, 12197, 12227, 12257, 14835, 15014, 15044, 47922, 62937, 62967]
2026-03-07 15:21:39,941 | INFO | Selecting frames for question TMe7oXMJoSM_1 on video TMe7oXMJoSM.mp4: frames=2805 tags=4
2026-03-07 15:22:52,931 | INFO | Selected 32 frames for question TMe7oXMJoSM_1: [9320, 9440, 9470, 10699, 10759, 11028, 11058, 11268, 18281, 24995, 25054, 26313, 36803, 48011, 48491, 48521, 48551, 49780, 49840, 49900, 49930, 51548, 51608, 51638, 51668, 51698, 51728, 51758, 52507, 62937, 67822, 67882]
2026-03-07 15:22:52,931 | INFO | Selecting frames for question TMe7oXMJoSM_2 on video TMe7oXMJoSM.mp4: frames=2805 tags=4
2026-03-07 15:24:06,630 | INFO | Selected 32 frames for question TMe7oXMJoSM_2: [27812, 43006, 46093, 46123, 46153, 46183, 46213, 48071, 48221, 48281, 48341, 48371, 48401, 51548, 51608, 51638, 51698, 51728, 51758, 53676, 62937, 67762, 67822, 67852, 67882, 67912, 68121, 68151, 68181, 68211, 69650, 69680]
2026-03-07 15:24:06,630 | INFO | Selecting frames for question 8foMISZGiyw_0 on video 8foMISZGiyw.mp4: frames=1215 tags=4
2026-03-07 15:24:20,756 | INFO | Selected 32 frames for question 8foMISZGiyw_0: [6863, 6893, 15824, 15854, 15914, 16003, 17052, 17082, 18161, 23106, 23136, 23166, 23226, 23256, 23316, 23346, 23376, 23406, 23436, 23466, 23496, 23526, 23556, 23616, 23676, 23706, 23736, 23766, 23826, 24005, 24035, 24545]
2026-03-07 15:24:20,757 | INFO | Selecting frames for question 8foMISZGiyw_1 on video 8foMISZGiyw.mp4: frames=1215 tags=4
2026-03-07 15:24:34,470 | INFO | Selected 32 frames for question 8foMISZGiyw_1: [9800, 9830, 21098, 22897, 22927, 22957, 22987, 23016, 23046, 23076, 23106, 23136, 23166, 23226, 23256, 23316, 23346, 23376, 23406, 23436, 23466, 23526, 23616, 23826, 23946, 24005, 24035, 24305, 24485, 24515, 24545, 24635]
2026-03-07 15:24:34,470 | INFO | Selecting frames for question 8foMISZGiyw_2 on video 8foMISZGiyw.mp4: frames=1215 tags=4
2026-03-07 15:24:47,878 | INFO | Selected 32 frames for question 8foMISZGiyw_2: [1708, 1738, 1768, 1798, 1828, 1858, 1888, 1918, 1948, 6863, 6893, 6923, 6953, 6983, 9590, 16003, 25054, 25084, 25114, 25144, 25174, 25204, 25234, 25264, 25294, 25324, 25354, 25474, 25534, 25564, 25594, 25624]
2026-03-07 15:24:47,878 | INFO | Selecting frames for question J1IwKg2ufk8_0 on video J1IwKg2ufk8.mp4: frames=1201 tags=4
2026-03-07 15:25:01,207 | INFO | Selected 32 frames for question J1IwKg2ufk8_0: [7700, 7725, 7775, 7800, 7825, 7875, 7900, 7925, 7950, 7975, 8000, 8025, 8050, 12225, 12250, 12675, 17375, 17475, 17600, 17625, 17650, 17675, 23225, 23250, 23550, 23575, 23600, 23625, 23675, 23700, 23725, 24300]
2026-03-07 15:25:01,207 | INFO | Selecting frames for question J1IwKg2ufk8_1 on video J1IwKg2ufk8.mp4: frames=1201 tags=4
2026-03-07 15:25:14,554 | INFO | Selected 32 frames for question J1IwKg2ufk8_1: [2600, 2625, 6375, 6425, 6775, 6800, 6825, 6875, 6900, 6925, 7950, 10975, 12450, 12675, 17625, 17650, 21900, 22125, 22275, 22325, 25000, 25100, 25225, 27250, 27275, 27625, 27650, 27675, 27700, 27725, 27800, 27825]
2026-03-07 15:25:14,555 | INFO | Selecting frames for question J1IwKg2ufk8_2 on video J1IwKg2ufk8.mp4: frames=1201 tags=4
2026-03-07 15:25:27,706 | INFO | Selected 32 frames for question J1IwKg2ufk8_2: [1625, 1650, 1925, 7250, 7300, 8150, 9175, 9700, 11375, 11450, 11475, 12225, 13850, 20825, 20850, 21100, 21200, 21225, 21300, 23225, 26550, 26850, 27000, 27025, 28075, 28100, 28125, 28225, 28275, 28350, 28375, 28425]
2026-03-07 15:25:27,706 | INFO | Selecting frames for question XuQswmEPgxU_0 on video XuQswmEPgxU.mp4: frames=1843 tags=4
2026-03-07 15:25:58,232 | INFO | Selected 32 frames for question XuQswmEPgxU_0: [1050, 1470, 2700, 5520, 6900, 8040, 8640, 8790, 9450, 11250, 11280, 12270, 12750, 14040, 14130, 32910, 32940, 33150, 33180, 34920, 35100, 36750, 38880, 39000, 40860, 41760, 41850, 41880, 43260, 43590, 43620, 43710]
2026-03-07 15:25:58,233 | INFO | Selecting frames for question XuQswmEPgxU_1 on video XuQswmEPgxU.mp4: frames=1843 tags=4
2026-03-07 15:26:28,501 | INFO | Selected 32 frames for question XuQswmEPgxU_1: [24570, 24600, 24630, 24660, 24810, 24930, 25050, 25110, 25140, 25170, 25200, 25230, 25260, 25350, 25620, 25710, 25770, 25800, 25830, 25860, 25890, 25920, 25980, 26040, 26190, 26490, 26550, 26640, 26670, 26850, 26910, 27060]
2026-03-07 15:26:28,502 | INFO | Selecting frames for question XuQswmEPgxU_2 on video XuQswmEPgxU.mp4: frames=1843 tags=4
2026-03-07 15:26:59,179 | INFO | Selected 32 frames for question XuQswmEPgxU_2: [51180, 51240, 51270, 51300, 51690, 51720, 51750, 51780, 51810, 52050, 52080, 52110, 52140, 52170, 52410, 52440, 52470, 52500, 52530, 52770, 52800, 52830, 52860, 52890, 53130, 53160, 53190, 53220, 53250, 53490, 53520, 53550]
2026-03-07 15:26:59,180 | INFO | Selecting frames for question NSeq-nVSY_E_0 on video NSeq-nVSY_E.mp4: frames=1309 tags=4
2026-03-07 15:27:14,783 | INFO | Selected 32 frames for question NSeq-nVSY_E_0: [600, 625, 650, 675, 700, 1325, 1350, 1375, 1400, 1425, 8350, 8375, 9425, 9550, 9575, 12275, 12300, 12325, 12350, 12375, 12400, 12425, 12450, 12475, 12500, 12525, 12550, 12575, 12600, 12625, 20500, 20525]
2026-03-07 15:27:14,784 | INFO | Selecting frames for question NSeq-nVSY_E_1 on video NSeq-nVSY_E.mp4: frames=1309 tags=4
2026-03-07 15:27:30,315 | INFO | Selected 32 frames for question NSeq-nVSY_E_1: [1325, 1350, 1375, 1400, 1425, 1600, 1625, 1650, 1675, 3725, 3750, 3775, 3800, 3825, 15075, 15100, 15125, 15150, 15175, 15200, 15225, 15250, 15275, 15300, 15325, 15350, 15375, 15400, 15425, 15450, 15475, 15500]
2026-03-07 15:27:30,316 | INFO | Selecting frames for question NSeq-nVSY_E_2 on video NSeq-nVSY_E.mp4: frames=1309 tags=4
2026-03-07 15:27:45,447 | INFO | Selected 32 frames for question NSeq-nVSY_E_2: [1325, 1350, 1375, 1400, 1425, 9425, 9550, 9575, 11825, 11850, 12100, 12125, 12150, 12175, 12200, 12225, 12250, 12275, 12300, 12325, 12350, 12375, 12400, 12425, 12450, 12475, 12500, 12525, 12550, 12575, 12600, 12625]
2026-03-07 15:27:45,447 | INFO | Selecting frames for question WTT7XZko3qk_0 on video WTT7XZko3qk.mp4: frames=1208 tags=4
2026-03-07 15:27:58,637 | INFO | Selected 32 frames for question WTT7XZko3qk_0: [47, 95, 119, 143, 167, 1294, 1318, 1342, 1798, 2733, 2757, 2781, 2925, 3140, 3164, 3260, 3284, 3380, 3404, 3500, 3524, 4123, 4171, 4195, 4219, 4267, 4339, 4363, 8319, 8343, 12347, 12371]
2026-03-07 15:27:58,637 | INFO | Selecting frames for question WTT7XZko3qk_1 on video WTT7XZko3qk.mp4: frames=1208 tags=4
2026-03-07 15:28:11,849 | INFO | Selected 32 frames for question WTT7XZko3qk_1: [1630, 10669, 10765, 12587, 12659, 13330, 14073, 14529, 14601, 14625, 14673, 15128, 15560, 15728, 16135, 16183, 16231, 16831, 16855, 16903, 16927, 16951, 16975, 16999, 17382, 18653, 19324, 19516, 19540, 23208, 27188, 27260]
2026-03-07 15:28:11,850 | INFO | Selecting frames for question WTT7XZko3qk_2 on video WTT7XZko3qk.mp4: frames=1208 tags=4
2026-03-07 15:28:25,872 | INFO | Selected 32 frames for question WTT7XZko3qk_2: [8439, 8487, 8895, 8919, 8943, 8967, 8991, 9158, 9182, 9206, 9254, 9278, 9326, 9350, 9398, 9422, 9470, 9494, 9518, 9710, 10669, 10693, 10741, 10765, 10789, 11052, 18557, 18605, 18629, 18653, 27980, 28003]
2026-03-07 15:28:25,872 | INFO | Selecting frames for question qsH6q5wNso4_0 on video qsH6q5wNso4.mp4: frames=1002 tags=4
2026-03-07 15:28:35,409 | INFO | Selected 32 frames for question qsH6q5wNso4_0: [6550, 6575, 6600, 6625, 6650, 6675, 6700, 6725, 6750, 6775, 6875, 9475, 9500, 9525, 9550, 9575, 12200, 12300, 12450, 14025, 14200, 15400, 16900, 16925, 16950, 17500, 17525, 17550, 17575, 17600, 17625, 18000]
2026-03-07 15:28:35,409 | INFO | Selecting frames for question qsH6q5wNso4_1 on video qsH6q5wNso4.mp4: frames=1002 tags=4
2026-03-07 15:28:44,413 | INFO | Selected 32 frames for question qsH6q5wNso4_1: [6550, 6575, 6600, 6625, 6650, 6675, 6875, 9475, 12200, 12300, 12450, 14025, 15300, 15400, 16075, 16100, 16350, 16575, 16825, 16900, 16925, 16950, 17375, 17425, 17450, 17475, 17500, 17525, 17550, 17575, 17600, 17625]
2026-03-07 15:28:44,414 | INFO | Selecting frames for question qsH6q5wNso4_2 on video qsH6q5wNso4.mp4: frames=1002 tags=4
2026-03-07 15:28:53,436 | INFO | Selected 32 frames for question qsH6q5wNso4_2: [6550, 6575, 6600, 6625, 6650, 6675, 6700, 6725, 6750, 6775, 9475, 12200, 12300, 12450, 14025, 14150, 15400, 16075, 16575, 16825, 16900, 16925, 16950, 17375, 17450, 17475, 17500, 17525, 17550, 17575, 17600, 17625]
2026-03-07 15:28:53,436 | INFO | Selecting frames for question Ro_8-CCORzk_0 on video Ro_8-CCORzk.mp4: frames=1327 tags=4
2026-03-07 15:29:09,507 | INFO | Selected 32 frames for question Ro_8-CCORzk_0: [2487, 2517, 2637, 2667, 2697, 2727, 2817, 2847, 3086, 3116, 6713, 6833, 6953, 7102, 7282, 7312, 7612, 7642, 7732, 7762, 7882, 7942, 7972, 8001, 8091, 8121, 8331, 8361, 20709, 27422, 29760, 29820]
2026-03-07 15:29:09,508 | INFO | Selecting frames for question Ro_8-CCORzk_1 on video Ro_8-CCORzk.mp4: frames=1327 tags=4
2026-03-07 15:29:25,254 | INFO | Selected 32 frames for question Ro_8-CCORzk_1: [6713, 8091, 8151, 8181, 13606, 16003, 16033, 16333, 16363, 16393, 16483, 19540, 19630, 19660, 19690, 19750, 19780, 19810, 19840, 19870, 19900, 19930, 20109, 20709, 24005, 24965, 24995, 29100, 29400, 29430, 29490, 30629]
2026-03-07 15:29:25,255 | INFO | Selecting frames for question Ro_8-CCORzk_2 on video Ro_8-CCORzk.mp4: frames=1327 tags=4
2026-03-07 15:29:41,199 | INFO | Selected 32 frames for question Ro_8-CCORzk_2: [749, 779, 839, 869, 899, 16093, 16123, 16153, 16183, 16243, 17022, 17052, 17082, 17142, 30779, 30809, 30839, 30899, 33026, 33086, 33146, 33176, 33206, 33236, 33536, 33566, 33596, 34075, 34165, 34255, 34285, 34345]
2026-03-07 15:29:41,200 | INFO | Selecting frames for question QPth_xqBXGY_0 on video QPth_xqBXGY.mp4: frames=1745 tags=4
2026-03-07 15:30:08,566 | INFO | Selected 32 frames for question QPth_xqBXGY_0: [3480, 3540, 3570, 3600, 3630, 3660, 3690, 3720, 3750, 3780, 3810, 3840, 3960, 3990, 4020, 4050, 4110, 4140, 4170, 4200, 4230, 4260, 4290, 4320, 4350, 4380, 4410, 4440, 6030, 7320, 7800, 7980]
2026-03-07 15:30:08,566 | INFO | Selecting frames for question QPth_xqBXGY_1 on video QPth_xqBXGY.mp4: frames=1745 tags=4
2026-03-07 15:30:36,242 | INFO | Selected 32 frames for question QPth_xqBXGY_1: [210, 240, 300, 330, 360, 390, 420, 450, 480, 510, 540, 570, 600, 20310, 20340, 20430, 20460, 20490, 20520, 20550, 22770, 25950, 26250, 26280, 26310, 26340, 26370, 26400, 26430, 26460, 26490, 26520]
2026-03-07 15:30:36,242 | INFO | Selecting frames for question QPth_xqBXGY_2 on video QPth_xqBXGY.mp4: frames=1745 tags=4
2026-03-07 15:31:03,400 | INFO | Selected 32 frames for question QPth_xqBXGY_2: [210, 420, 450, 480, 510, 540, 570, 600, 5460, 9840, 9870, 10050, 10140, 38460, 38490, 38520, 38550, 38580, 38610, 38640, 38670, 38700, 38760, 38790, 38820, 38850, 38880, 38910, 38940, 38970, 39180, 39210]
2026-03-07 15:31:03,401 | INFO | Selecting frames for question _7sd4fjnmvc_0 on video _7sd4fjnmvc.mp4: frames=1317 tags=4
2026-03-07 15:31:19,226 | INFO | Selected 32 frames for question _7sd4fjnmvc_0: [6023, 7552, 7582, 7612, 7642, 7672, 7702, 9170, 9200, 9230, 9260, 9290, 9320, 9350, 9380, 9410, 9440, 9470, 9500, 9530, 9560, 9590, 9620, 9650, 9680, 9710, 9740, 9830, 9980, 11328, 11358, 11478]
2026-03-07 15:31:19,226 | INFO | Selecting frames for question _7sd4fjnmvc_1 on video _7sd4fjnmvc.mp4: frames=1317 tags=4
2026-03-07 15:31:35,147 | INFO | Selected 32 frames for question _7sd4fjnmvc_1: [21908, 21968, 21998, 22027, 22057, 22147, 22177, 22207, 22237, 22267, 22327, 22357, 22387, 22507, 22537, 24935, 24995, 25774, 25984, 26493, 26523, 27302, 27872, 27902, 28141, 28201, 28801, 28891, 29820, 30149, 30689, 30809]
2026-03-07 15:31:35,147 | INFO | Selecting frames for question _7sd4fjnmvc_2 on video _7sd4fjnmvc.mp4: frames=1317 tags=4
2026-03-07 15:31:51,288 | INFO | Selected 32 frames for question _7sd4fjnmvc_2: [3356, 3386, 3416, 3446, 3476, 3506, 3566, 3626, 4255, 4285, 4375, 4555, 4585, 4855, 31198, 35274, 35304, 35334, 35574, 35604, 35784, 35844, 35964, 36173, 37192, 37282, 37312, 37342, 38841, 38871, 38901, 38931]
2026-03-07 15:31:51,289 | INFO | Selecting frames for question T15Kv6dtYO0_0 on video T15Kv6dtYO0.mp4: frames=939 tags=4
2026-03-07 15:31:59,188 | INFO | Selected 32 frames for question T15Kv6dtYO0_0: [2397, 2427, 2457, 2487, 2517, 4975, 5064, 5094, 9080, 9110, 9140, 9170, 9200, 9440, 9470, 9500, 22237, 22297, 22327, 22357, 22387, 22417, 22747, 22777, 22807, 23886, 23976, 24035, 24065, 24095, 24125, 24485]
2026-03-07 15:31:59,188 | INFO | Selecting frames for question T15Kv6dtYO0_1 on video T15Kv6dtYO0.mp4: frames=939 tags=4
2026-03-07 15:32:07,225 | INFO | Selected 32 frames for question T15Kv6dtYO0_1: [11148, 11448, 11478, 11508, 11538, 11598, 11628, 11778, 11808, 11838, 11868, 11898, 13486, 13516, 13636, 13666, 13696, 13726, 13756, 15524, 15554, 16453, 17232, 17262, 17292, 17322, 17352, 17382, 17412, 17442, 17472, 17502]
2026-03-07 15:32:07,225 | INFO | Selecting frames for question T15Kv6dtYO0_2 on video T15Kv6dtYO0.mp4: frames=939 tags=4
2026-03-07 15:32:15,175 | INFO | Selected 32 frames for question T15Kv6dtYO0_2: [1738, 1768, 1798, 1828, 4585, 4615, 4645, 4675, 4705, 4735, 4765, 4795, 5214, 9680, 9740, 15224, 15254, 23616, 27182, 27212, 27242, 27302, 27392, 27422, 27452, 27482, 27512, 27542, 27572, 27602, 27632, 27662]
2026-03-07 15:32:15,176 | INFO | Selecting frames for question 51dUUxFOjDE_0 on video 51dUUxFOjDE.mp4: frames=1508 tags=4
2026-03-07 15:32:35,543 | INFO | Selected 32 frames for question 51dUUxFOjDE_0: [5275, 5300, 5325, 5375, 5550, 6225, 7025, 7150, 14700, 14725, 14750, 14775, 14800, 14825, 14850, 14875, 14900, 14925, 15950, 16000, 16025, 17050, 17075, 17150, 20100, 20125, 20275, 20325, 24450, 24475, 25775, 26125]
2026-03-07 15:32:35,543 | INFO | Selecting frames for question 51dUUxFOjDE_1 on video 51dUUxFOjDE.mp4: frames=1508 tags=4
2026-03-07 15:32:55,942 | INFO | Selected 32 frames for question 51dUUxFOjDE_1: [5275, 5300, 5325, 5350, 5375, 5550, 6225, 6275, 6300, 6825, 6900, 7000, 7150, 11200, 14700, 14775, 14800, 14825, 14850, 14875, 14900, 14925, 15050, 15950, 16025, 17050, 17075, 19475, 24475, 24500, 25775, 26225]
2026-03-07 15:32:55,943 | INFO | Selecting frames for question 51dUUxFOjDE_2 on video 51dUUxFOjDE.mp4: frames=1508 tags=4
2026-03-07 15:33:16,464 | INFO | Selected 32 frames for question 51dUUxFOjDE_2: [5275, 5300, 5325, 5375, 6225, 6825, 7150, 14700, 14775, 14800, 14825, 14850, 14875, 14900, 14925, 15050, 15075, 15100, 15125, 15150, 15175, 15200, 15500, 15950, 15975, 16000, 16025, 16675, 17075, 17100, 20125, 25775]
2026-03-07 15:33:16,465 | INFO | Selecting frames for question 2vVQo_GMA70_0 on video 2vVQo_GMA70.mp4: frames=2041 tags=4
2026-03-07 15:33:54,351 | INFO | Selected 32 frames for question 2vVQo_GMA70_0: [0, 29, 59, 89, 119, 149, 269, 299, 329, 359, 389, 419, 449, 509, 539, 959, 33956, 43906, 45884, 46843, 54785, 54875, 60269, 60299, 60449, 60479, 60509, 60719, 60749, 60779, 60809, 61018]
2026-03-07 15:33:54,351 | INFO | Selecting frames for question 2vVQo_GMA70_1 on video 2vVQo_GMA70.mp4: frames=2041 tags=4
2026-03-07 15:34:32,417 | INFO | Selected 32 frames for question 2vVQo_GMA70_1: [359, 449, 479, 47022, 48911, 48971, 49000, 49030, 49060, 49570, 49810, 49840, 52327, 52357, 52387, 54125, 54155, 54185, 54215, 54425, 54455, 54515, 54545, 54575, 54605, 57752, 57962, 58021, 58051, 58141, 58681, 60239]
2026-03-07 15:34:32,417 | INFO | Selecting frames for question 2vVQo_GMA70_2 on video 2vVQo_GMA70.mp4: frames=2041 tags=4
2026-03-07 15:35:09,407 | INFO | Selected 32 frames for question 2vVQo_GMA70_2: [9740, 10189, 12617, 13816, 13876, 14145, 22117, 23076, 23526, 24095, 24125, 25714, 25744, 27932, 27962, 28441, 28951, 29220, 29250, 29400, 30509, 31138, 31198, 31228, 31288, 31318, 33716, 47052, 60239, 60269, 60299, 60329]
2026-03-07 15:35:09,408 | INFO | Selecting frames for question Sn7JPKbG6tY_0 on video Sn7JPKbG6tY.mp4: frames=1034 tags=4
2026-03-07 15:35:19,574 | INFO | Selected 32 frames for question Sn7JPKbG6tY_0: [59, 89, 119, 179, 209, 239, 449, 509, 10609, 10639, 10699, 12287, 15884, 19270, 24425, 24695, 25024, 25294, 25414, 26313, 26373, 26523, 26673, 27122, 27362, 27392, 27452, 27482, 27542, 28081, 28801, 29640]
2026-03-07 15:35:19,574 | INFO | Selecting frames for question Sn7JPKbG6tY_1 on video Sn7JPKbG6tY.mp4: frames=1034 tags=4
2026-03-07 15:35:29,698 | INFO | Selected 32 frames for question Sn7JPKbG6tY_1: [1828, 2007, 2037, 2247, 2277, 2307, 2337, 2397, 11568, 12167, 12287, 12707, 12857, 12977, 13186, 13306, 13576, 13606, 17652, 25294, 27362, 27392, 27452, 27482, 27782, 28081, 28141, 29580, 30239, 30299, 30329, 30389]
2026-03-07 15:35:29,699 | INFO | Selecting frames for question Sn7JPKbG6tY_2 on video Sn7JPKbG6tY.mp4: frames=1034 tags=4
2026-03-07 15:35:39,672 | INFO | Selected 32 frames for question Sn7JPKbG6tY_2: [2397, 12167, 12857, 12977, 13816, 14295, 15884, 15974, 24695, 24725, 24905, 25114, 25174, 25294, 25414, 25444, 26313, 26343, 26373, 27122, 27212, 27242, 27362, 27392, 27452, 27482, 27602, 27752, 27782, 27812, 28141, 30299]
2026-03-07 15:35:39,673 | INFO | Selecting frames for question pJI5ZU6wxqg_0 on video pJI5ZU6wxqg.mp4: frames=1261 tags=4
2026-03-07 15:35:53,735 | INFO | Selected 32 frames for question pJI5ZU6wxqg_0: [6125, 6150, 6175, 6200, 6225, 6250, 6275, 6300, 6325, 6350, 6375, 10225, 11775, 11875, 11950, 16100, 16125, 16150, 16325, 16350, 16375, 16525, 19325, 23050, 23075, 23100, 23125, 23225, 23250, 23275, 24050, 25775]
2026-03-07 15:35:53,736 | INFO | Selecting frames for question pJI5ZU6wxqg_1 on video pJI5ZU6wxqg.mp4: frames=1261 tags=4
2026-03-07 15:36:08,812 | INFO | Selected 32 frames for question pJI5ZU6wxqg_1: [13250, 13275, 13300, 13325, 13350, 13375, 13400, 13425, 13450, 13475, 13500, 17100, 18600, 18625, 18650, 18675, 18700, 18725, 18750, 18775, 18800, 19025, 19050, 19075, 19100, 19275, 19300, 19325, 19350, 19950, 22200, 22225]
2026-03-07 15:36:08,813 | INFO | Selecting frames for question pJI5ZU6wxqg_2 on video pJI5ZU6wxqg.mp4: frames=1261 tags=4
2026-03-07 15:36:23,774 | INFO | Selected 32 frames for question pJI5ZU6wxqg_2: [6125, 6150, 6175, 6225, 6250, 6300, 6325, 6350, 6375, 6400, 6425, 6450, 6500, 13375, 16825, 16850, 16875, 19325, 19350, 19850, 19875, 19925, 19950, 23225, 23250, 23275, 24050, 24075, 24100, 24125, 25775, 25800]
2026-03-07 15:36:23,774 | INFO | Selecting frames for question aVHAr8rc-Ks_0 on video aVHAr8rc-Ks.mp4: frames=928 tags=4
2026-03-07 15:36:31,756 | INFO | Selected 32 frames for question aVHAr8rc-Ks_0: [0, 809, 839, 869, 899, 929, 959, 989, 1018, 1048, 1078, 1108, 1288, 1318, 1348, 1378, 1408, 1438, 1468, 1498, 1678, 4705, 4765, 7612, 13426, 21758, 21788, 21998, 25264, 25354, 26043, 26103]
2026-03-07 15:36:31,757 | INFO | Selecting frames for question aVHAr8rc-Ks_1 on video aVHAr8rc-Ks.mp4: frames=928 tags=4
2026-03-07 15:36:39,598 | INFO | Selected 32 frames for question aVHAr8rc-Ks_1: [0, 839, 869, 899, 929, 959, 989, 1018, 1048, 1078, 1108, 1288, 1318, 1348, 1378, 1408, 2847, 2877, 2907, 2997, 7552, 7612, 13426, 13516, 13756, 14235, 18161, 20229, 20979, 21038, 24665, 25264]
2026-03-07 15:36:39,598 | INFO | Selecting frames for question aVHAr8rc-Ks_2 on video aVHAr8rc-Ks.mp4: frames=928 tags=4
2026-03-07 15:36:47,805 | INFO | Selected 32 frames for question aVHAr8rc-Ks_2: [1948, 3176, 3236, 3296, 3356, 3506, 3566, 3986, 5094, 5124, 5664, 5724, 5784, 5874, 5904, 5934, 6023, 8151, 8181, 8421, 8451, 10969, 11298, 11688, 11808, 11868, 11898, 12107, 12827, 12857, 17502, 19090]
2026-03-07 15:36:47,806 | INFO | Selecting frames for question UMFy3keSk-s_0 on video UMFy3keSk-s.mp4: frames=1139 tags=4
2026-03-07 15:36:59,993 | INFO | Selected 32 frames for question UMFy3keSk-s_0: [10369, 10399, 11328, 11358, 11478, 11508, 11568, 11598, 11778, 11808, 11898, 26823, 26853, 26883, 26913, 26943, 26973, 27002, 27032, 27062, 27272, 27512, 27572, 28141, 28291, 28321, 29010, 29070, 30569, 30959, 32967, 32997]
2026-03-07 15:36:59,994 | INFO | Selecting frames for question UMFy3keSk-s_1 on video UMFy3keSk-s.mp4: frames=1139 tags=4
2026-03-07 15:37:12,203 | INFO | Selected 32 frames for question UMFy3keSk-s_1: [9050, 11208, 13606, 13666, 13726, 13786, 14355, 18041, 18521, 19300, 19480, 19720, 19750, 19780, 19810, 20049, 20169, 21938, 23586, 23796, 23886, 23916, 24305, 24335, 24455, 25054, 25084, 25114, 25144, 25714, 25774, 25804]
2026-03-07 15:37:12,203 | INFO | Selecting frames for question UMFy3keSk-s_2 on video UMFy3keSk-s.mp4: frames=1139 tags=4
2026-03-07 15:37:24,337 | INFO | Selected 32 frames for question UMFy3keSk-s_2: [4075, 4105, 4135, 4525, 4585, 4825, 5814, 5844, 6533, 6653, 17982, 18011, 18041, 19090, 19120, 19300, 19390, 19480, 20139, 20439, 20529, 23796, 33416, 33446, 33476, 33506, 33566, 33596, 33626, 33656, 33686, 33716]
2026-03-07 15:37:24,338 | INFO | Selecting frames for question fryyNwUCPWA_0 on video fryyNwUCPWA.mp4: frames=980 tags=4
2026-03-07 15:37:33,365 | INFO | Selected 32 frames for question fryyNwUCPWA_0: [5950, 6925, 6950, 6975, 7000, 7025, 7050, 7100, 13675, 13700, 13725, 13750, 13775, 13800, 13825, 13850, 14550, 14850, 14875, 14900, 14925, 15000, 15250, 15450, 17400, 18325, 18975, 19000, 19025, 21300, 21375, 24325]
2026-03-07 15:37:33,366 | INFO | Selecting frames for question fryyNwUCPWA_1 on video fryyNwUCPWA.mp4: frames=980 tags=4
2026-03-07 15:37:42,403 | INFO | Selected 32 frames for question fryyNwUCPWA_1: [225, 250, 675, 6400, 7100, 13700, 13725, 13800, 13825, 13850, 14850, 14875, 14900, 14925, 14950, 14975, 15000, 15025, 15250, 15325, 15350, 15400, 15425, 15450, 15475, 15800, 15825, 15850, 16275, 16625, 18925, 24200]
2026-03-07 15:37:42,404 | INFO | Selecting frames for question fryyNwUCPWA_2 on video fryyNwUCPWA.mp4: frames=980 tags=4
2026-03-07 15:37:51,326 | INFO | Selected 32 frames for question fryyNwUCPWA_2: [1225, 1900, 3425, 5950, 7100, 11300, 13400, 13675, 13775, 13800, 13825, 13850, 14850, 14875, 14900, 14925, 15250, 18200, 18250, 18275, 18300, 18325, 18350, 18375, 18400, 18425, 18450, 19500, 19875, 24075, 24100, 24250]
2026-03-07 15:37:51,327 | INFO | Selecting frames for question bqQTWdk1DAM_0 on video bqQTWdk1DAM.mp4: frames=922 tags=4
2026-03-07 15:37:58,984 | INFO | Selected 32 frames for question bqQTWdk1DAM_0: [1630, 2037, 2085, 2133, 2157, 2181, 2421, 2445, 2469, 2493, 2517, 3668, 4315, 4363, 4435, 4699, 4723, 4747, 4771, 5298, 5346, 5394, 5418, 5586, 5754, 5826, 5850, 6065, 6113, 6185, 6233, 6257]
2026-03-07 15:37:58,984 | INFO | Selecting frames for question bqQTWdk1DAM_1 on video bqQTWdk1DAM.mp4: frames=922 tags=4
2026-03-07 15:38:06,888 | INFO | Selected 32 frames for question bqQTWdk1DAM_1: [4147, 4291, 4315, 4339, 4363, 4387, 4411, 4435, 4459, 4627, 4747, 4771, 4819, 5298, 5346, 5370, 5394, 5466, 5562, 5586, 5778, 6065, 6089, 6113, 6185, 6257, 7216, 11244, 11268, 11292, 14961, 14985]
2026-03-07 15:38:06,888 | INFO | Selecting frames for question bqQTWdk1DAM_2 on video bqQTWdk1DAM.mp4: frames=922 tags=4
2026-03-07 15:38:14,920 | INFO | Selected 32 frames for question bqQTWdk1DAM_2: [7912, 8055, 8103, 8151, 8175, 8199, 8223, 8295, 8319, 8439, 8463, 8487, 8511, 8535, 8559, 8583, 8607, 8631, 8655, 8679, 10981, 11028, 11052, 11076, 11100, 11172, 11340, 11364, 11388, 11412, 11436, 14337]
2026-03-07 15:38:14,921 | INFO | Selecting frames for question I-yg_3yx6iA_0 on video I-yg_3yx6iA.mp4: frames=1204 tags=4
2026-03-07 15:38:28,403 | INFO | Selected 32 frames for question I-yg_3yx6iA_0: [1200, 1488, 1512, 1584, 2040, 2088, 2136, 2160, 2184, 2208, 2232, 2256, 2280, 2304, 2520, 2640, 2664, 2712, 2736, 2760, 2784, 2808, 2832, 2856, 2880, 2904, 2928, 2952, 3120, 4080, 4248, 22800]
2026-03-07 15:38:28,404 | INFO | Selecting frames for question I-yg_3yx6iA_1 on video I-yg_3yx6iA.mp4: frames=1204 tags=4
2026-03-07 15:38:41,723 | INFO | Selected 32 frames for question I-yg_3yx6iA_1: [5040, 5208, 5568, 5952, 5976, 6024, 6048, 6072, 8736, 11640, 11784, 11808, 11832, 11856, 11880, 11904, 11928, 15336, 15360, 15384, 15408, 15432, 15456, 15480, 15504, 15528, 15552, 15576, 16224, 16464, 18312, 20640]
2026-03-07 15:38:41,724 | INFO | Selecting frames for question I-yg_3yx6iA_2 on video I-yg_3yx6iA.mp4: frames=1204 tags=4
2026-03-07 15:38:55,292 | INFO | Selected 32 frames for question I-yg_3yx6iA_2: [240, 264, 288, 336, 360, 384, 504, 552, 576, 672, 696, 5112, 8568, 12192, 12384, 12432, 12456, 12528, 12552, 12624, 12648, 12744, 12816, 13152, 13176, 13200, 15984, 16032, 16056, 16104, 28752, 28848]
2026-03-07 15:38:55,292 | INFO | Selecting frames for question fZBC3nmvJb8_0 on video fZBC3nmvJb8.mp4: frames=1207 tags=4
2026-03-07 15:39:09,224 | INFO | Selected 32 frames for question fZBC3nmvJb8_0: [2013, 2109, 2157, 2421, 2445, 2517, 2661, 2733, 3020, 3236, 3308, 3332, 4219, 6473, 8919, 9158, 10021, 10045, 10069, 10093, 10765, 10789, 10813, 10837, 10861, 11100, 11124, 12011, 12179, 25606, 25678, 25702]
2026-03-07 15:39:09,224 | INFO | Selecting frames for question fZBC3nmvJb8_1 on video fZBC3nmvJb8.mp4: frames=1207 tags=4
2026-03-07 15:39:22,882 | INFO | Selected 32 frames for question fZBC3nmvJb8_1: [455, 551, 599, 1390, 3308, 10021, 10069, 10093, 10765, 10789, 12779, 12827, 12851, 12923, 16951, 18749, 19348, 19372, 23424, 24647, 25942, 25966, 25990, 26013, 26085, 26829, 26853, 27212, 27236, 27260, 27668, 28027]
2026-03-07 15:39:22,883 | INFO | Selecting frames for question fZBC3nmvJb8_2 on video fZBC3nmvJb8.mp4: frames=1207 tags=4
2026-03-07 15:39:36,084 | INFO | Selected 32 frames for question fZBC3nmvJb8_2: [359, 383, 407, 431, 455, 527, 551, 599, 1390, 2109, 3644, 3668, 4771, 4843, 4867, 4891, 8679, 8751, 8823, 9278, 12755, 12971, 13018, 13330, 16687, 16807, 20235, 22009, 23016, 23472, 23544, 23592]
2026-03-07 15:39:36,085 | INFO | Selecting frames for question 2W2ZkYARds4_0 on video 2W2ZkYARds4.mp4: frames=3024 tags=4
2026-03-07 15:41:01,164 | INFO | Selected 32 frames for question 2W2ZkYARds4_0: [21398, 21458, 21518, 21548, 21578, 21698, 22177, 22207, 22237, 22267, 22297, 22327, 22747, 24395, 24425, 24455, 24515, 24545, 24575, 24605, 24635, 24665, 26343, 26373, 26403, 26433, 26463, 26493, 26523, 26553, 26583, 59700]
2026-03-07 15:41:01,165 | INFO | Selecting frames for question 2W2ZkYARds4_1 on video 2W2ZkYARds4.mp4: frames=3024 tags=4
2026-03-07 15:42:24,478 | INFO | Selected 32 frames for question 2W2ZkYARds4_1: [9890, 9920, 9950, 22357, 22387, 22417, 22447, 22507, 22537, 22567, 30899, 31108, 31198, 31228, 31258, 31288, 31378, 47622, 72047, 74445, 74655, 74685, 80439, 80469, 80499, 80589, 80649, 80679, 80739, 80769, 80889, 80919]
2026-03-07 15:42:24,479 | INFO | Selecting frames for question 2W2ZkYARds4_2 on video 2W2ZkYARds4.mp4: frames=3024 tags=4
2026-03-07 15:43:47,820 | INFO | Selected 32 frames for question 2W2ZkYARds4_2: [1888, 1918, 1948, 29190, 29220, 29250, 29280, 29310, 30239, 30719, 30899, 30989, 31018, 31048, 31078, 31108, 31138, 31168, 31198, 31228, 31258, 31288, 31318, 31348, 31378, 31408, 40129, 72047, 72167, 72197, 72557, 72587]
2026-03-07 15:43:47,821 | INFO | Selecting frames for question MJYBHfYF8LI_0 on video MJYBHfYF8LI.mp4: frames=2781 tags=4
2026-03-07 15:44:58,027 | INFO | Selected 32 frames for question MJYBHfYF8LI_0: [13906, 13936, 30539, 30569, 30599, 30629, 30659, 30689, 30719, 30749, 30779, 30809, 30839, 30869, 30899, 33146, 33176, 33206, 33266, 33296, 33326, 33356, 33386, 33416, 33446, 33476, 41988, 77862, 78581, 78611, 78641, 78671]
2026-03-07 15:44:58,028 | INFO | Selecting frames for question MJYBHfYF8LI_1 on video MJYBHfYF8LI.mp4: frames=2781 tags=4
2026-03-07 15:46:08,627 | INFO | Selected 32 frames for question MJYBHfYF8LI_1: [89, 45794, 47202, 47772, 47952, 50859, 50949, 51098, 53886, 53946, 54305, 59250, 59340, 59370, 59400, 59430, 59460, 59490, 59520, 59550, 59640, 59670, 59700, 59730, 59880, 59910, 60719, 60779, 60839, 60869, 78761, 78821]
2026-03-07 15:46:08,628 | INFO | Selecting frames for question MJYBHfYF8LI_2 on video MJYBHfYF8LI.mp4: frames=2781 tags=4
2026-03-07 15:47:19,708 | INFO | Selected 32 frames for question MJYBHfYF8LI_2: [77862, 77892, 77922, 77952, 77982, 78011, 78041, 78071, 78101, 78131, 78161, 78191, 78221, 78251, 78281, 78311, 78341, 78371, 78401, 78431, 78461, 78491, 78521, 78551, 78581, 78611, 78641, 78671, 79180, 79630, 81788, 81878]
2026-03-07 15:47:19,708 | INFO | Selecting frames for question yqejTvYILlA_0 on video yqejTvYILlA.mp4: frames=1039 tags=4
2026-03-07 15:47:29,491 | INFO | Selected 32 frames for question yqejTvYILlA_0: [4950, 9540, 9840, 10980, 12450, 12480, 12510, 12540, 12570, 12600, 12630, 12660, 12840, 13050, 18570, 18600, 18630, 22230, 22380, 22410, 22440, 23040, 24540, 24630, 24660, 24690, 24720, 24780, 24810, 24840, 24870, 24900]
2026-03-07 15:47:29,491 | INFO | Selecting frames for question yqejTvYILlA_1 on video yqejTvYILlA.mp4: frames=1039 tags=4
2026-03-07 15:47:39,182 | INFO | Selected 32 frames for question yqejTvYILlA_1: [5610, 5730, 5760, 5790, 5820, 5910, 6000, 6120, 6150, 6990, 12180, 12210, 12240, 12330, 13860, 13890, 13920, 13950, 15480, 15570, 15600, 16860, 17370, 17400, 17430, 17610, 17640, 17670, 17700, 23130, 23400, 24030]
2026-03-07 15:47:39,183 | INFO | Selecting frames for question yqejTvYILlA_2 on video yqejTvYILlA.mp4: frames=1039 tags=4
2026-03-07 15:47:49,020 | INFO | Selected 32 frames for question yqejTvYILlA_2: [390, 420, 7920, 7950, 8010, 8070, 10650, 10680, 11880, 12000, 12030, 12060, 12120, 12150, 28260, 28290, 28410, 28560, 28590, 28620, 28740, 28830, 28950, 28980, 29070, 29160, 29220, 29700, 29730, 29790, 30540, 30570]
2026-03-07 15:47:49,021 | INFO | Selecting frames for question 571nruSayeo_0 on video 571nruSayeo.mp4: frames=2745 tags=4
2026-03-07 15:48:59,145 | INFO | Selected 32 frames for question 571nruSayeo_0: [0, 25, 75, 100, 175, 225, 300, 325, 350, 375, 1750, 2950, 3650, 3675, 3825, 3850, 3900, 15300, 15325, 15350, 15375, 21200, 21225, 21250, 25750, 45450, 62975, 63000, 63125, 63150, 67850, 68425]
2026-03-07 15:48:59,146 | INFO | Selecting frames for question 571nruSayeo_1 on video 571nruSayeo.mp4: frames=2745 tags=4
2026-03-07 15:50:08,195 | INFO | Selected 32 frames for question 571nruSayeo_1: [375, 1000, 1750, 3675, 6900, 7150, 15075, 15175, 16750, 17000, 19325, 19350, 20475, 20500, 21850, 23025, 24125, 24600, 25750, 29025, 29825, 30050, 30075, 30100, 30125, 36450, 39625, 42400, 48950, 49025, 55425, 62100]
2026-03-07 15:50:08,196 | INFO | Selecting frames for question 571nruSayeo_2 on video 571nruSayeo.mp4: frames=2745 tags=4
2026-03-07 15:51:16,064 | INFO | Selected 32 frames for question 571nruSayeo_2: [56900, 56925, 56950, 56975, 57000, 57025, 57050, 57075, 57100, 57125, 57150, 57175, 57200, 57225, 57250, 57275, 57300, 57325, 57350, 57375, 57400, 57425, 57450, 57475, 57500, 57525, 57550, 57575, 57600, 57625, 63475, 63500]
2026-03-07 15:51:16,065 | INFO | Selecting frames for question RTUFPjliMCU_0 on video RTUFPjliMCU.mp4: frames=2093 tags=4
2026-03-07 15:51:55,025 | INFO | Selected 32 frames for question RTUFPjliMCU_0: [959, 1138, 1468, 1498, 1528, 1558, 1588, 1618, 1648, 1768, 1798, 1828, 1858, 1888, 1918, 1948, 1978, 2037, 2307, 2397, 2997, 3026, 3116, 3146, 3176, 3206, 3236, 3266, 3656, 3686, 3776, 3836]
2026-03-07 15:51:55,026 | INFO | Selecting frames for question RTUFPjliMCU_1 on video RTUFPjliMCU.mp4: frames=2093 tags=4
2026-03-07 15:52:34,972 | INFO | Selected 32 frames for question RTUFPjliMCU_1: [22057, 37072, 60659, 60749, 60779, 60809, 60839, 60899, 60929, 61018, 61168, 61198, 61228, 61258, 61318, 61348, 61408, 61618, 61648, 61678, 61708, 61738, 61798, 61828, 61918, 61948, 61978, 62007, 62037, 62067, 62247, 62277]
2026-03-07 15:52:34,973 | INFO | Selecting frames for question RTUFPjliMCU_2 on video RTUFPjliMCU.mp4: frames=2093 tags=4
2026-03-07 15:53:14,581 | INFO | Selected 32 frames for question RTUFPjliMCU_2: [5424, 5454, 5544, 7102, 31018, 31228, 45404, 45434, 45464, 45554, 45584, 45854, 45944, 45974, 46123, 46303, 47322, 47352, 47622, 47652, 47862, 47892, 47922, 52537, 52567, 52597, 52627, 52657, 52687, 52717, 52747, 56913]
2026-03-07 15:53:14,582 | INFO | Selecting frames for question 8k6M0HD162k_0 on video 8k6M0HD162k.mp4: frames=1078 tags=4
2026-03-07 15:53:25,087 | INFO | Selected 32 frames for question 8k6M0HD162k_0: [13300, 13525, 19150, 19175, 19300, 19325, 19350, 19375, 19400, 19425, 19450, 19475, 19500, 19525, 19550, 19575, 19600, 19625, 19650, 19675, 19700, 19725, 19750, 19775, 19800, 19825, 19850, 19875, 19900, 19925, 19950, 19975]
2026-03-07 15:53:25,087 | INFO | Selecting frames for question 8k6M0HD162k_1 on video 8k6M0HD162k.mp4: frames=1078 tags=4
2026-03-07 15:53:35,606 | INFO | Selected 32 frames for question 8k6M0HD162k_1: [10900, 10925, 10950, 10975, 11000, 11025, 11050, 11075, 11150, 11175, 11200, 11225, 11250, 11275, 13325, 13350, 13375, 13400, 13425, 13725, 13750, 13775, 13800, 13825, 13850, 13875, 13950, 13975, 14025, 15325, 15775, 15800]
2026-03-07 15:53:35,606 | INFO | Selecting frames for question 8k6M0HD162k_2 on video 8k6M0HD162k.mp4: frames=1078 tags=4
2026-03-07 15:53:46,180 | INFO | Selected 32 frames for question 8k6M0HD162k_2: [75, 100, 125, 150, 175, 200, 225, 250, 325, 350, 375, 400, 425, 450, 475, 500, 525, 6675, 6700, 6725, 6800, 8150, 8175, 11425, 11450, 11475, 11625, 12250, 12275, 26650, 26675, 26775]
2026-03-07 15:53:46,180 | INFO | Selecting frames for question ll3tR0kUZHc_0 on video ll3tR0kUZHc.mp4: frames=902 tags=4
2026-03-07 15:53:53,613 | INFO | Selected 32 frames for question ll3tR0kUZHc_0: [5178, 7504, 8127, 8151, 8751, 9542, 9566, 17406, 17742, 17766, 17790, 17814, 18005, 18053, 18077, 18125, 18149, 18173, 18317, 18341, 18365, 18389, 18413, 18437, 18485, 18581, 18605, 19876, 19900, 19924, 20043, 20475]
2026-03-07 15:53:53,613 | INFO | Selecting frames for question ll3tR0kUZHc_1 on video ll3tR0kUZHc.mp4: frames=902 tags=4
2026-03-07 15:54:00,939 | INFO | Selected 32 frames for question ll3tR0kUZHc_1: [1126, 1150, 1606, 1630, 1774, 2373, 2901, 2997, 3764, 3788, 3812, 3836, 3932, 7576, 8175, 8199, 8775, 11076, 11124, 11148, 11196, 11340, 11388, 11460, 15440, 15512, 16183, 20379, 20427, 21002, 21026, 21050]
2026-03-07 15:54:00,940 | INFO | Selecting frames for question ll3tR0kUZHc_2 on video ll3tR0kUZHc.mp4: frames=902 tags=4
2026-03-07 15:54:08,344 | INFO | Selected 32 frames for question ll3tR0kUZHc_2: [1150, 1774, 2157, 2901, 2997, 3764, 3788, 3812, 3836, 3956, 3980, 7576, 8199, 9518, 10477, 10501, 10525, 10573, 11076, 11124, 11148, 11196, 11220, 11268, 11340, 11388, 15440, 15464, 15488, 15512, 16183, 21050]
2026-03-07 15:54:08,344 | INFO | Selecting frames for question Y1YCvEip_ko_0 on video Y1YCvEip_ko.mp4: frames=1100 tags=4
2026-03-07 15:54:19,309 | INFO | Selected 32 frames for question Y1YCvEip_ko_0: [1966, 2229, 2589, 2613, 2637, 2661, 2685, 2709, 2973, 2997, 3020, 3044, 3092, 3140, 5994, 6161, 6521, 6545, 6569, 6593, 6617, 6689, 25774, 25798, 25822, 25846, 25870, 25894, 25966, 25990, 26013, 26037]
2026-03-07 15:54:19,309 | INFO | Selecting frames for question Y1YCvEip_ko_1 on video Y1YCvEip_ko.mp4: frames=1100 tags=4
2026-03-07 15:54:30,520 | INFO | Selected 32 frames for question Y1YCvEip_ko_1: [2085, 2109, 2133, 2157, 2205, 2229, 2373, 2397, 2421, 2517, 2541, 2589, 2613, 2637, 2661, 2685, 2709, 2997, 3044, 3260, 3380, 3428, 3500, 3524, 3596, 3620, 4771, 5082, 5298, 7960, 9350, 9374]
2026-03-07 15:54:30,521 | INFO | Selecting frames for question Y1YCvEip_ko_2 on video Y1YCvEip_ko.mp4: frames=1100 tags=4
2026-03-07 15:54:41,455 | INFO | Selected 32 frames for question Y1YCvEip_ko_2: [12731, 12851, 12875, 13018, 13114, 13738, 13762, 13786, 13810, 13834, 13858, 13882, 14073, 14793, 14817, 14841, 14865, 14889, 14913, 14937, 14961, 14985, 15008, 15032, 15056, 15080, 15128, 15152, 15176, 15200, 15224, 16783]
2026-03-07 15:54:41,456 | INFO | Selecting frames for question vVRC-0VKPrg_0 on video vVRC-0VKPrg.mp4: frames=2354 tags=4
2026-03-07 15:55:31,909 | INFO | Selected 32 frames for question vVRC-0VKPrg_0: [960, 1290, 1320, 1350, 1380, 1410, 1440, 1530, 3390, 3960, 4440, 4470, 4500, 7200, 7290, 8220, 8460, 10020, 10050, 10080, 10110, 10140, 10290, 10560, 10590, 10620, 10710, 11130, 11160, 11190, 11250, 11310]
2026-03-07 15:55:31,909 | INFO | Selecting frames for question vVRC-0VKPrg_1 on video vVRC-0VKPrg.mp4: frames=2354 tags=4
2026-03-07 15:56:21,305 | INFO | Selected 32 frames for question vVRC-0VKPrg_1: [1440, 1530, 3300, 3390, 3480, 3780, 3960, 4440, 4470, 4500, 7200, 7290, 7710, 7740, 7950, 8010, 8220, 8460, 10050, 10080, 10110, 10290, 10560, 10590, 10620, 10710, 10950, 10980, 11100, 11130, 11160, 11190]
2026-03-07 15:56:21,306 | INFO | Selecting frames for question vVRC-0VKPrg_2 on video vVRC-0VKPrg.mp4: frames=2354 tags=4
2026-03-07 15:57:12,979 | INFO | Selected 32 frames for question vVRC-0VKPrg_2: [30120, 30150, 30180, 34860, 34890, 34920, 34950, 34980, 35010, 35040, 35070, 35100, 35130, 35160, 35190, 35220, 35250, 35280, 35310, 35340, 35370, 35400, 35430, 35460, 35490, 35520, 35550, 35580, 35610, 35640, 35670, 35700]
2026-03-07 15:57:12,979 | INFO | Selecting frames for question ZaXpMou55lw_0 on video ZaXpMou55lw.mp4: frames=1018 tags=4
2026-03-07 15:57:22,074 | INFO | Selected 32 frames for question ZaXpMou55lw_0: [0, 29, 59, 89, 119, 149, 179, 209, 239, 269, 299, 329, 359, 389, 419, 449, 479, 509, 539, 2517, 6473, 6503, 6533, 6593, 6623, 6713, 6743, 6773, 7312, 7342, 7372, 7432]
2026-03-07 15:57:22,075 | INFO | Selecting frames for question ZaXpMou55lw_1 on video ZaXpMou55lw.mp4: frames=1018 tags=4
2026-03-07 15:57:31,334 | INFO | Selected 32 frames for question ZaXpMou55lw_1: [0, 29, 59, 89, 119, 149, 179, 209, 239, 269, 299, 329, 359, 389, 419, 449, 479, 509, 539, 2487, 2517, 2757, 2787, 2817, 2847, 2877, 3056, 3086, 3146, 3596, 3626, 30419]
2026-03-07 15:57:31,335 | INFO | Selecting frames for question ZaXpMou55lw_2 on video ZaXpMou55lw.mp4: frames=1018 tags=4
2026-03-07 15:57:40,568 | INFO | Selected 32 frames for question ZaXpMou55lw_2: [0, 29, 59, 89, 119, 149, 179, 209, 239, 269, 299, 329, 359, 389, 419, 449, 479, 509, 539, 2457, 2487, 2517, 6593, 6623, 6713, 6743, 7432, 7492, 7552, 7612, 7642, 7672]
2026-03-07 15:57:40,569 | INFO | Selecting frames for question wSHPuI7wWIg_0 on video wSHPuI7wWIg.mp4: frames=1746 tags=4
2026-03-07 15:58:08,471 | INFO | Selected 32 frames for question wSHPuI7wWIg_0: [24, 7392, 7608, 7680, 7704, 7728, 7752, 7776, 7800, 7824, 7848, 7872, 7896, 7920, 7968, 7992, 8040, 8064, 8088, 8112, 8568, 8616, 8664, 8688, 8880, 8928, 8952, 8976, 25200, 25224, 25248, 29544]
2026-03-07 15:58:08,472 | INFO | Selecting frames for question wSHPuI7wWIg_1 on video wSHPuI7wWIg.mp4: frames=1746 tags=4
2026-03-07 15:58:36,324 | INFO | Selected 32 frames for question wSHPuI7wWIg_1: [2616, 2640, 2664, 2688, 2712, 2736, 2760, 2784, 2808, 2832, 2856, 2880, 2928, 2952, 2976, 3000, 3024, 3048, 3072, 3120, 3144, 3168, 3192, 3216, 3240, 3264, 7584, 7608, 8592, 11400, 19128, 31440]
2026-03-07 15:58:36,325 | INFO | Selecting frames for question wSHPuI7wWIg_2 on video wSHPuI7wWIg.mp4: frames=1746 tags=4
2026-03-07 15:59:04,598 | INFO | Selected 32 frames for question wSHPuI7wWIg_2: [9480, 14496, 17304, 17376, 24528, 24624, 26688, 26712, 26784, 26904, 26928, 26952, 26976, 27000, 27024, 32328, 35832, 35856, 35904, 35928, 35952, 36000, 36024, 36048, 36312, 36360, 36384, 36408, 36456, 36672, 36696, 36720]
2026-03-07 15:59:04,598 | INFO | Selecting frames for question NMHmqgO04rU_0 on video NMHmqgO04rU.mp4: frames=1196 tags=4
2026-03-07 15:59:17,929 | INFO | Selected 32 frames for question NMHmqgO04rU_0: [60, 1680, 2100, 2130, 4020, 5310, 5340, 7020, 7050, 7620, 7890, 11400, 11430, 11730, 12150, 16170, 16200, 16440, 16500, 16830, 16920, 17070, 17100, 17130, 17700, 17820, 17850, 17880, 17910, 18030, 18090, 18450]
2026-03-07 15:59:17,929 | INFO | Selecting frames for question NMHmqgO04rU_1 on video NMHmqgO04rU.mp4: frames=1196 tags=4
2026-03-07 15:59:31,448 | INFO | Selected 32 frames for question NMHmqgO04rU_1: [1920, 2010, 10950, 16500, 16800, 16830, 16860, 16890, 16920, 16980, 17010, 17040, 17070, 17130, 17160, 17190, 17220, 17250, 17280, 17820, 17850, 17880, 18030, 18060, 18090, 18240, 18270, 18300, 18330, 18360, 18420, 18450]
2026-03-07 15:59:31,449 | INFO | Selecting frames for question NMHmqgO04rU_2 on video NMHmqgO04rU.mp4: frames=1196 tags=4
2026-03-07 15:59:44,927 | INFO | Selected 32 frames for question NMHmqgO04rU_2: [30, 90, 2490, 2520, 3930, 6810, 6900, 10110, 10140, 10170, 10200, 11640, 11700, 11730, 13080, 13140, 14340, 24300, 24330, 24360, 24390, 25080, 26070, 26340, 26370, 27120, 27180, 27630, 28860, 28890, 31680, 31710]
2026-03-07 15:59:44,927 | INFO | Selecting frames for question dCscvoOX2as_0 on video dCscvoOX2as.mp4: frames=1083 tags=4
2026-03-07 15:59:56,082 | INFO | Selected 32 frames for question dCscvoOX2as_0: [1318, 1468, 1498, 1528, 1678, 1828, 1888, 1918, 1948, 1978, 2007, 2037, 2097, 2187, 2607, 2637, 2697, 4495, 5184, 5214, 5244, 5874, 7282, 16333, 19810, 24185, 24215, 24485, 24515, 24575, 30419, 30509]
2026-03-07 15:59:56,082 | INFO | Selecting frames for question dCscvoOX2as_1 on video dCscvoOX2as.mp4: frames=1083 tags=4
2026-03-07 16:00:07,726 | INFO | Selected 32 frames for question dCscvoOX2as_1: [29, 11598, 11658, 11688, 11718, 11748, 11808, 13096, 13126, 13726, 13756, 13846, 14475, 15074, 15254, 17052, 17082, 17112, 17232, 17262, 17412, 17652, 18161, 18251, 18281, 22477, 23196, 23226, 23256, 23286, 23316, 23736]
2026-03-07 16:00:07,727 | INFO | Selecting frames for question dCscvoOX2as_2 on video dCscvoOX2as.mp4: frames=1083 tags=4
2026-03-07 16:00:19,414 | INFO | Selected 32 frames for question dCscvoOX2as_2: [30329, 30359, 30389, 30419, 30449, 30509, 30539, 30599, 30629, 30659, 30689, 30719, 30749, 30779, 30809, 30839, 30869, 30899, 30929, 30959, 31048, 31078, 31108, 31138, 31168, 31198, 31228, 31318, 31408, 31438, 31468, 31498]
2026-03-07 16:00:19,415 | INFO | Selecting frames for question Dkm35G5kkcc_0 on video Dkm35G5kkcc.mp4: frames=1275 tags=4
2026-03-07 16:00:35,456 | INFO | Selected 32 frames for question Dkm35G5kkcc_0: [407, 479, 503, 551, 623, 647, 695, 3764, 4555, 16591, 16615, 16639, 17886, 17982, 18005, 18029, 18221, 18245, 18293, 18317, 18341, 18389, 18821, 25678, 26253, 26421, 26445, 26469, 26493, 26517, 26541, 27188]
2026-03-07 16:00:35,457 | INFO | Selecting frames for question Dkm35G5kkcc_1 on video Dkm35G5kkcc.mp4: frames=1275 tags=4
2026-03-07 16:00:51,669 | INFO | Selected 32 frames for question Dkm35G5kkcc_1: [0, 311, 335, 359, 1702, 1726, 1750, 1774, 1822, 1846, 4699, 4723, 4747, 4795, 9686, 9710, 9734, 9758, 9782, 25510, 25534, 25558, 25582, 25630, 26733, 26757, 26781, 26805, 29322, 29346, 29370, 29394]
2026-03-07 16:00:51,670 | INFO | Selecting frames for question Dkm35G5kkcc_2 on video Dkm35G5kkcc.mp4: frames=1275 tags=4
2026-03-07 16:01:08,224 | INFO | Selected 32 frames for question Dkm35G5kkcc_2: [0, 311, 335, 359, 1702, 1726, 1750, 1774, 1822, 1846, 4699, 4723, 4747, 4795, 9686, 9710, 9734, 9758, 9782, 25510, 25534, 25558, 25582, 25630, 26733, 26757, 26781, 26805, 29322, 29346, 29370, 29394]
2026-03-07 16:01:08,225 | INFO | Selecting frames for question M5YKW6fhlss_0 on video M5YKW6fhlss.mp4: frames=1010 tags=4
2026-03-07 16:01:18,327 | INFO | Selected 32 frames for question M5YKW6fhlss_0: [383, 407, 431, 455, 479, 503, 527, 551, 575, 647, 1030, 1054, 1078, 1102, 1126, 1246, 1270, 1294, 1318, 1342, 6617, 6761, 7408, 7456, 7528, 9902, 17862, 17910, 17958, 18173, 19588, 19612]
2026-03-07 16:01:18,327 | INFO | Selecting frames for question M5YKW6fhlss_1 on video M5YKW6fhlss.mp4: frames=1010 tags=4
2026-03-07 16:01:28,812 | INFO | Selected 32 frames for question M5YKW6fhlss_1: [1750, 2517, 2541, 2565, 2589, 5202, 7408, 10069, 17742, 17862, 17886, 17910, 17934, 17958, 17982, 18005, 18029, 18053, 18077, 18101, 18125, 18173, 18197, 18341, 18413, 18461, 19540, 19564, 19588, 19612, 19636, 19804]
2026-03-07 16:01:28,812 | INFO | Selecting frames for question M5YKW6fhlss_2 on video M5YKW6fhlss.mp4: frames=1010 tags=4
2026-03-07 16:01:39,574 | INFO | Selected 32 frames for question M5YKW6fhlss_2: [191, 3428, 3452, 3980, 8775, 8799, 8823, 9014, 9326, 9398, 9614, 11052, 11100, 12203, 12227, 12251, 12299, 13762, 14001, 15464, 15560, 15944, 17190, 17238, 17286, 17382, 17406, 20187, 20475, 21458, 21626, 21890]
2026-03-07 16:01:39,574 | INFO | Selecting frames for question 7m9XIXyT5_I_0 on video 7m9XIXyT5_I.mp4: frames=1376 tags=4
2026-03-07 16:01:58,230 | INFO | Selected 32 frames for question 7m9XIXyT5_I_0: [1176, 1272, 1296, 1320, 1344, 1368, 1392, 1416, 1440, 1464, 1488, 1512, 1776, 3816, 4896, 7248, 9408, 9840, 10104, 10128, 10152, 10176, 10344, 15672, 15696, 16944, 17088, 17136, 17184, 18000, 18024, 18048]
2026-03-07 16:01:58,230 | INFO | Selecting frames for question 7m9XIXyT5_I_1 on video 7m9XIXyT5_I.mp4: frames=1376 tags=4
2026-03-07 16:02:17,027 | INFO | Selected 32 frames for question 7m9XIXyT5_I_1: [6192, 6216, 6240, 6264, 6288, 9240, 9264, 9288, 9312, 12480, 12504, 12528, 12552, 12576, 14736, 15336, 15600, 15624, 15672, 15696, 16800, 16824, 16848, 16872, 16920, 16968, 16992, 17016, 17064, 17112, 17160, 17184]
2026-03-07 16:02:17,028 | INFO | Selecting frames for question 7m9XIXyT5_I_2 on video 7m9XIXyT5_I.mp4: frames=1376 tags=4
2026-03-07 16:02:39,624 | INFO | Selected 32 frames for question 7m9XIXyT5_I_2: [360, 384, 408, 432, 672, 696, 720, 744, 768, 3096, 5544, 5568, 5592, 5616, 5640, 8808, 8952, 15720, 15744, 15768, 15792, 15816, 15840, 15864, 15888, 15912, 15936, 15960, 15984, 16008, 26880, 27552]
2026-03-07 16:02:39,626 | INFO | Selecting frames for question _Y1pW77M3Pg_0 on video _Y1pW77M3Pg.mp4: frames=1013 tags=4
2026-03-07 16:02:52,465 | INFO | Selected 32 frames for question _Y1pW77M3Pg_0: [1750, 2061, 2853, 2877, 2901, 2949, 2973, 4195, 4219, 4411, 4435, 7168, 8943, 8967, 8991, 9014, 9086, 9110, 10021, 10045, 10573, 10933, 10957, 10981, 11268, 13018, 13042, 18221, 18821, 18845, 18869, 20883]
2026-03-07 16:02:52,470 | INFO | Selecting frames for question _Y1pW77M3Pg_1 on video _Y1pW77M3Pg.mp4: frames=1013 tags=4
2026-03-07 16:03:02,205 | INFO | Selected 32 frames for question _Y1pW77M3Pg_1: [1486, 1510, 1534, 2445, 2733, 2973, 6377, 6401, 7144, 7168, 8487, 8751, 8799, 10549, 10573, 12683, 12803, 13018, 13042, 15968, 17766, 17790, 17814, 17838, 17862, 18269, 18293, 18845, 19348, 19660, 19876, 22777]
2026-03-07 16:03:02,206 | INFO | Selecting frames for question _Y1pW77M3Pg_2 on video _Y1pW77M3Pg.mp4: frames=1013 tags=4
2026-03-07 16:03:13,129 | INFO | Selected 32 frames for question _Y1pW77M3Pg_2: [1030, 1270, 1486, 1510, 1534, 2733, 2829, 5058, 7144, 7168, 8727, 8751, 8775, 8799, 9806, 10573, 12803, 12827, 13018, 13042, 13114, 13210, 15896, 15968, 16087, 17646, 17814, 20619, 20643, 21410, 21794, 23304]
2026-03-07 16:03:13,129 | INFO | Selecting frames for question nWDNzv1Gk8Q_0 on video nWDNzv1Gk8Q.mp4: frames=1059 tags=4
2026-03-07 16:03:24,118 | INFO | Selected 32 frames for question nWDNzv1Gk8Q_0: [11175, 12325, 13100, 16150, 16175, 16350, 16650, 17100, 17925, 18875, 19025, 19350, 19450, 19475, 19525, 19775, 19825, 19975, 20175, 20425, 20600, 24425, 24475, 25100, 25125, 25400, 25750, 25775, 25825, 26000, 26200, 26225]
2026-03-07 16:03:24,119 | INFO | Selecting frames for question nWDNzv1Gk8Q_1 on video nWDNzv1Gk8Q.mp4: frames=1059 tags=4
2026-03-07 16:03:35,343 | INFO | Selected 32 frames for question nWDNzv1Gk8Q_1: [10275, 12325, 13100, 13125, 16350, 16675, 17100, 17225, 17775, 18425, 19000, 19025, 19350, 19450, 19775, 19950, 19975, 20175, 20425, 20600, 20650, 21850, 21975, 24425, 24475, 24650, 25400, 25725, 25750, 25775, 25825, 26000]
2026-03-07 16:03:35,344 | INFO | Selecting frames for question nWDNzv1Gk8Q_2 on video nWDNzv1Gk8Q.mp4: frames=1059 tags=4
2026-03-07 16:03:46,725 | INFO | Selected 32 frames for question nWDNzv1Gk8Q_2: [2100, 5700, 7975, 8850, 9325, 9725, 11175, 12325, 12650, 12850, 13100, 13125, 13325, 13350, 13375, 14725, 15600, 15675, 16350, 16575, 18325, 19775, 21775, 24200, 24475, 24650, 25400, 25725, 25950, 26200, 26225, 26425]
2026-03-07 16:03:46,726 | INFO | Selecting frames for question J_ZmaKRpyoU_0 on video J_ZmaKRpyoU.mp4: frames=983 tags=4
2026-03-07 16:03:56,933 | INFO | Selected 32 frames for question J_ZmaKRpyoU_0: [2310, 2340, 2370, 2400, 2430, 2460, 2490, 2520, 2550, 2580, 2610, 2640, 2970, 3000, 3150, 3300, 3360, 8790, 8820, 8850, 8880, 8910, 8940, 8970, 22260, 22380, 22470, 22530, 22560, 22620, 22650, 22680]
2026-03-07 16:03:56,934 | INFO | Selecting frames for question J_ZmaKRpyoU_1 on video J_ZmaKRpyoU.mp4: frames=983 tags=4
2026-03-07 16:04:07,196 | INFO | Selected 32 frames for question J_ZmaKRpyoU_1: [10290, 10320, 10350, 10380, 10410, 10440, 10470, 10500, 10530, 10560, 10590, 10620, 10650, 10680, 10770, 10830, 10860, 11040, 11070, 11100, 11130, 11160, 11250, 11430, 11550, 11580, 11700, 11730, 11820, 12000, 12030, 12060]
2026-03-07 16:04:07,197 | INFO | Selecting frames for question J_ZmaKRpyoU_2 on video J_ZmaKRpyoU.mp4: frames=983 tags=4
2026-03-07 16:04:17,122 | INFO | Selected 32 frames for question J_ZmaKRpyoU_2: [22260, 22290, 22320, 22350, 22380, 22410, 22440, 22470, 22500, 22530, 22560, 22590, 22620, 22650, 22680, 22830, 22920, 22950, 22980, 23100, 23130, 23160, 23190, 23370, 23460, 23490, 23700, 23730, 23760, 23790, 24090, 24480]
2026-03-07 16:04:17,122 | INFO | Selecting frames for question 6S_e34j6q9U_0 on video 6S_e34j6q9U.mp4: frames=1238 tags=4
2026-03-07 16:04:32,483 | INFO | Selected 32 frames for question 6S_e34j6q9U_0: [767, 2181, 5586, 6353, 6521, 6569, 6593, 6977, 7000, 8247, 8727, 9350, 9374, 9566, 9590, 9614, 9638, 9830, 10045, 10093, 10141, 10333, 11964, 12443, 12851, 12923, 13834, 14025, 14145, 14289, 14385, 23088]
2026-03-07 16:04:32,484 | INFO | Selecting frames for question 6S_e34j6q9U_1 on video 6S_e34j6q9U.mp4: frames=1238 tags=4
2026-03-07 16:04:48,922 | INFO | Selected 32 frames for question 6S_e34j6q9U_1: [5010, 5034, 5058, 5082, 5106, 5586, 5610, 5898, 6353, 7000, 7288, 7312, 7648, 8055, 9566, 9590, 9614, 9638, 9998, 10045, 10093, 10141, 10237, 10285, 12827, 12899, 13498, 14097, 14145, 14289, 14313, 19636]
2026-03-07 16:04:48,923 | INFO | Selecting frames for question 6S_e34j6q9U_2 on video 6S_e34j6q9U.mp4: frames=1238 tags=4
2026-03-07 16:05:04,072 | INFO | Selected 32 frames for question 6S_e34j6q9U_2: [3596, 3620, 3644, 3668, 3716, 4675, 4747, 5346, 5370, 5418, 5562, 5898, 5922, 5946, 5970, 5994, 6017, 6041, 8319, 8751, 11340, 19924, 20043, 20067, 20091, 20115, 20139, 20187, 21290, 22249, 23184, 28819]
2026-03-07 16:05:04,073 | INFO | Selecting frames for question WaiGdRYD36k_0 on video WaiGdRYD36k.mp4: frames=1195 tags=4
2026-03-07 16:05:18,226 | INFO | Selected 32 frames for question WaiGdRYD36k_0: [150, 225, 250, 275, 300, 325, 375, 825, 875, 2925, 2950, 3450, 4200, 5225, 5275, 6150, 6175, 6200, 6225, 6750, 12350, 12375, 12400, 18525, 18550, 18575, 24475, 27225, 27700, 27725, 27750, 27775]
2026-03-07 16:05:18,227 | INFO | Selecting frames for question WaiGdRYD36k_1 on video WaiGdRYD36k.mp4: frames=1195 tags=4
2026-03-07 16:05:32,326 | INFO | Selected 32 frames for question WaiGdRYD36k_1: [225, 250, 275, 300, 1975, 2800, 4200, 5275, 6225, 6475, 11075, 11775, 12350, 12400, 13750, 14975, 15100, 16250, 18550, 18575, 24250, 24325, 24625, 25000, 25025, 25575, 25875, 26525, 26625, 27200, 27750, 27775]
2026-03-07 16:05:32,327 | INFO | Selecting frames for question WaiGdRYD36k_2 on video WaiGdRYD36k.mp4: frames=1195 tags=4
2026-03-07 16:05:47,274 | INFO | Selected 32 frames for question WaiGdRYD36k_2: [125, 2350, 2575, 4050, 4100, 4125, 7900, 9175, 9850, 11950, 12250, 13550, 13600, 13675, 14650, 18150, 18175, 18375, 19175, 22475, 22525, 22600, 22650, 22950, 24025, 24050, 26000, 26025, 27375, 27400, 27425, 27450]
2026-03-07 16:05:47,275 | INFO | Selecting frames for question oI975O1BUu0_0 on video oI975O1BUu0.mp4: frames=1385 tags=4
2026-03-07 16:06:09,645 | INFO | Selected 32 frames for question oI975O1BUu0_0: [3428, 18269, 18437, 18509, 18605, 18965, 19060, 19252, 19276, 19324, 19372, 20331, 20355, 20427, 20739, 20811, 21314, 21338, 21482, 21506, 21530, 21578, 21602, 21626, 22057, 23016, 23208, 23400, 24119, 24143, 24767, 24839]
2026-03-07 16:06:09,645 | INFO | Selecting frames for question oI975O1BUu0_1 on video oI975O1BUu0.mp4: frames=1385 tags=4
2026-03-07 16:06:29,480 | INFO | Selected 32 frames for question oI975O1BUu0_1: [4003, 4555, 4579, 4771, 4915, 4963, 5274, 5298, 5322, 5826, 5850, 14697, 16423, 16447, 16471, 19252, 19300, 19516, 20811, 21026, 21674, 23016, 23136, 24119, 24143, 26493, 27044, 27068, 27092, 27140, 27164, 27188]
2026-03-07 16:06:29,481 | INFO | Selecting frames for question oI975O1BUu0_2 on video oI975O1BUu0.mp4: frames=1385 tags=4
2026-03-07 16:06:48,494 | INFO | Selected 32 frames for question oI975O1BUu0_2: [2877, 5778, 5946, 9518, 10045, 15128, 18149, 18173, 19492, 19516, 20595, 20619, 20643, 20667, 20691, 21026, 21674, 21698, 21722, 21746, 21770, 23784, 23808, 23832, 23856, 23880, 23904, 23928, 23952, 23976, 25942, 28315]
2026-03-07 16:06:48,495 | INFO | Selecting frames for question GFg98TDqCpw_0 on video GFg98TDqCpw.mp4: frames=1088 tags=4
2026-03-07 16:07:00,003 | INFO | Selected 32 frames for question GFg98TDqCpw_0: [8661, 8691, 8721, 8811, 9020, 26163, 27152, 27332, 27452, 27842, 27872, 27932, 27962, 27992, 28021, 28291, 28351, 30000, 30059, 30089, 30119, 30209, 30239, 30299, 30329, 30359, 30419, 30479, 31138, 31168, 31198, 32577]
2026-03-07 16:07:00,004 | INFO | Selecting frames for question GFg98TDqCpw_1 on video GFg98TDqCpw.mp4: frames=1088 tags=4
2026-03-07 16:07:11,882 | INFO | Selected 32 frames for question GFg98TDqCpw_1: [26103, 26133, 26163, 26193, 26223, 26613, 26883, 26943, 27332, 27452, 27842, 27872, 27902, 27932, 27962, 27992, 28021, 28351, 29220, 29370, 30389, 30419, 30479, 30809, 30839, 30869, 30899, 30929, 31708, 32247, 32307, 32577]
2026-03-07 16:07:11,883 | INFO | Selecting frames for question GFg98TDqCpw_2 on video GFg98TDqCpw.mp4: frames=1088 tags=4
2026-03-07 16:07:23,226 | INFO | Selected 32 frames for question GFg98TDqCpw_2: [26103, 26133, 26163, 26193, 26403, 26883, 26943, 27842, 27872, 27902, 27932, 27962, 27992, 28021, 28231, 28291, 28321, 28351, 29130, 29160, 29220, 29340, 29370, 29640, 30419, 30479, 30809, 30839, 30899, 30989, 31018, 31048]
2026-03-07 16:07:23,227 | INFO | Selecting frames for question YebUIUOCo94_0 on video YebUIUOCo94.mp4: frames=2560 tags=4
2026-03-07 16:08:30,081 | INFO | Selected 32 frames for question YebUIUOCo94_0: [4700, 12300, 12625, 47300, 57375, 57425, 57450, 57475, 57500, 57525, 57550, 58675, 58700, 61175, 61200, 61225, 61250, 61275, 61400, 61825, 61850, 61875, 61900, 61925, 61950, 61975, 62000, 62025, 62050, 62075, 62100, 62125]
2026-03-07 16:08:30,082 | INFO | Selecting frames for question YebUIUOCo94_1 on video YebUIUOCo94.mp4: frames=2560 tags=4
2026-03-07 16:09:37,359 | INFO | Selected 32 frames for question YebUIUOCo94_1: [24700, 24750, 24800, 32800, 36850, 36925, 37025, 37075, 37100, 37125, 37150, 37175, 37200, 37225, 37250, 37275, 37300, 37325, 37350, 37375, 37400, 37425, 38300, 38325, 38350, 49375, 55575, 59700, 59775, 59800, 59825, 59850]
2026-03-07 16:09:37,361 | INFO | Selecting frames for question YebUIUOCo94_2 on video YebUIUOCo94.mp4: frames=2560 tags=4
2026-03-07 16:10:50,570 | INFO | Selected 32 frames for question YebUIUOCo94_2: [6100, 6125, 6150, 22575, 25225, 34050, 34075, 34100, 44350, 44425, 44475, 44500, 44525, 44550, 44575, 44600, 44625, 57475, 57500, 57525, 57550, 57800, 57825, 57850, 57875, 57900, 57925, 59925, 59950, 59975, 60000, 60025]
2026-03-07 16:10:50,570 | INFO | Selecting frames for question xiK00WS0lkE_0 on video xiK00WS0lkE.mp4: frames=2311 tags=4
2026-03-07 16:11:50,533 | INFO | Selected 32 frames for question xiK00WS0lkE_0: [11900, 11925, 11950, 11975, 12000, 12925, 12950, 12975, 13000, 13025, 13050, 13075, 13100, 13125, 13150, 13175, 13200, 13225, 13475, 20700, 27375, 33525, 33550, 53700, 53900, 54000, 54025, 54050, 54075, 54100, 54125, 55800]
2026-03-07 16:11:50,534 | INFO | Selecting frames for question xiK00WS0lkE_1 on video xiK00WS0lkE.mp4: frames=2311 tags=4
2026-03-07 16:12:50,296 | INFO | Selected 32 frames for question xiK00WS0lkE_1: [21400, 21550, 21600, 21675, 21725, 21775, 21800, 21875, 21975, 22250, 22375, 22525, 22550, 23100, 23625, 24600, 25650, 25675, 26325, 26350, 26375, 26625, 26725, 26800, 27000, 27250, 27275, 28000, 46300, 46325, 51375, 51650]
2026-03-07 16:12:50,297 | INFO | Selecting frames for question xiK00WS0lkE_2 on video xiK00WS0lkE.mp4: frames=2311 tags=4
2026-03-07 16:13:50,433 | INFO | Selected 32 frames for question xiK00WS0lkE_2: [36825, 36850, 36925, 36950, 36975, 37075, 37100, 38025, 38975, 39050, 39275, 39550, 39600, 40450, 40575, 40625, 40675, 40700, 40725, 40800, 40875, 40900, 43750, 44125, 46125, 46150, 46175, 46200, 46225, 46250, 46275, 46300]
2026-03-07 16:13:50,434 | INFO | Selecting frames for question OMJc43wUPLM_0 on video OMJc43wUPLM.mp4: frames=1078 tags=4
2026-03-07 16:14:05,441 | INFO | Selected 32 frames for question OMJc43wUPLM_0: [5130, 5160, 5190, 5220, 5250, 9000, 9030, 9060, 9090, 9120, 9150, 9180, 9210, 9810, 9840, 9900, 11760, 11790, 11820, 11850, 11880, 11910, 11940, 11970, 12000, 12030, 12060, 12090, 12120, 12150, 28260, 28290]
2026-03-07 16:14:05,443 | INFO | Selecting frames for question OMJc43wUPLM_1 on video OMJc43wUPLM.mp4: frames=1078 tags=4
2026-03-07 16:14:20,768 | INFO | Selected 32 frames for question OMJc43wUPLM_1: [1110, 1140, 1170, 1200, 1230, 1260, 1290, 1320, 2310, 2340, 2370, 2400, 2430, 4050, 27120, 27360, 27390, 27420, 27450, 27480, 28260, 28290, 28320, 28350, 28380, 28410, 28440, 28470, 28500, 28530, 28560, 28590]
2026-03-07 16:14:20,768 | INFO | Selecting frames for question OMJc43wUPLM_2 on video OMJc43wUPLM.mp4: frames=1078 tags=4
2026-03-07 16:14:34,666 | INFO | Selected 32 frames for question OMJc43wUPLM_2: [0, 30, 60, 690, 720, 750, 780, 810, 840, 870, 900, 1380, 1410, 1440, 1470, 1500, 1530, 1560, 1590, 1620, 1650, 1680, 1710, 1740, 2070, 17430, 17460, 17490, 17520, 17550, 19170, 22950]
2026-03-07 16:14:34,667 | INFO | Selecting frames for question Ytv-9RM4e0o_0 on video Ytv-9RM4e0o.mp4: frames=1523 tags=4
2026-03-07 16:15:03,234 | INFO | Selected 32 frames for question Ytv-9RM4e0o_0: [1025, 1075, 1850, 2250, 2300, 2475, 2625, 2800, 4025, 4050, 4250, 20500, 22450, 22500, 22550, 22700, 22800, 22950, 23000, 23175, 23200, 24175, 25625, 25675, 25775, 37600, 37725, 37750, 37850, 37950, 37975, 38050]
2026-03-07 16:15:03,235 | INFO | Selecting frames for question Ytv-9RM4e0o_1 on video Ytv-9RM4e0o.mp4: frames=1523 tags=4
2026-03-07 16:15:29,923 | INFO | Selected 32 frames for question Ytv-9RM4e0o_1: [1025, 1050, 1275, 1850, 1875, 2100, 2150, 2225, 2250, 2275, 2300, 2325, 2350, 2375, 2475, 2625, 2800, 2875, 4050, 4100, 22525, 23425, 25600, 25625, 25650, 25675, 37750, 37900, 37950, 37975, 38025, 38050]
2026-03-07 16:15:29,924 | INFO | Selecting frames for question Ytv-9RM4e0o_2 on video Ytv-9RM4e0o.mp4: frames=1523 tags=4
2026-03-07 16:15:56,501 | INFO | Selected 32 frames for question Ytv-9RM4e0o_2: [5975, 6175, 9300, 9325, 9425, 9500, 9525, 9550, 9650, 9675, 9725, 9775, 9825, 9850, 9900, 9925, 9950, 10125, 10200, 10300, 10450, 10500, 10525, 10550, 10575, 10625, 10650, 10675, 10700, 10725, 10750, 10775]
2026-03-07 16:15:56,502 | INFO | Selecting frames for question PbiTIR8N4Hc_0 on video PbiTIR8N4Hc.mp4: frames=2573 tags=4
2026-03-07 16:17:17,164 | INFO | Selected 32 frames for question PbiTIR8N4Hc_0: [29, 59, 89, 16753, 16783, 16813, 16843, 16873, 16903, 16933, 16963, 16993, 17022, 17052, 17082, 17112, 17142, 17172, 17202, 17232, 17892, 28381, 56613, 59640, 59670, 59700, 59730, 61348, 61378, 61528, 61558, 61648]
2026-03-07 16:17:17,165 | INFO | Selecting frames for question PbiTIR8N4Hc_1 on video PbiTIR8N4Hc.mp4: frames=2573 tags=4
2026-03-07 16:18:32,153 | INFO | Selected 32 frames for question PbiTIR8N4Hc_1: [2187, 2217, 2277, 4045, 4825, 4855, 4885, 5184, 6503, 7642, 7672, 9170, 9230, 9260, 28081, 28201, 28261, 28291, 28381, 32427, 34315, 57632, 61378, 61528, 61558, 61588, 62217, 62277, 62307, 62397, 63266, 63296]
2026-03-07 16:18:32,154 | INFO | Selecting frames for question PbiTIR8N4Hc_2 on video PbiTIR8N4Hc.mp4: frames=2573 tags=4
2026-03-07 16:19:49,448 | INFO | Selected 32 frames for question PbiTIR8N4Hc_2: [2157, 2187, 2217, 2277, 3746, 3776, 8841, 8871, 8901, 8931, 8961, 8991, 9020, 9050, 9080, 9110, 9140, 9170, 9200, 9230, 9260, 9320, 17862, 20679, 28261, 28291, 28321, 28351, 28381, 62397, 75974, 76483]
2026-03-07 16:19:49,449 | INFO | Selecting frames for question fsz6bkkIHzQ_0 on video fsz6bkkIHzQ.mp4: frames=910 tags=4
2026-03-07 16:20:00,037 | INFO | Selected 32 frames for question fsz6bkkIHzQ_0: [2817, 5034, 5064, 5094, 5124, 5154, 5184, 5214, 5244, 5274, 5304, 5754, 5784, 5814, 5844, 7582, 7612, 7642, 7672, 7762, 7822, 7852, 7972, 8271, 8301, 10219, 13936, 24035, 24065, 24155, 25084, 25474]
2026-03-07 16:20:00,038 | INFO | Selecting frames for question fsz6bkkIHzQ_1 on video fsz6bkkIHzQ.mp4: frames=910 tags=4
2026-03-07 16:20:10,814 | INFO | Selected 32 frames for question fsz6bkkIHzQ_1: [4345, 4375, 6893, 6923, 6953, 8301, 9890, 9920, 9950, 9980, 10009, 10039, 13756, 13786, 13816, 13846, 19180, 19210, 19300, 19330, 19390, 19420, 19450, 24035, 24065, 24095, 24125, 24155, 24185, 24215, 24245, 24275]
2026-03-07 16:20:10,815 | INFO | Selecting frames for question fsz6bkkIHzQ_2 on video fsz6bkkIHzQ.mp4: frames=910 tags=4
2026-03-07 16:20:20,967 | INFO | Selected 32 frames for question fsz6bkkIHzQ_2: [3296, 3326, 3416, 4105, 4135, 4165, 4195, 4225, 4255, 4285, 4315, 4345, 4375, 4405, 4435, 4465, 4495, 4525, 4555, 9710, 9740, 9890, 9920, 9950, 9980, 10009, 10039, 20319, 20409, 20439, 20469, 26523]
2026-03-07 16:20:20,967 | INFO | Selecting frames for question s5edwp0PEqk_0 on video s5edwp0PEqk.mp4: frames=1023 tags=4
2026-03-07 16:20:30,475 | INFO | Selected 32 frames for question s5edwp0PEqk_0: [239, 269, 389, 1078, 5694, 7822, 8961, 8991, 9800, 12557, 12707, 15584, 15704, 16543, 18791, 19270, 22207, 22237, 22597, 22627, 22657, 23736, 23796, 23826, 23856, 23886, 23916, 23946, 27302, 27332, 27362, 28501]
2026-03-07 16:20:30,475 | INFO | Selecting frames for question s5edwp0PEqk_1 on video s5edwp0PEqk.mp4: frames=1023 tags=4
2026-03-07 16:20:40,573 | INFO | Selected 32 frames for question s5edwp0PEqk_1: [239, 269, 389, 5694, 7822, 8961, 8991, 9800, 11778, 12167, 12557, 15434, 15524, 15554, 15584, 15704, 16543, 18341, 19270, 20589, 22597, 22627, 22657, 23736, 23796, 23826, 23856, 23916, 23946, 27302, 27332, 27362]
2026-03-07 16:20:40,574 | INFO | Selecting frames for question s5edwp0PEqk_2 on video s5edwp0PEqk.mp4: frames=1023 tags=4
2026-03-07 16:20:50,694 | INFO | Selected 32 frames for question s5edwp0PEqk_2: [239, 269, 5694, 7762, 7822, 8961, 8991, 9800, 11778, 12557, 15584, 15704, 18341, 18791, 19270, 22207, 22237, 22597, 22627, 22657, 23736, 23796, 23826, 23856, 23886, 23916, 23946, 27302, 27332, 27362, 28051, 28501]
2026-03-07 16:20:50,695 | INFO | Selecting frames for question 9dSkvxS2EB0_0 on video 9dSkvxS2EB0.mp4: frames=2439 tags=4
2026-03-07 16:21:48,675 | INFO | Selected 32 frames for question 9dSkvxS2EB0_0: [4200, 4230, 4260, 4290, 4320, 4350, 4380, 4410, 4440, 4470, 4500, 4530, 4560, 4590, 4620, 4650, 4680, 4710, 4740, 4770, 4800, 4830, 4860, 4980, 5010, 5040, 5070, 5100, 5130, 5160, 31920, 36630]
2026-03-07 16:21:48,676 | INFO | Selecting frames for question 9dSkvxS2EB0_1 on video 9dSkvxS2EB0.mp4: frames=2439 tags=4
2026-03-07 16:22:45,301 | INFO | Selected 32 frames for question 9dSkvxS2EB0_1: [6810, 23430, 23460, 23490, 23520, 23550, 23580, 23610, 23640, 23670, 23700, 23730, 23760, 23790, 23820, 23850, 23880, 23910, 23940, 23970, 24000, 24060, 24150, 24180, 24210, 24240, 24270, 24300, 24330, 24360, 24390, 24420]
2026-03-07 16:22:45,302 | INFO | Selecting frames for question 9dSkvxS2EB0_2 on video 9dSkvxS2EB0.mp4: frames=2439 tags=4
2026-03-07 16:23:47,183 | INFO | Selected 32 frames for question 9dSkvxS2EB0_2: [36810, 38760, 38790, 38820, 38850, 38880, 38970, 39000, 39030, 39060, 40170, 40260, 40680, 40710, 40740, 40920, 40950, 40980, 41010, 41040, 41070, 41100, 41130, 41160, 41190, 41220, 57780, 57810, 57840, 57870, 57900, 61350]
2026-03-07 16:23:47,184 | INFO | Selecting frames for question aX_HgA5SNLQ_0 on video aX_HgA5SNLQ.mp4: frames=3204 tags=4
2026-03-07 16:25:28,891 | INFO | Selected 32 frames for question aX_HgA5SNLQ_0: [8100, 8475, 26075, 36875, 36900, 36925, 37200, 37300, 37325, 37450, 37500, 37625, 37675, 37700, 37725, 38375, 52825, 63050, 71600, 71675, 71825, 71850, 71900, 71925, 71975, 72225, 72250, 72275, 76625, 77050, 77075, 77125]
2026-03-07 16:25:28,892 | INFO | Selecting frames for question aX_HgA5SNLQ_1 on video aX_HgA5SNLQ.mp4: frames=3204 tags=4
2026-03-07 16:27:14,047 | INFO | Selected 32 frames for question aX_HgA5SNLQ_1: [6900, 12550, 12725, 12750, 12775, 13300, 13325, 13350, 13400, 13675, 14175, 14200, 14925, 30475, 44275, 44300, 44325, 44350, 44375, 44400, 44425, 44450, 44500, 44525, 44575, 44600, 49175, 63375, 65100, 65300, 65325, 66675]
2026-03-07 16:27:14,049 | INFO | Selecting frames for question aX_HgA5SNLQ_2 on video aX_HgA5SNLQ.mp4: frames=3204 tags=4
2026-03-07 16:28:56,044 | INFO | Selected 32 frames for question aX_HgA5SNLQ_2: [8075, 8100, 8475, 26075, 36900, 37375, 37400, 37425, 37450, 37500, 37600, 37625, 37650, 38375, 38425, 63050, 71575, 71625, 71675, 71800, 71975, 72250, 72625, 76250, 76600, 76850, 77050, 77075, 77100, 77125, 77500, 79450]
2026-03-07 16:28:56,046 | INFO | Selecting frames for question NHIT9vq6mJU_0 on video NHIT9vq6mJU.mp4: frames=1269 tags=4
2026-03-07 16:29:12,508 | INFO | Selected 32 frames for question NHIT9vq6mJU_0: [5154, 5178, 5202, 5226, 5250, 5274, 5298, 8919, 8943, 8967, 8991, 9014, 9038, 9062, 9086, 14529, 14577, 14745, 14793, 14841, 15632, 16327, 19804, 20187, 20235, 22273, 23376, 23424, 26181, 26685, 26733, 26757]
2026-03-07 16:29:12,509 | INFO | Selecting frames for question NHIT9vq6mJU_1 on video NHIT9vq6mJU.mp4: frames=1269 tags=4
2026-03-07 16:29:30,424 | INFO | Selected 32 frames for question NHIT9vq6mJU_1: [1054, 2037, 2661, 2685, 11604, 11628, 11652, 11676, 11700, 16807, 16831, 22873, 22897, 22921, 23352, 23376, 23424, 23856, 23928, 24000, 24023, 24047, 24599, 24623, 24647, 24695, 24719, 24743, 26085, 26109, 26157, 26181]
2026-03-07 16:29:30,425 | INFO | Selecting frames for question NHIT9vq6mJU_2 on video NHIT9vq6mJU.mp4: frames=1269 tags=4
2026-03-07 16:29:46,081 | INFO | Selected 32 frames for question NHIT9vq6mJU_2: [863, 3188, 5898, 8319, 8343, 8487, 8991, 9014, 9038, 15416, 15632, 15656, 15680, 15992, 16015, 16087, 16111, 16399, 19780, 19804, 19828, 19852, 19876, 19900, 19924, 19948, 19972, 20187, 20211, 20235, 22297, 22393]
2026-03-07 16:29:46,082 | INFO | Selecting frames for question _uL3a3aMdMQ_0 on video _uL3a3aMdMQ.mp4: frames=2844 tags=4
2026-03-07 16:31:09,005 | INFO | Selected 32 frames for question _uL3a3aMdMQ_0: [1486, 1558, 1606, 3404, 8223, 10669, 10717, 11556, 11652, 11676, 11724, 11748, 11772, 11796, 11820, 11844, 17142, 25318, 25342, 25606, 33974, 36515, 36563, 39104, 40807, 40951, 41934, 41958, 43588, 46417, 46561, 67372]
2026-03-07 16:31:09,006 | INFO | Selecting frames for question _uL3a3aMdMQ_1 on video _uL3a3aMdMQ.mp4: frames=2844 tags=4
2026-03-07 16:32:35,418 | INFO | Selected 32 frames for question _uL3a3aMdMQ_1: [52363, 52387, 52411, 52435, 52459, 52483, 52507, 52531, 52555, 52579, 52603, 52651, 52675, 52699, 56055, 56079, 56103, 56127, 57926, 57950, 57998, 58021, 58477, 58501, 58621, 58645, 59484, 59508, 59556, 59580, 59604, 59628]
2026-03-07 16:32:35,419 | INFO | Selecting frames for question _uL3a3aMdMQ_2 on video _uL3a3aMdMQ.mp4: frames=2844 tags=4
2026-03-07 16:33:56,271 | INFO | Selected 32 frames for question _uL3a3aMdMQ_2: [479, 503, 20187, 20259, 20283, 21458, 29490, 29538, 30401, 30425, 30449, 30473, 30497, 31024, 31048, 31072, 31096, 34453, 34477, 36227, 36299, 36323, 36347, 43852, 43900, 55408, 56775, 56799, 56895, 59484, 59508, 59532]
2026-03-07 16:33:56,271 | INFO | Selecting frames for question LAbtlJJhUlY_0 on video LAbtlJJhUlY.mp4: frames=1028 tags=4
2026-03-07 16:34:06,478 | INFO | Selected 32 frames for question LAbtlJJhUlY_0: [7912, 8391, 8559, 8583, 8631, 8823, 9854, 10525, 10549, 10573, 10597, 10621, 10645, 10693, 10765, 11412, 11484, 12899, 13066, 13138, 14865, 14889, 15512, 17118, 21482, 21506, 21554, 21578, 22513, 22585, 22609, 22633]
2026-03-07 16:34:06,478 | INFO | Selecting frames for question LAbtlJJhUlY_1 on video LAbtlJJhUlY.mp4: frames=1028 tags=4
2026-03-07 16:34:17,061 | INFO | Selected 32 frames for question LAbtlJJhUlY_1: [359, 767, 1198, 1222, 1582, 4531, 4555, 4603, 4651, 4699, 4723, 5226, 5394, 5490, 7360, 7432, 7648, 7672, 7696, 7744, 7768, 9110, 16999, 17094, 19276, 19300, 19348, 20931, 21458, 21722, 21746, 21794]
2026-03-07 16:34:17,062 | INFO | Selecting frames for question LAbtlJJhUlY_2 on video LAbtlJJhUlY.mp4: frames=1028 tags=4
2026-03-07 16:34:27,882 | INFO | Selected 32 frames for question LAbtlJJhUlY_2: [647, 1198, 1222, 1582, 1606, 4651, 4723, 7360, 7384, 7432, 7936, 8703, 9086, 9110, 9614, 9638, 9662, 9710, 10117, 14025, 16039, 16423, 16999, 17094, 17814, 18533, 20499, 20931, 21458, 21722, 21746, 21770]
2026-03-07 16:34:27,883 | INFO | Selecting frames for question _g3Y_mk64Wc_0 on video _g3Y_mk64Wc.mp4: frames=1078 tags=4
2026-03-07 16:34:39,160 | INFO | Selected 32 frames for question _g3Y_mk64Wc_0: [3650, 5425, 6275, 6500, 6775, 6825, 8125, 8875, 9000, 9575, 13825, 14025, 14125, 14475, 15000, 15200, 15600, 16425, 19125, 19800, 19825, 21475, 22375, 22925, 23400, 23750, 23775, 24000, 24450, 24575, 25175, 25400]
2026-03-07 16:34:39,160 | INFO | Selecting frames for question _g3Y_mk64Wc_1 on video _g3Y_mk64Wc.mp4: frames=1078 tags=4
2026-03-07 16:34:50,691 | INFO | Selected 32 frames for question _g3Y_mk64Wc_1: [3375, 3400, 4725, 5150, 5350, 5375, 6375, 8100, 8125, 8300, 8450, 11050, 12300, 12700, 12825, 12850, 12875, 13375, 13425, 13875, 13900, 13950, 14425, 20025, 21775, 23775, 24325, 25550, 25900, 25975, 26500, 26525]
2026-03-07 16:34:50,692 | INFO | Selecting frames for question _g3Y_mk64Wc_2 on video _g3Y_mk64Wc.mp4: frames=1078 tags=4
2026-03-07 16:35:01,514 | INFO | Selected 32 frames for question _g3Y_mk64Wc_2: [2375, 3375, 5125, 5150, 5250, 5275, 5350, 5375, 6375, 6675, 8025, 8100, 8125, 8300, 8425, 8450, 8475, 10450, 10500, 11050, 13425, 13875, 13900, 13950, 14425, 17700, 17850, 19950, 19975, 20025, 25975, 26225]
2026-03-07 16:35:01,514 | INFO | Selecting frames for question OAcbasjxljY_0 on video OAcbasjxljY.mp4: frames=1401 tags=4
2026-03-07 16:35:22,056 | INFO | Selected 32 frames for question OAcbasjxljY_0: [5874, 5898, 5994, 6017, 10477, 10525, 10549, 10573, 10597, 10909, 10957, 10981, 11004, 11028, 11052, 11076, 11100, 11124, 11148, 11172, 11196, 11220, 11604, 11628, 11652, 11676, 13330, 13354, 13402, 20523, 28267, 28363]
2026-03-07 16:35:22,057 | INFO | Selecting frames for question OAcbasjxljY_1 on video OAcbasjxljY.mp4: frames=1401 tags=4
2026-03-07 16:35:42,224 | INFO | Selected 32 frames for question OAcbasjxljY_1: [71, 95, 287, 10165, 10189, 12947, 13090, 13306, 13330, 13354, 13546, 13618, 13642, 13666, 14433, 14577, 20259, 20283, 20307, 20331, 20883, 20907, 20931, 22513, 22873, 28219, 28243, 28315, 28339, 28867, 28891, 32271]
2026-03-07 16:35:42,225 | INFO | Selecting frames for question OAcbasjxljY_2 on video OAcbasjxljY.mp4: frames=1401 tags=4
2026-03-07 16:36:02,895 | INFO | Selected 32 frames for question OAcbasjxljY_2: [71, 1462, 5970, 6161, 7264, 7288, 7312, 7336, 7360, 18149, 19564, 19852, 19876, 20091, 20115, 20739, 21530, 21626, 22873, 26709, 26733, 27284, 27308, 27500, 27524, 27548, 27716, 27740, 27764, 27788, 27812, 28123]
2026-03-07 16:36:02,896 | INFO | Selecting frames for question ysRFFN5nzqE_0 on video ysRFFN5nzqE.mp4: frames=2161 tags=4
2026-03-07 16:36:49,801 | INFO | Selected 32 frames for question ysRFFN5nzqE_0: [0, 29, 59, 89, 119, 149, 179, 209, 239, 269, 299, 329, 359, 389, 419, 449, 479, 509, 539, 569, 599, 629, 659, 689, 719, 64555, 64585, 64615, 64645, 64675, 64705, 64735]
2026-03-07 16:36:49,802 | INFO | Selecting frames for question ysRFFN5nzqE_1 on video ysRFFN5nzqE.mp4: frames=2161 tags=4
2026-03-07 16:37:37,338 | INFO | Selected 32 frames for question ysRFFN5nzqE_1: [749, 2427, 2457, 3956, 11538, 11628, 12287, 16123, 16603, 17772, 18311, 25054, 25084, 25144, 25174, 25204, 25384, 31678, 31708, 32067, 32187, 32307, 39110, 39530, 39560, 39620, 41748, 59160, 59190, 60000, 61078, 61828]
2026-03-07 16:37:37,340 | INFO | Selecting frames for question ysRFFN5nzqE_2 on video ysRFFN5nzqE.mp4: frames=2161 tags=4
2026-03-07 16:38:27,152 | INFO | Selected 32 frames for question ysRFFN5nzqE_2: [179, 659, 749, 2427, 2457, 3956, 11538, 31798, 31828, 31858, 31888, 31918, 31948, 31978, 32007, 32067, 32187, 32307, 39110, 39530, 39560, 39620, 41748, 46873, 53436, 54545, 56013, 60000, 61078, 61828, 64645, 64735]
2026-03-07 16:38:27,153 | INFO | Selecting frames for question lzAESaVqix0_0 on video lzAESaVqix0.mp4: frames=1189 tags=4
2026-03-07 16:38:44,339 | INFO | Selected 32 frames for question lzAESaVqix0_0: [863, 887, 959, 983, 1006, 1030, 1078, 1102, 1126, 1150, 1174, 1198, 3428, 3476, 16327, 17814, 17838, 17886, 18053, 18389, 19924, 21122, 21218, 21242, 21290, 21314, 22897, 23880, 27212, 27620, 27644, 27668]
2026-03-07 16:38:44,339 | INFO | Selecting frames for question lzAESaVqix0_1 on video lzAESaVqix0.mp4: frames=1189 tags=4
2026-03-07 16:38:57,724 | INFO | Selected 32 frames for question lzAESaVqix0_1: [1606, 1630, 1654, 1678, 5634, 5682, 16951, 16975, 16999, 19012, 19756, 19804, 19828, 19852, 19876, 19900, 21554, 21578, 21602, 22369, 22393, 22417, 22441, 23208, 27476, 27500, 27524, 27548, 27596, 27620, 27644, 27668]
2026-03-07 16:38:57,724 | INFO | Selecting frames for question lzAESaVqix0_2 on video lzAESaVqix0.mp4: frames=1189 tags=4
2026-03-07 16:39:11,821 | INFO | Selected 32 frames for question lzAESaVqix0_2: [1582, 1606, 1630, 1654, 1678, 4747, 5610, 5634, 5658, 6545, 6569, 17094, 18701, 20907, 20931, 21554, 21578, 21602, 22345, 22417, 22441, 23784, 23832, 27476, 27500, 27524, 27548, 27572, 27596, 27620, 27644, 27668]
2026-03-07 16:39:11,822 | INFO | Selecting frames for question 0up5NxTiGZE_0 on video 0up5NxTiGZE.mp4: frames=991 tags=4
2026-03-07 16:39:21,621 | INFO | Selected 32 frames for question 0up5NxTiGZE_0: [929, 989, 1018, 1048, 1078, 1108, 1138, 1918, 1948, 1978, 2037, 2067, 2277, 2307, 2337, 2367, 2397, 2427, 3026, 9440, 9470, 9500, 9530, 9560, 9710, 9800, 19660, 20319, 21008, 21038, 21997, 22027]
2026-03-07 16:39:21,622 | INFO | Selecting frames for question 0up5NxTiGZE_1 on video 0up5NxTiGZE.mp4: frames=991 tags=4
2026-03-07 16:39:31,847 | INFO | Selected 32 frames for question 0up5NxTiGZE_1: [3536, 3656, 3686, 3716, 3746, 5154, 8241, 9530, 9620, 11058, 11088, 11148, 14685, 16033, 16093, 16753, 16783, 16873, 17532, 17562, 17592, 17622, 17652, 17682, 17712, 17742, 18281, 18311, 18341, 18371, 21248, 23016]
2026-03-07 16:39:31,848 | INFO | Selecting frames for question 0up5NxTiGZE_2 on video 0up5NxTiGZE.mp4: frames=991 tags=4
2026-03-07 16:39:41,492 | INFO | Selected 32 frames for question 0up5NxTiGZE_2: [4105, 6713, 6743, 6803, 6833, 7552, 7642, 8031, 8121, 8151, 8181, 8901, 8931, 8961, 8991, 9020, 9050, 9080, 9140, 9650, 9740, 11628, 16063, 16093, 16153, 24755, 24785, 27512, 27542, 27572, 29010, 29040]
2026-03-07 16:39:41,493 | INFO | Selecting frames for question 4ouAf1ldH60_0 on video 4ouAf1ldH60.mp4: frames=1232 tags=4
2026-03-07 16:39:56,693 | INFO | Selected 32 frames for question 4ouAf1ldH60_0: [15824, 15914, 16003, 16483, 17442, 17472, 17502, 17562, 17622, 17832, 17862, 17892, 18641, 18761, 18851, 18881, 18911, 18941, 19330, 19360, 19390, 19420, 19450, 19480, 19510, 19540, 19570, 19600, 19630, 19660, 19690, 20199]
2026-03-07 16:39:56,694 | INFO | Selecting frames for question 4ouAf1ldH60_1 on video 4ouAf1ldH60.mp4: frames=1232 tags=4
2026-03-07 16:40:12,751 | INFO | Selected 32 frames for question 4ouAf1ldH60_1: [10399, 10429, 10459, 10489, 10519, 10579, 10609, 10639, 10879, 10969, 11028, 11118, 11178, 11208, 11268, 11628, 17262, 17322, 17412, 35004, 35124, 35154, 35184, 35214, 35244, 35304, 35334, 35364, 35394, 35604, 35634, 35664]
2026-03-07 16:40:12,752 | INFO | Selecting frames for question 4ouAf1ldH60_2 on video 4ouAf1ldH60.mp4: frames=1232 tags=4
2026-03-07 16:40:29,034 | INFO | Selected 32 frames for question 4ouAf1ldH60_2: [12887, 13396, 13426, 13456, 13486, 13516, 13546, 13726, 13816, 14055, 14385, 14445, 14475, 14505, 14535, 14595, 14625, 14775, 14805, 14865, 14895, 14925, 14985, 15014, 15044, 17952, 18011, 18371, 19480, 22057, 25504, 25534]
2026-03-07 16:40:29,035 | INFO | Selecting frames for question Z-1lgAXOEc8_0 on video Z-1lgAXOEc8.mp4: frames=1013 tags=4
2026-03-07 16:40:39,052 | INFO | Selected 32 frames for question Z-1lgAXOEc8_0: [0, 23, 47, 71, 95, 119, 2229, 2349, 2373, 2397, 2445, 7600, 7624, 7696, 12275, 12299, 12347, 12371, 12419, 12467, 12491, 12515, 12659, 19300, 19324, 21458, 21506, 21554, 21650, 21674, 21722, 21746]
2026-03-07 16:40:39,053 | INFO | Selecting frames for question Z-1lgAXOEc8_1 on video Z-1lgAXOEc8.mp4: frames=1013 tags=4
2026-03-07 16:40:49,243 | INFO | Selected 32 frames for question Z-1lgAXOEc8_1: [983, 1006, 1030, 1054, 1078, 1126, 1150, 1174, 1198, 1222, 1246, 1270, 1318, 1366, 1390, 1486, 1510, 1534, 1582, 6401, 6425, 6449, 6473, 6497, 6521, 6545, 6617, 6953, 6977, 7000, 7024, 7672]
2026-03-07 16:40:49,243 | INFO | Selecting frames for question Z-1lgAXOEc8_2 on video Z-1lgAXOEc8.mp4: frames=1013 tags=4
2026-03-07 16:40:59,872 | INFO | Selected 32 frames for question Z-1lgAXOEc8_2: [14625, 14649, 14673, 14745, 14769, 14793, 14817, 14841, 14865, 14889, 14913, 14937, 14961, 14985, 15032, 15056, 15080, 15104, 15128, 15272, 15296, 15440, 16447, 16543, 16903, 16927, 16951, 17094, 18533, 18557, 18581, 21626]
2026-03-07 16:40:59,872 | INFO | Selecting frames for question eDso3zHFxL8_0 on video eDso3zHFxL8.mp4: frames=1123 tags=4
2026-03-07 16:41:12,057 | INFO | Selected 32 frames for question eDso3zHFxL8_0: [1558, 1582, 1822, 6809, 7840, 7888, 8727, 8751, 9662, 9686, 9710, 9734, 9830, 9854, 13306, 14001, 14865, 14913, 16687, 16711, 17862, 18269, 18293, 19348, 20211, 20259, 20283, 20595, 20979, 21146, 22993, 25294]
2026-03-07 16:41:12,058 | INFO | Selecting frames for question eDso3zHFxL8_1 on video eDso3zHFxL8.mp4: frames=1123 tags=4
2026-03-07 16:41:24,151 | INFO | Selected 32 frames for question eDso3zHFxL8_1: [335, 2829, 2853, 7888, 8727, 8751, 8775, 9662, 9686, 9758, 9830, 10405, 10429, 10453, 10621, 10645, 10717, 13834, 13978, 14001, 14025, 16687, 16711, 17838, 18269, 18293, 20211, 20259, 20283, 20595, 24935, 25342]
2026-03-07 16:41:24,151 | INFO | Selecting frames for question eDso3zHFxL8_2 on video eDso3zHFxL8.mp4: frames=1123 tags=4
2026-03-07 16:41:37,199 | INFO | Selected 32 frames for question eDso3zHFxL8_2: [1078, 1558, 1582, 1606, 1630, 1654, 1750, 1822, 4051, 9830, 10549, 10573, 14097, 17166, 17214, 18269, 18293, 19348, 19804, 20211, 20259, 22369, 22393, 22465, 22489, 25198, 25222, 25246, 25270, 25942, 26013, 26133]
2026-03-07 16:41:37,200 | INFO | Selecting frames for question 0t1vtW0cT1E_0 on video 0t1vtW0cT1E.mp4: frames=951 tags=4
2026-03-07 16:41:47,259 | INFO | Selected 32 frames for question 0t1vtW0cT1E_0: [3420, 11040, 11070, 11160, 11940, 12180, 12210, 12240, 12330, 12360, 12390, 12420, 12450, 12480, 12510, 12540, 12570, 12600, 12630, 12840, 12930, 12960, 12990, 13110, 13170, 13710, 14880, 14910, 15210, 15270, 15300, 15390]
2026-03-07 16:41:47,260 | INFO | Selecting frames for question 0t1vtW0cT1E_1 on video 0t1vtW0cT1E.mp4: frames=951 tags=4
2026-03-07 16:41:57,908 | INFO | Selected 32 frames for question 0t1vtW0cT1E_1: [18150, 19200, 19230, 19260, 19290, 19320, 19350, 19410, 19470, 19500, 19530, 19560, 19920, 19950, 20010, 20040, 20100, 20130, 20160, 20340, 20370, 20400, 20430, 20460, 21600, 21720, 21810, 21900, 23220, 23250, 23280, 23490]
2026-03-07 16:41:57,909 | INFO | Selecting frames for question 0t1vtW0cT1E_2 on video 0t1vtW0cT1E.mp4: frames=951 tags=4
2026-03-07 16:42:06,465 | INFO | Selected 32 frames for question 0t1vtW0cT1E_2: [300, 20070, 20190, 21180, 21240, 21630, 21660, 21690, 21750, 21780, 21810, 21840, 21900, 22170, 22230, 23250, 23280, 23310, 23340, 23370, 23400, 23430, 23460, 23490, 23520, 23550, 23580, 23790, 23820, 23850, 24420, 24450]
2026-03-07 16:42:06,465 | INFO | Selecting frames for question mfS6gyP0mwo_0 on video mfS6gyP0mwo.mp4: frames=1114 tags=4
2026-03-07 16:42:20,078 | INFO | Selected 32 frames for question mfS6gyP0mwo_0: [29, 119, 149, 209, 16123, 16153, 29040, 29070, 29100, 29130, 29160, 29400, 30479, 30509, 30899, 30929, 32097, 32517, 32577, 32727, 32757, 32787, 32817, 32847, 32877, 32967, 32996, 33026, 33086, 33176, 33206, 33236]
2026-03-07 16:42:20,079 | INFO | Selecting frames for question mfS6gyP0mwo_1 on video mfS6gyP0mwo.mp4: frames=1114 tags=4
2026-03-07 16:42:32,767 | INFO | Selected 32 frames for question mfS6gyP0mwo_1: [29, 119, 149, 209, 16123, 16153, 17142, 17292, 17772, 18401, 18431, 18461, 18491, 18521, 18551, 18581, 18611, 21398, 22087, 22117, 22147, 22177, 23256, 23286, 29400, 32996, 33026, 33056, 33086, 33176, 33206, 33236]
2026-03-07 16:42:32,768 | INFO | Selecting frames for question mfS6gyP0mwo_2 on video mfS6gyP0mwo.mp4: frames=1114 tags=4
2026-03-07 16:42:44,836 | INFO | Selected 32 frames for question mfS6gyP0mwo_2: [16423, 16453, 17142, 21398, 22087, 22117, 22147, 22177, 22207, 22237, 22777, 23226, 23256, 23286, 23316, 23346, 26133, 26763, 26823, 26913, 26943, 26973, 27002, 27032, 27122, 27212, 27242, 27272, 27302, 27392, 27422, 27602]
2026-03-07 16:42:44,836 | INFO | Selecting frames for question zVudr8cxHRE_0 on video zVudr8cxHRE.mp4: frames=1236 tags=4
2026-03-07 16:43:00,075 | INFO | Selected 32 frames for question zVudr8cxHRE_0: [3764, 4603, 4843, 4891, 4963, 6185, 7528, 7552, 7816, 7864, 8007, 8127, 8151, 8175, 8463, 9230, 9278, 9302, 10357, 12779, 13018, 13066, 13714, 13882, 14865, 14889, 16543, 18533, 18797, 19156, 19180, 27524]
2026-03-07 16:43:00,075 | INFO | Selecting frames for question zVudr8cxHRE_1 on video zVudr8cxHRE.mp4: frames=1236 tags=4
2026-03-07 16:43:15,172 | INFO | Selected 32 frames for question zVudr8cxHRE_1: [1990, 2037, 2061, 7528, 7576, 7600, 7744, 7792, 7840, 7864, 8151, 8175, 8511, 8535, 8583, 8751, 9158, 10333, 11676, 11940, 12923, 17982, 20091, 24551, 24575, 24767, 24791, 24839, 24863, 24887, 26733, 26781]
2026-03-07 16:43:15,173 | INFO | Selecting frames for question zVudr8cxHRE_2 on video zVudr8cxHRE.mp4: frames=1236 tags=4
2026-03-07 16:43:30,794 | INFO | Selected 32 frames for question zVudr8cxHRE_2: [6401, 6449, 7480, 7504, 7552, 9158, 9182, 10717, 12755, 12803, 12875, 12899, 13090, 13954, 16255, 16279, 16351, 16375, 16399, 16447, 16471, 16495, 16519, 17142, 18125, 18149, 18533, 18605, 18749, 24455, 24551, 26613]
2026-03-07 16:43:30,794 | INFO | Selecting frames for question LVFvRNRTEd4_0 on video LVFvRNRTEd4.mp4: frames=1181 tags=4
2026-03-07 16:43:46,510 | INFO | Selected 32 frames for question LVFvRNRTEd4_0: [887, 5442, 5466, 5490, 5538, 5562, 5586, 5610, 5634, 5658, 5682, 5706, 5730, 5850, 6161, 6185, 7216, 7240, 13738, 20979, 22777, 22825, 22873, 22897, 24911, 25462, 26301, 26325, 26349, 26853, 26877, 27092]
2026-03-07 16:43:46,511 | INFO | Selecting frames for question LVFvRNRTEd4_1 on video LVFvRNRTEd4.mp4: frames=1181 tags=4
2026-03-07 16:43:59,418 | INFO | Selected 32 frames for question LVFvRNRTEd4_1: [3740, 3836, 8679, 11220, 11244, 11316, 11340, 16831, 16855, 17022, 17046, 17070, 17094, 17118, 17142, 17166, 17814, 17838, 17862, 18197, 18221, 18245, 18269, 18293, 18317, 23544, 23568, 23592, 23616, 25150, 25174, 25198]
2026-03-07 16:43:59,419 | INFO | Selecting frames for question LVFvRNRTEd4_2 on video LVFvRNRTEd4.mp4: frames=1181 tags=4
2026-03-07 16:44:13,017 | INFO | Selected 32 frames for question LVFvRNRTEd4_2: [2109, 2277, 2325, 2493, 3068, 3644, 4123, 12443, 13906, 13930, 14721, 18053, 18077, 18101, 18125, 18173, 18197, 18221, 18245, 19828, 19852, 19876, 19900, 19924, 22393, 22417, 22441, 24359, 24935, 25150, 25174, 25198]
2026-03-07 16:44:13,018 | INFO | Selecting frames for question OAHsR02dUc0_0 on video OAHsR02dUc0.mp4: frames=3485 tags=4
2026-03-07 16:46:22,330 | INFO | Selected 32 frames for question OAHsR02dUc0_0: [55650, 55675, 55700, 55725, 55750, 55775, 56050, 56075, 56100, 56125, 56150, 56175, 56200, 56225, 56250, 56275, 56300, 56325, 56425, 56450, 56475, 56500, 56525, 56750, 56775, 56800, 56825, 56850, 56875, 56900, 57300, 57325]
2026-03-07 16:46:22,331 | INFO | Selecting frames for question OAHsR02dUc0_1 on video OAHsR02dUc0.mp4: frames=3485 tags=4
2026-03-07 16:48:28,166 | INFO | Selected 32 frames for question OAHsR02dUc0_1: [7925, 7975, 8000, 8075, 8100, 8125, 8150, 8175, 9850, 9900, 10200, 10250, 10300, 10350, 10400, 10450, 10500, 10550, 10600, 10650, 10850, 10900, 10950, 11050, 11850, 12450, 12500, 12550, 12600, 12750, 12850, 83050]
2026-03-07 16:48:28,168 | INFO | Selecting frames for question OAHsR02dUc0_2 on video OAHsR02dUc0.mp4: frames=3485 tags=4
2026-03-07 16:50:33,398 | INFO | Selected 32 frames for question OAHsR02dUc0_2: [37575, 37600, 37625, 37650, 42575, 42625, 52000, 52025, 52050, 52075, 73000, 73025, 73050, 73075, 73100, 73125, 73150, 75250, 75275, 75300, 75325, 75350, 75375, 75400, 75425, 75450, 75475, 75500, 75525, 75550, 75575, 83050]
2026-03-07 16:50:33,399 | INFO | Selecting frames for question bwDfdTh0VYs_0 on video bwDfdTh0VYs.mp4: frames=1732 tags=4
2026-03-07 16:51:06,319 | INFO | Selected 32 frames for question bwDfdTh0VYs_0: [5490, 24660, 24690, 24720, 24750, 24780, 25440, 25470, 25530, 25980, 26010, 26040, 26370, 26400, 26430, 26460, 26490, 26520, 26550, 26580, 26610, 26640, 26670, 26700, 26730, 26760, 26790, 26820, 26850, 26880, 26910, 26940]
2026-03-07 16:51:06,320 | INFO | Selecting frames for question bwDfdTh0VYs_1 on video bwDfdTh0VYs.mp4: frames=1732 tags=4
2026-03-07 16:51:38,468 | INFO | Selected 32 frames for question bwDfdTh0VYs_1: [14850, 14880, 14910, 14940, 27360, 27540, 27570, 27600, 27630, 27660, 27840, 27870, 27900, 27930, 27960, 27990, 28050, 28080, 28110, 29940, 29970, 30000, 30030, 30060, 30120, 30150, 30240, 30270, 30300, 30330, 30360, 31770]
2026-03-07 16:51:38,470 | INFO | Selecting frames for question bwDfdTh0VYs_2 on video bwDfdTh0VYs.mp4: frames=1732 tags=4
2026-03-07 16:52:09,398 | INFO | Selected 32 frames for question bwDfdTh0VYs_2: [30420, 30450, 30480, 30510, 30540, 30570, 30600, 30630, 30660, 30690, 30900, 30930, 30960, 30990, 31020, 31050, 31080, 31110, 31140, 31170, 31200, 31230, 31260, 31290, 31320, 31350, 31380, 31530, 31560, 31590, 31620, 31650]
2026-03-07 16:52:09,399 | INFO | Selecting frames for question -0aM99dMu_4_0 on video -0aM99dMu_4.mp4: frames=1355 tags=4
2026-03-07 16:52:29,043 | INFO | Selected 32 frames for question -0aM99dMu_4_0: [6144, 6168, 6192, 6216, 6264, 6288, 6312, 6336, 6360, 6384, 6408, 6432, 6456, 6480, 7608, 7680, 8184, 9240, 21336, 21864, 22152, 23160, 24312, 24360, 24984, 25032, 25344, 27120, 29520, 29544, 29712, 29736]
2026-03-07 16:52:29,047 | INFO | Selecting frames for question -0aM99dMu_4_1 on video -0aM99dMu_4.mp4: frames=1355 tags=4
2026-03-07 16:52:50,332 | INFO | Selected 32 frames for question -0aM99dMu_4_1: [1968, 1992, 2016, 2040, 3912, 21408, 21432, 21456, 21480, 21504, 21528, 21552, 21576, 21600, 21624, 21648, 21672, 21696, 21720, 21744, 21768, 21816, 29520, 29544, 29568, 29592, 29616, 29640, 29664, 29688, 29712, 29736]
2026-03-07 16:52:50,334 | INFO | Selecting frames for question -0aM99dMu_4_2 on video -0aM99dMu_4.mp4: frames=1355 tags=4
2026-03-07 16:53:08,585 | INFO | Selected 32 frames for question -0aM99dMu_4_2: [25992, 26016, 26040, 26064, 26136, 26160, 26184, 26208, 26256, 26280, 26328, 26352, 26376, 26400, 26544, 26568, 26592, 26616, 26640, 26664, 26688, 26712, 26736, 26760, 26784, 26808, 26832, 26880, 26904, 26928, 26952, 26976]
2026-03-07 16:53:08,585 | INFO | Selecting frames for question wFrztzzohJ8_0 on video wFrztzzohJ8.mp4: frames=1061 tags=4
2026-03-07 16:53:20,099 | INFO | Selected 32 frames for question wFrztzzohJ8_0: [2097, 2127, 2157, 2187, 2217, 2247, 2277, 2307, 2337, 2367, 2397, 2427, 2457, 2487, 2517, 2547, 2577, 2667, 12347, 17892, 20499, 20529, 20559, 20589, 21608, 21638, 21668, 21698, 21728, 26913, 26943, 26973]
2026-03-07 16:53:20,101 | INFO | Selecting frames for question wFrztzzohJ8_1 on video wFrztzzohJ8.mp4: frames=1061 tags=4
2026-03-07 16:53:31,507 | INFO | Selected 32 frames for question wFrztzzohJ8_1: [2217, 2307, 2427, 2457, 2667, 7072, 9500, 12347, 16543, 16633, 16663, 19210, 19240, 19270, 19300, 19330, 19360, 19390, 19420, 19450, 19480, 19510, 19750, 20499, 20529, 20559, 20589, 26823, 26913, 26943, 26973, 29040]
2026-03-07 16:53:31,508 | INFO | Selecting frames for question wFrztzzohJ8_2 on video wFrztzzohJ8.mp4: frames=1061 tags=4
2026-03-07 16:53:43,120 | INFO | Selected 32 frames for question wFrztzzohJ8_2: [3026, 3056, 3086, 3116, 3566, 3596, 3656, 3716, 3746, 4195, 4225, 4255, 4285, 4315, 4435, 4495, 4615, 4825, 5064, 19690, 19720, 21548, 22837, 22867, 22897, 22927, 22957, 22987, 23406, 26283, 26313, 29280]
2026-03-07 16:53:43,121 | INFO | Selecting frames for question bAGhXcYc0o4_0 on video bAGhXcYc0o4.mp4: frames=1151 tags=4
2026-03-07 16:53:57,359 | INFO | Selected 32 frames for question bAGhXcYc0o4_0: [3668, 7408, 7432, 9134, 12491, 12611, 12707, 12755, 12779, 12803, 12827, 12851, 12875, 12899, 12923, 12947, 17454, 18701, 19060, 19084, 19108, 19132, 19156, 19180, 19468, 19492, 19516, 19564, 19588, 19612, 23112, 23160]
2026-03-07 16:53:57,359 | INFO | Selecting frames for question bAGhXcYc0o4_1 on video bAGhXcYc0o4.mp4: frames=1151 tags=4
2026-03-07 16:54:10,200 | INFO | Selected 32 frames for question bAGhXcYc0o4_1: [383, 935, 5562, 5586, 5610, 7624, 7672, 7696, 7720, 7744, 11028, 11052, 11076, 11100, 11124, 12611, 12779, 12803, 12851, 12923, 12947, 18485, 18509, 18533, 18557, 18581, 19468, 19492, 19516, 19564, 19588, 19612]
2026-03-07 16:54:10,200 | INFO | Selecting frames for question bAGhXcYc0o4_2 on video bAGhXcYc0o4.mp4: frames=1151 tags=4
2026-03-07 16:54:24,607 | INFO | Selected 32 frames for question bAGhXcYc0o4_2: [7408, 7432, 8679, 8991, 11628, 11652, 11676, 11700, 11724, 11748, 11844, 11916, 19636, 19660, 19684, 19708, 24000, 24071, 24407, 24431, 25678, 25702, 25870, 26085, 26229, 26253, 26325, 26445, 26469, 26493, 26517, 26541]
2026-03-07 16:54:24,607 | INFO | Selecting frames for question mq6L8CnNJXc_0 on video mq6L8CnNJXc.mp4: frames=1184 tags=4
2026-03-07 16:54:38,708 | INFO | Selected 32 frames for question mq6L8CnNJXc_0: [575, 10885, 10909, 10933, 12419, 12443, 12467, 12491, 12515, 12539, 12587, 12611, 12635, 13354, 13378, 13402, 13450, 14625, 14649, 14697, 14721, 14745, 17046, 17526, 17550, 17574, 17646, 17790, 20211, 20763, 24839, 24863]
2026-03-07 16:54:38,709 | INFO | Selecting frames for question mq6L8CnNJXc_1 on video mq6L8CnNJXc.mp4: frames=1184 tags=4
2026-03-07 16:54:54,796 | INFO | Selected 32 frames for question mq6L8CnNJXc_1: [575, 1102, 1894, 2109, 2493, 4123, 4195, 7384, 10885, 10909, 10933, 11244, 11268, 11292, 11316, 11340, 12371, 12419, 12491, 12539, 12611, 15464, 15680, 16087, 16375, 18389, 18413, 18437, 27188, 27836, 27860, 27884]
2026-03-07 16:54:54,797 | INFO | Selecting frames for question mq6L8CnNJXc_2 on video mq6L8CnNJXc.mp4: frames=1184 tags=4
2026-03-07 16:55:10,746 | INFO | Selected 32 frames for question mq6L8CnNJXc_2: [24887, 24911, 24959, 24983, 25030, 25150, 25270, 25294, 25318, 25390, 25438, 25750, 25870, 25894, 25918, 26061, 26085, 26157, 26181, 26205, 26325, 26349, 26373, 26493, 26733, 26757, 26781, 26949, 27188, 27212, 27260, 27284]
2026-03-07 16:55:10,747 | INFO | Selecting frames for question ZRMbh0wSly0_0 on video ZRMbh0wSly0.mp4: frames=1177 tags=4
2026-03-07 16:55:25,383 | INFO | Selected 32 frames for question ZRMbh0wSly0_0: [18101, 18125, 18149, 18173, 18197, 18245, 18269, 18293, 18317, 18365, 18389, 18437, 18461, 18485, 18509, 18533, 18557, 18845, 18869, 18893, 18917, 18941, 18965, 18989, 19012, 19036, 19060, 19180, 19300, 19876, 26493, 27188]
2026-03-07 16:55:25,384 | INFO | Selecting frames for question ZRMbh0wSly0_1 on video ZRMbh0wSly0.mp4: frames=1177 tags=4
2026-03-07 16:55:40,091 | INFO | Selected 32 frames for question ZRMbh0wSly0_1: [311, 359, 4651, 13858, 13882, 14361, 14385, 14409, 14433, 14457, 14505, 14553, 14577, 16783, 16807, 16831, 16855, 16879, 18773, 18797, 18821, 19324, 19348, 19372, 19396, 19420, 19444, 23568, 24935, 24983, 27908, 27932]
2026-03-07 16:55:40,092 | INFO | Selecting frames for question ZRMbh0wSly0_2 on video ZRMbh0wSly0.mp4: frames=1177 tags=4
2026-03-07 16:55:54,682 | INFO | Selected 32 frames for question ZRMbh0wSly0_2: [6233, 14817, 18029, 18053, 18101, 18125, 18149, 18173, 18197, 18293, 18317, 18365, 18389, 18485, 18509, 18533, 18557, 18605, 18677, 18749, 19780, 19804, 20043, 20067, 20115, 22033, 22057, 22081, 22105, 22225, 26469, 26493]
2026-03-07 16:55:54,682 | INFO | Selecting frames for question F2OhCCEIOcU_0 on video F2OhCCEIOcU.mp4: frames=1159 tags=4
2026-03-07 16:56:09,212 | INFO | Selected 32 frames for question F2OhCCEIOcU_0: [263, 335, 359, 1246, 2013, 2037, 2061, 2085, 2109, 2301, 2325, 2349, 2373, 2397, 2421, 2469, 2493, 2517, 2541, 2565, 3452, 6305, 6329, 8943, 8991, 9014, 14409, 14481, 14505, 16975, 16999, 27548]
2026-03-07 16:56:09,213 | INFO | Selecting frames for question F2OhCCEIOcU_1 on video F2OhCCEIOcU.mp4: frames=1159 tags=4
2026-03-07 16:56:24,530 | INFO | Selected 32 frames for question F2OhCCEIOcU_1: [167, 335, 359, 551, 1750, 1894, 1918, 1990, 2493, 5082, 13978, 14865, 15512, 15560, 16735, 16759, 17694, 17718, 18629, 19852, 20643, 20667, 20691, 24791, 24839, 26397, 26421, 26973, 27020, 27164, 27188, 27572]
2026-03-07 16:56:24,531 | INFO | Selecting frames for question F2OhCCEIOcU_2 on video F2OhCCEIOcU.mp4: frames=1159 tags=4
2026-03-07 16:56:38,868 | INFO | Selected 32 frames for question F2OhCCEIOcU_2: [1678, 1750, 1894, 1918, 1942, 1990, 2229, 2445, 4219, 4267, 4939, 5082, 5106, 5130, 5706, 5730, 5922, 5970, 16807, 16831, 16855, 16903, 16951, 16975, 16999, 17022, 17046, 17070, 17910, 21194, 24671, 24791]
2026-03-07 16:56:38,869 | INFO | Selecting frames for question 1D9TgBrW6Sw_0 on video 1D9TgBrW6Sw.mp4: frames=1517 tags=4
2026-03-07 16:57:01,824 | INFO | Selected 32 frames for question 1D9TgBrW6Sw_0: [1368, 2856, 4320, 4392, 12312, 12336, 12360, 12384, 12432, 12624, 12768, 12792, 12816, 13056, 13080, 13104, 13128, 13152, 13200, 13224, 13392, 13944, 14064, 15264, 19032, 19128, 19224, 19920, 33000, 33024, 33408, 33504]
2026-03-07 16:57:01,825 | INFO | Selecting frames for question 1D9TgBrW6Sw_1 on video 1D9TgBrW6Sw.mp4: frames=1517 tags=4
2026-03-07 16:57:26,110 | INFO | Selected 32 frames for question 1D9TgBrW6Sw_1: [3000, 3024, 15432, 19392, 19488, 20400, 20424, 20496, 20520, 20544, 20568, 23040, 23064, 23088, 23112, 27264, 27288, 27312, 27336, 27408, 32568, 32616, 33408, 33432, 33456, 33480, 33504, 33528, 33552, 33576, 33600, 33648]
2026-03-07 16:57:26,111 | INFO | Selecting frames for question 1D9TgBrW6Sw_2 on video 1D9TgBrW6Sw.mp4: frames=1517 tags=4
2026-03-07 16:57:50,048 | INFO | Selected 32 frames for question 1D9TgBrW6Sw_2: [4848, 6864, 6888, 6912, 6960, 8448, 13920, 14904, 14928, 14952, 15840, 15888, 16224, 18984, 19080, 19392, 28776, 28800, 28872, 29760, 29784, 29808, 29832, 29856, 29880, 29904, 29928, 29952, 29976, 30000, 30456, 34080]
2026-03-07 16:57:50,049 | INFO | Selecting frames for question ZsnfXfuGRrg_0 on video ZsnfXfuGRrg.mp4: frames=1059 tags=4
2026-03-07 16:58:01,723 | INFO | Selected 32 frames for question ZsnfXfuGRrg_0: [14460, 15990, 16740, 16770, 16800, 16830, 16860, 16890, 16920, 17070, 17100, 17130, 17160, 17190, 17220, 17250, 17280, 17310, 17340, 17370, 17400, 30690, 30720, 30750, 30780, 30810, 30840, 30870, 30900, 30930, 30990, 31170]
2026-03-07 16:58:01,724 | INFO | Selecting frames for question ZsnfXfuGRrg_1 on video ZsnfXfuGRrg.mp4: frames=1059 tags=4
2026-03-07 16:58:12,860 | INFO | Selected 32 frames for question ZsnfXfuGRrg_1: [2280, 2310, 2340, 2490, 2520, 2550, 2580, 2610, 2640, 2670, 2700, 2730, 2880, 2910, 3030, 3570, 3600, 3630, 3660, 19170, 19200, 19230, 19260, 19290, 19320, 30990, 31020, 31050, 31080, 31110, 31140, 31170]
2026-03-07 16:58:12,861 | INFO | Selecting frames for question ZsnfXfuGRrg_2 on video ZsnfXfuGRrg.mp4: frames=1059 tags=4
2026-03-07 16:58:23,506 | INFO | Selected 32 frames for question ZsnfXfuGRrg_2: [210, 240, 270, 300, 6960, 6990, 7020, 7050, 7080, 7110, 7140, 7170, 7200, 7230, 7260, 7290, 7320, 7350, 7380, 7410, 7440, 7470, 7500, 7530, 7560, 7590, 7620, 7650, 15030, 15060, 16020, 16050]
2026-03-07 16:58:23,507 | INFO | Selecting frames for question 5tN9hyfdkaE_0 on video 5tN9hyfdkaE.mp4: frames=1489 tags=4
2026-03-07 16:58:48,024 | INFO | Selected 32 frames for question 5tN9hyfdkaE_0: [300, 6425, 6625, 6650, 6750, 15075, 15100, 15125, 17850, 17900, 18075, 18125, 18150, 18425, 19550, 20600, 22550, 26475, 26500, 28825, 33875, 34000, 34025, 34125, 34625, 34825, 35675, 35750, 35800, 35900, 36325, 36725]
2026-03-07 16:58:48,025 | INFO | Selecting frames for question 5tN9hyfdkaE_1 on video 5tN9hyfdkaE.mp4: frames=1489 tags=4
2026-03-07 16:59:11,156 | INFO | Selected 32 frames for question 5tN9hyfdkaE_1: [100, 975, 1075, 1100, 6450, 12025, 15125, 18125, 18225, 18425, 19825, 19850, 19975, 20125, 20550, 20575, 20600, 23925, 26250, 26275, 26450, 26500, 26800, 27350, 27375, 28900, 28925, 28950, 30175, 34475, 34500, 36725]
2026-03-07 16:59:11,157 | INFO | Selecting frames for question 5tN9hyfdkaE_2 on video 5tN9hyfdkaE.mp4: frames=1489 tags=4
2026-03-07 16:59:34,467 | INFO | Selected 32 frames for question 5tN9hyfdkaE_2: [2375, 2650, 11325, 11400, 11750, 15600, 15650, 15675, 15700, 17775, 18000, 18225, 20725, 25575, 25825, 25925, 26025, 26050, 27300, 27925, 28800, 31500, 31525, 31550, 31650, 31675, 31700, 34650, 34975, 35550, 36625, 36650]
2026-03-07 16:59:34,468 | INFO | Selecting frames for question a_hkRXc_bYg_0 on video a_hkRXc_bYg.mp4: frames=2995 tags=4
2026-03-07 17:01:08,908 | INFO | Selected 32 frames for question a_hkRXc_bYg_0: [29430, 35514, 39440, 43936, 44475, 44505, 46903, 46963, 46993, 58021, 58051, 58081, 58111, 58681, 58711, 58741, 61528, 61738, 61918, 62007, 65574, 71568, 71598, 71658, 71688, 71748, 71928, 71958, 72287, 82177, 89370, 89400]
2026-03-07 17:01:08,909 | INFO | Selecting frames for question a_hkRXc_bYg_1 on video a_hkRXc_bYg.mp4: frames=2995 tags=4
2026-03-07 17:02:43,263 | INFO | Selected 32 frames for question a_hkRXc_bYg_1: [22567, 22597, 22657, 22687, 23196, 23226, 23256, 23286, 23316, 23346, 23376, 23466, 23526, 23556, 23586, 23616, 23646, 31948, 32007, 32667, 34195, 39230, 39380, 39440, 39890, 40099, 40159, 40279, 40309, 40339, 45764, 71778]
2026-03-07 17:02:43,265 | INFO | Selecting frames for question a_hkRXc_bYg_2 on video a_hkRXc_bYg.mp4: frames=2995 tags=4
2026-03-07 17:04:22,776 | INFO | Selected 32 frames for question a_hkRXc_bYg_2: [28441, 28471, 48491, 51908, 51938, 51998, 61828, 61858, 61888, 61918, 61978, 64525, 68031, 69740, 69770, 69800, 69830, 69860, 69890, 70489, 70759, 70909, 70969, 71028, 71088, 71238, 83736, 83796, 83826, 83856, 83886, 84275]
2026-03-07 17:04:22,777 | INFO | Selecting frames for question td35F9LNazA_0 on video td35F9LNazA.mp4: frames=984 tags=4
2026-03-07 17:04:33,460 | INFO | Selected 32 frames for question td35F9LNazA_0: [4140, 4530, 4710, 5970, 6000, 8100, 8130, 9300, 9330, 10140, 10170, 10200, 10230, 10650, 10860, 10920, 10950, 11370, 11520, 11610, 11670, 11820, 15780, 16020, 18720, 18750, 18960, 18990, 19110, 19140, 19530, 24450]
2026-03-07 17:04:33,461 | INFO | Selecting frames for question td35F9LNazA_1 on video td35F9LNazA.mp4: frames=984 tags=4
2026-03-07 17:04:43,950 | INFO | Selected 32 frames for question td35F9LNazA_1: [2610, 3150, 3180, 3300, 3330, 3360, 3720, 3810, 4470, 4500, 6030, 6060, 6150, 6180, 9180, 9210, 9240, 9330, 9900, 12330, 12420, 14520, 14550, 14580, 14670, 14700, 14850, 21000, 21030, 21180, 24510, 24600]
2026-03-07 17:04:43,951 | INFO | Selecting frames for question td35F9LNazA_2 on video td35F9LNazA.mp4: frames=984 tags=4
2026-03-07 17:04:54,239 | INFO | Selected 32 frames for question td35F9LNazA_2: [1980, 2040, 2070, 2100, 2190, 2220, 2250, 2280, 2310, 2520, 2610, 4770, 4800, 4830, 4860, 11580, 18720, 18750, 18780, 18840, 18870, 18900, 18930, 18960, 18990, 19020, 19110, 19140, 19290, 20160, 20550, 25470]
2026-03-07 17:04:54,240 | INFO | Selecting frames for question ZGMGQsnSdLE_0 on video ZGMGQsnSdLE.mp4: frames=2376 tags=4
2026-03-07 17:06:01,138 | INFO | Selected 32 frames for question ZGMGQsnSdLE_0: [4795, 4885, 4945, 4975, 13846, 13996, 14025, 21278, 21308, 21338, 21368, 21398, 21428, 21458, 33146, 33176, 33206, 33236, 37822, 42647, 44025, 44625, 44685, 44775, 44835, 44865, 44895, 44925, 44955, 44985, 45014, 52597]
2026-03-07 17:06:01,139 | INFO | Selecting frames for question ZGMGQsnSdLE_1 on video ZGMGQsnSdLE.mp4: frames=2376 tags=4
2026-03-07 17:07:10,869 | INFO | Selected 32 frames for question ZGMGQsnSdLE_1: [3086, 3146, 3206, 39170, 42467, 42497, 42527, 42557, 42587, 42677, 42707, 44385, 44415, 44445, 44475, 44655, 44685, 44715, 44745, 44805, 44835, 44925, 44955, 45044, 52237, 52597, 63146, 63176, 63476, 63536, 63626, 63716]
2026-03-07 17:07:10,871 | INFO | Selecting frames for question ZGMGQsnSdLE_2 on video ZGMGQsnSdLE.mp4: frames=2376 tags=4
2026-03-07 17:08:13,114 | INFO | Selected 32 frames for question ZGMGQsnSdLE_2: [269, 329, 4465, 6263, 16543, 16573, 16603, 16633, 25264, 25294, 25324, 25354, 25384, 25414, 25444, 31678, 32787, 32817, 32847, 36503, 37162, 37192, 39650, 40099, 40159, 57392, 64615, 64645, 64675, 64705, 64735, 64765]
2026-03-07 17:08:13,115 | INFO | Selecting frames for question mTn_C-SyW84_0 on video mTn_C-SyW84.mp4: frames=917 tags=4
2026-03-07 17:08:21,780 | INFO | Selected 32 frames for question mTn_C-SyW84_0: [2157, 2181, 2205, 4171, 6761, 6785, 6809, 6833, 7696, 7720, 7744, 7768, 7792, 7816, 7840, 7864, 8079, 8943, 9422, 9926, 10645, 10741, 10765, 10789, 10813, 11052, 11076, 13162, 13186, 13210, 13402, 13426]
2026-03-07 17:08:21,781 | INFO | Selecting frames for question mTn_C-SyW84_1 on video mTn_C-SyW84.mp4: frames=917 tags=4
2026-03-07 17:08:30,342 | INFO | Selected 32 frames for question mTn_C-SyW84_1: [8799, 10645, 13258, 13306, 13330, 13354, 13378, 13714, 13738, 13834, 13930, 13954, 13978, 14001, 14025, 14049, 14073, 14169, 14217, 14241, 14265, 14289, 14409, 14553, 14601, 14625, 14649, 15080, 15152, 15176, 15296, 15416]
2026-03-07 17:08:30,343 | INFO | Selecting frames for question mTn_C-SyW84_2 on video mTn_C-SyW84.mp4: frames=917 tags=4
2026-03-07 17:08:38,858 | INFO | Selected 32 frames for question mTn_C-SyW84_2: [7240, 7264, 7288, 7312, 10573, 11604, 11844, 11940, 18341, 18365, 18389, 18413, 18461, 18509, 18533, 18557, 18581, 18605, 18629, 18653, 18677, 18701, 18725, 18749, 18773, 18869, 18893, 18941, 18965, 18989, 19012, 19036]
2026-03-07 17:08:38,859 | INFO | Selecting frames for question GdFMKGNFXaE_0 on video GdFMKGNFXaE.mp4: frames=2774 tags=4
2026-03-07 17:10:04,032 | INFO | Selected 32 frames for question GdFMKGNFXaE_0: [200, 325, 350, 2675, 2750, 16525, 16550, 16575, 16600, 16625, 16650, 16675, 16700, 16725, 16750, 16775, 16875, 16950, 19175, 19225, 19250, 20875, 20900, 20925, 20950, 20975, 21550, 45850, 69150, 69175, 69200, 69225]
2026-03-07 17:10:04,033 | INFO | Selecting frames for question GdFMKGNFXaE_1 on video GdFMKGNFXaE.mp4: frames=2774 tags=4
2026-03-07 17:11:29,492 | INFO | Selected 32 frames for question GdFMKGNFXaE_1: [3150, 4025, 4750, 8800, 8825, 8850, 8875, 8900, 9175, 42700, 42725, 42750, 42775, 42800, 43075, 43100, 50200, 50225, 50250, 50275, 50300, 62875, 62900, 62925, 62950, 62975, 63150, 63225, 63300, 64575, 64600, 64625]
2026-03-07 17:11:29,493 | INFO | Selecting frames for question GdFMKGNFXaE_2 on video GdFMKGNFXaE.mp4: frames=2774 tags=4
2026-03-07 17:12:53,871 | INFO | Selected 32 frames for question GdFMKGNFXaE_2: [2050, 2075, 14775, 14800, 15175, 15450, 15475, 15575, 15775, 15850, 15900, 15975, 22225, 30400, 30475, 30550, 38575, 38725, 38775, 38925, 38975, 39925, 40275, 53050, 53075, 55825, 66475, 66525, 67100, 67250, 67275, 67825]
2026-03-07 17:12:53,872 | INFO | Selecting frames for question rP7sQe784k8_0 on video rP7sQe784k8.mp4: frames=1200 tags=4
2026-03-07 17:13:10,977 | INFO | Selected 32 frames for question rP7sQe784k8_0: [18000, 18025, 21100, 21150, 21175, 21925, 21950, 22000, 22100, 22125, 22150, 22175, 22200, 22225, 22250, 22275, 22500, 25875, 25900, 25925, 25950, 26175, 26200, 26875, 26900, 26925, 27250, 27300, 27325, 27475, 27500, 28250]
2026-03-07 17:13:10,978 | INFO | Selecting frames for question rP7sQe784k8_1 on video rP7sQe784k8.mp4: frames=1200 tags=4
2026-03-07 17:13:26,529 | INFO | Selected 32 frames for question rP7sQe784k8_1: [5400, 5450, 5975, 6000, 6100, 6250, 6300, 6975, 7000, 7025, 7050, 7175, 7200, 7225, 10475, 16050, 16325, 16350, 17600, 17625, 17650, 20050, 20075, 20100, 20175, 22075, 22100, 26600, 28950, 28975, 29100, 29125]
2026-03-07 17:13:26,530 | INFO | Selecting frames for question rP7sQe784k8_2 on video rP7sQe784k8.mp4: frames=1200 tags=4
2026-03-07 17:13:42,497 | INFO | Selected 32 frames for question rP7sQe784k8_2: [5700, 16125, 17600, 18025, 18050, 20100, 20125, 21525, 22100, 25900, 25950, 25975, 26000, 26025, 26050, 26075, 26100, 26125, 26250, 26275, 26900, 27000, 27025, 27050, 27075, 28150, 28175, 28200, 28250, 28725, 28800, 28875]
2026-03-07 17:13:42,498 | INFO | Selecting frames for question KTY9bogonyw_0 on video KTY9bogonyw.mp4: frames=2617 tags=4
2026-03-07 17:14:56,589 | INFO | Selected 32 frames for question KTY9bogonyw_0: [119, 149, 179, 209, 239, 329, 16963, 20709, 20979, 23736, 23766, 23796, 23826, 32307, 32337, 32367, 32397, 33086, 38721, 60000, 60029, 60209, 75854, 75884, 76123, 76483, 76873, 76903, 76933, 76963, 76993, 78371]
2026-03-07 17:14:56,590 | INFO | Selecting frames for question KTY9bogonyw_1 on video KTY9bogonyw.mp4: frames=2617 tags=4
2026-03-07 17:16:11,148 | INFO | Selected 32 frames for question KTY9bogonyw_1: [23586, 27602, 27632, 27662, 27692, 27752, 27782, 27812, 27842, 27872, 27902, 27932, 27962, 27992, 28021, 28051, 28081, 28111, 28141, 28171, 28201, 28231, 28261, 28291, 28321, 28351, 28381, 28411, 28441, 28471, 28501, 57722]
2026-03-07 17:16:11,149 | INFO | Selecting frames for question KTY9bogonyw_2 on video KTY9bogonyw.mp4: frames=2617 tags=4
2026-03-07 17:17:27,762 | INFO | Selected 32 frames for question KTY9bogonyw_2: [1498, 1648, 20709, 23976, 24035, 24065, 24095, 24125, 33266, 33296, 33326, 33356, 33386, 33416, 33446, 33476, 33506, 33566, 33596, 33626, 33656, 33686, 33716, 33746, 35304, 35334, 35364, 35484, 35514, 39770, 40069, 40129]
2026-03-07 17:17:27,762 | INFO | Selecting frames for question f0IbZGfTgUM_0 on video f0IbZGfTgUM.mp4: frames=1117 tags=4
2026-03-07 17:17:41,908 | INFO | Selected 32 frames for question f0IbZGfTgUM_0: [14340, 14400, 14430, 14460, 14580, 14610, 14640, 14670, 14700, 15090, 15120, 15150, 15180, 28530, 28560, 28590, 28620, 28650, 28680, 28710, 28740, 28770, 28800, 28830, 28860, 28890, 28920, 28950, 28980, 29010, 29040, 29070]
2026-03-07 17:17:41,908 | INFO | Selecting frames for question f0IbZGfTgUM_1 on video f0IbZGfTgUM.mp4: frames=1117 tags=4
2026-03-07 17:17:58,426 | INFO | Selected 32 frames for question f0IbZGfTgUM_1: [180, 20130, 20160, 20190, 20220, 20250, 20280, 20310, 24030, 24060, 24090, 24120, 24870, 24900, 24930, 24960, 24990, 26010, 26040, 26070, 26100, 26130, 26160, 30720, 30750, 30780, 30810, 30840, 30870, 31200, 31230, 31260]
2026-03-07 17:17:58,430 | INFO | Selecting frames for question f0IbZGfTgUM_2 on video f0IbZGfTgUM.mp4: frames=1117 tags=4
2026-03-07 17:18:14,508 | INFO | Selected 32 frames for question f0IbZGfTgUM_2: [13620, 22830, 23160, 24150, 24180, 24210, 24810, 24840, 24870, 25890, 25920, 25950, 25980, 30690, 30720, 30750, 30780, 30810, 30840, 30870, 31050, 31080, 31110, 31140, 31170, 31200, 31230, 31260, 31290, 31320, 31350, 31560]
2026-03-07 17:18:14,509 | INFO | Selecting frames for question z6THwql5c6w_0 on video z6THwql5c6w.mp4: frames=910 tags=4
2026-03-07 17:18:25,412 | INFO | Selected 32 frames for question z6THwql5c6w_0: [5124, 6203, 6413, 6443, 6473, 6503, 7552, 11358, 11388, 11418, 13786, 13816, 14445, 14475, 14505, 14535, 14565, 14595, 14625, 14655, 14685, 14715, 14745, 19180, 19210, 20379, 20409, 22267, 22297, 22327, 22357, 22417]
2026-03-07 17:18:25,412 | INFO | Selecting frames for question z6THwql5c6w_1 on video z6THwql5c6w.mp4: frames=910 tags=4
2026-03-07 17:18:33,369 | INFO | Selected 32 frames for question z6THwql5c6w_1: [5664, 5694, 5724, 6113, 6143, 6203, 6233, 7552, 8361, 8391, 8421, 8451, 8481, 8511, 8541, 8571, 8601, 14625, 14655, 14715, 18941, 18971, 19030, 19060, 19090, 19300, 19360, 19420, 21218, 21248, 21278, 24575]
2026-03-07 17:18:33,370 | INFO | Selecting frames for question z6THwql5c6w_2 on video z6THwql5c6w.mp4: frames=910 tags=4
2026-03-07 17:18:41,592 | INFO | Selected 32 frames for question z6THwql5c6w_2: [3086, 6113, 6143, 6173, 6203, 6233, 14475, 14505, 14535, 14565, 14595, 14625, 14655, 14685, 14715, 14745, 20499, 20529, 20559, 21008, 21488, 21518, 21548, 21578, 21608, 21638, 21668, 21698, 21728, 22447, 23796, 26343]
2026-03-07 17:18:41,593 | INFO | Selecting frames for question GuEptwLiAvs_0 on video GuEptwLiAvs.mp4: frames=927 tags=4
2026-03-07 17:18:50,663 | INFO | Selected 32 frames for question GuEptwLiAvs_0: [2325, 2350, 2375, 2425, 2450, 2475, 2500, 2525, 2550, 2575, 2600, 3825, 4825, 11675, 11700, 11725, 11750, 11775, 11800, 20250, 21775, 22825, 22850, 22875, 22900, 22950, 22975, 23000, 23025, 23050, 23075, 23125]
2026-03-07 17:18:50,664 | INFO | Selecting frames for question GuEptwLiAvs_1 on video GuEptwLiAvs.mp4: frames=927 tags=4
2026-03-07 17:18:59,515 | INFO | Selected 32 frames for question GuEptwLiAvs_1: [0, 650, 1600, 2325, 2350, 2375, 2450, 2475, 2500, 2525, 2550, 2575, 2600, 2800, 3825, 4100, 4825, 4850, 4875, 4900, 11675, 11700, 11725, 11750, 11775, 11800, 12125, 18975, 20250, 20575, 21575, 21775]
2026-03-07 17:18:59,515 | INFO | Selecting frames for question GuEptwLiAvs_2 on video GuEptwLiAvs.mp4: frames=927 tags=4
2026-03-07 17:19:08,220 | INFO | Selected 32 frames for question GuEptwLiAvs_2: [16275, 16975, 17050, 17075, 17100, 17325, 17400, 17450, 17700, 17800, 17975, 18025, 18050, 18075, 18100, 18125, 18150, 18175, 18400, 18525, 19200, 19250, 19300, 19400, 19450, 19475, 19700, 19750, 19825, 19850, 20100, 21025]
2026-03-07 17:19:08,221 | INFO | Selecting frames for question IGmuaY1jB1w_0 on video IGmuaY1jB1w.mp4: frames=1777 tags=4
2026-03-07 17:19:41,764 | INFO | Selected 32 frames for question IGmuaY1jB1w_0: [3900, 8100, 8125, 8150, 8175, 8200, 8225, 8250, 18200, 18225, 18250, 18275, 18300, 18325, 18350, 18375, 18400, 28450, 30200, 30225, 30250, 30275, 30300, 30325, 30350, 30375, 30400, 31475, 31750, 31775, 32500, 32525]
2026-03-07 17:19:41,765 | INFO | Selecting frames for question IGmuaY1jB1w_1 on video IGmuaY1jB1w.mp4: frames=1777 tags=4
2026-03-07 17:20:15,783 | INFO | Selected 32 frames for question IGmuaY1jB1w_1: [3900, 10450, 18200, 18225, 24825, 24850, 24875, 24900, 27625, 27650, 27775, 27950, 27975, 28150, 28175, 28200, 28225, 28250, 28300, 28325, 28400, 28425, 28450, 28475, 30325, 30350, 30375, 30400, 31750, 31775, 31975, 32500]
2026-03-07 17:20:15,783 | INFO | Selecting frames for question IGmuaY1jB1w_2 on video IGmuaY1jB1w.mp4: frames=1777 tags=4
2026-03-07 17:20:51,649 | INFO | Selected 32 frames for question IGmuaY1jB1w_2: [3900, 25675, 25700, 25725, 25750, 25775, 25925, 25950, 25975, 26000, 26025, 26200, 26225, 26250, 26275, 28450, 29200, 29225, 29275, 29300, 29325, 29350, 29375, 29400, 29425, 29450, 29475, 29500, 31475, 31625, 31650, 31750]
2026-03-07 17:20:51,650 | INFO | Selecting frames for question DVsw1brd_Yc_0 on video DVsw1brd_Yc.mp4: frames=1071 tags=4
2026-03-07 17:21:05,985 | INFO | Selected 32 frames for question DVsw1brd_Yc_0: [2697, 3236, 4375, 4855, 4945, 5064, 5394, 6713, 6743, 12047, 12077, 15164, 15194, 15224, 15254, 15284, 15314, 18371, 18851, 20739, 21668, 21758, 21818, 21968, 21998, 22027, 22057, 22087, 22117, 22147, 24545, 30659]
2026-03-07 17:21:05,986 | INFO | Selecting frames for question DVsw1brd_Yc_1 on video DVsw1brd_Yc.mp4: frames=1071 tags=4
2026-03-07 17:21:17,712 | INFO | Selected 32 frames for question DVsw1brd_Yc_1: [2697, 2727, 2757, 2817, 4225, 4555, 5064, 5274, 5364, 6713, 6743, 15884, 19780, 21668, 21758, 21818, 21968, 21998, 22027, 22057, 22087, 22117, 22147, 22447, 23436, 23736, 23766, 24545, 26613, 28621, 30659, 30749]
2026-03-07 17:21:17,712 | INFO | Selecting frames for question DVsw1brd_Yc_2 on video DVsw1brd_Yc.mp4: frames=1071 tags=4
2026-03-07 17:21:31,111 | INFO | Selected 32 frames for question DVsw1brd_Yc_2: [1648, 3116, 3236, 3266, 3296, 3326, 4225, 4375, 4495, 4555, 4585, 5064, 5394, 6743, 10879, 10999, 12047, 12077, 12167, 13216, 13336, 14445, 15134, 15164, 15194, 15224, 15254, 15284, 15314, 18371, 22057, 30659]
2026-03-07 17:21:31,112 | INFO | Selecting frames for question JLBsG65WoVU_0 on video JLBsG65WoVU.mp4: frames=1004 tags=4
2026-03-07 17:21:43,419 | INFO | Selected 32 frames for question JLBsG65WoVU_0: [2697, 3386, 4165, 4195, 4225, 4255, 4285, 4315, 4345, 4375, 4405, 4435, 4465, 4525, 4585, 4615, 4645, 4675, 4705, 4735, 4765, 4795, 4825, 4855, 4885, 4915, 4945, 4975, 5004, 5034, 21878, 21968]
2026-03-07 17:21:43,420 | INFO | Selecting frames for question JLBsG65WoVU_1 on video JLBsG65WoVU.mp4: frames=1004 tags=4
2026-03-07 17:21:54,878 | INFO | Selected 32 frames for question JLBsG65WoVU_1: [0, 29, 479, 28141, 28171, 28201, 28231, 28321, 28381, 28411, 28441, 28471, 28681, 28711, 28741, 28831, 28891, 28951, 28981, 29010, 29040, 29130, 29160, 29580, 29850, 29880, 29910, 29940, 29970, 30000, 30029, 30059]
2026-03-07 17:21:54,878 | INFO | Selecting frames for question JLBsG65WoVU_2 on video JLBsG65WoVU.mp4: frames=1004 tags=4
2026-03-07 17:22:05,232 | INFO | Selected 32 frames for question JLBsG65WoVU_2: [239, 269, 299, 329, 359, 389, 449, 479, 539, 749, 809, 929, 1138, 1168, 1198, 1228, 1318, 1378, 1408, 1438, 1468, 1528, 1558, 1588, 28021, 28261, 28351, 28381, 28441, 28591, 29010, 29040]
2026-03-07 17:22:05,233 | INFO | Selecting frames for question fWNJmZAWRNg_0 on video fWNJmZAWRNg.mp4: frames=914 tags=4
2026-03-07 17:22:15,881 | INFO | Selected 32 frames for question fWNJmZAWRNg_0: [3380, 3404, 3428, 3452, 3500, 3524, 3548, 3572, 3620, 3788, 4747, 5178, 5298, 5322, 5346, 5370, 5418, 5442, 5514, 5754, 5778, 5802, 5850, 5922, 6641, 6665, 6689, 6713, 6833, 6857, 7072, 7096]
2026-03-07 17:22:15,882 | INFO | Selecting frames for question fWNJmZAWRNg_1 on video fWNJmZAWRNg.mp4: frames=914 tags=4
2026-03-07 17:22:27,682 | INFO | Selected 32 frames for question fWNJmZAWRNg_1: [3092, 3188, 4051, 4147, 4723, 4747, 5298, 5370, 5802, 5850, 6473, 6665, 7576, 7600, 7648, 7672, 7696, 7720, 7744, 7768, 7840, 10309, 10333, 10837, 10861, 10885, 10957, 11652, 12611, 16399, 19636, 19660]
2026-03-07 17:22:27,683 | INFO | Selecting frames for question fWNJmZAWRNg_2 on video fWNJmZAWRNg.mp4: frames=914 tags=4
2026-03-07 17:22:37,791 | INFO | Selected 32 frames for question fWNJmZAWRNg_2: [1798, 1870, 1894, 2109, 2133, 2157, 2181, 2205, 2229, 2253, 2277, 2421, 2445, 2469, 2493, 2901, 3356, 6905, 7144, 7192, 7216, 7240, 7264, 7288, 8367, 8391, 8415, 8439, 8463, 8487, 8607, 8655]
2026-03-07 17:22:37,791 | INFO | Selecting frames for question x4UBaEojM6U_0 on video x4UBaEojM6U.mp4: frames=961 tags=4
2026-03-07 17:22:47,765 | INFO | Selected 32 frames for question x4UBaEojM6U_0: [2820, 2880, 2910, 3060, 3180, 3390, 3450, 6180, 6210, 6240, 16890, 17730, 17760, 17790, 23190, 23220, 23280, 23310, 23340, 23370, 23400, 23460, 24660, 25020, 25170, 25200, 25230, 25260, 25290, 25320, 25350, 25380]
2026-03-07 17:22:47,766 | INFO | Selecting frames for question x4UBaEojM6U_1 on video x4UBaEojM6U.mp4: frames=961 tags=4
2026-03-07 17:22:57,868 | INFO | Selected 32 frames for question x4UBaEojM6U_1: [1020, 3060, 3180, 3780, 3990, 4080, 4110, 4140, 4170, 4710, 6090, 6180, 6210, 6240, 9480, 9510, 9540, 21240, 21270, 21900, 23190, 23220, 23280, 23310, 23340, 23370, 23400, 23460, 25170, 25200, 25290, 25320]
2026-03-07 17:22:57,869 | INFO | Selecting frames for question x4UBaEojM6U_2 on video x4UBaEojM6U.mp4: frames=961 tags=4
2026-03-07 17:23:10,336 | INFO | Selected 32 frames for question x4UBaEojM6U_2: [2820, 3060, 3390, 3450, 5970, 16860, 16890, 17730, 17760, 17790, 18870, 19260, 19530, 20640, 22620, 23190, 23370, 23610, 23850, 24450, 24480, 24660, 24690, 25170, 25230, 25260, 25290, 25320, 25350, 25380, 26190, 26220]
2026-03-07 17:23:10,337 | INFO | Selecting frames for question x1FkhxMMIcg_1 on video x1FkhxMMIcg.mp4: frames=199 tags=4
2026-03-07 17:23:10,853 | INFO | Selected 32 frames for question x1FkhxMMIcg_1: [389, 419, 449, 479, 509, 689, 719, 1408, 1828, 1918, 1948, 2157, 2397, 2427, 2457, 3686, 3716, 3746, 3776, 3806, 4315, 4375, 4525, 5064, 5094, 5754, 5784, 5814, 5844, 5874, 5904, 5934]
2026-03-07 17:23:10,854 | INFO | Selecting frames for question BRiFXVCr1Ak_0 on video BRiFXVCr1Ak.mp4: frames=377 tags=4
2026-03-07 17:23:12,701 | INFO | Selected 32 frames for question BRiFXVCr1Ak_0: [89, 119, 329, 449, 479, 509, 599, 779, 869, 929, 989, 1558, 1618, 1888, 1918, 1948, 2037, 2127, 3026, 3446, 4405, 4495, 5124, 5184, 6413, 6563, 7732, 8181, 11088, 11118, 11148, 11178]
2026-03-07 17:23:12,702 | INFO | Selecting frames for question BRiFXVCr1Ak_1 on video BRiFXVCr1Ak.mp4: frames=377 tags=4
2026-03-07 17:23:14,422 | INFO | Selected 32 frames for question BRiFXVCr1Ak_1: [0, 29, 59, 89, 119, 329, 419, 449, 479, 509, 599, 779, 869, 929, 989, 1618, 1888, 1918, 1948, 2127, 3026, 3446, 4405, 5304, 5574, 7012, 7042, 8181, 11088, 11118, 11148, 11178]
2026-03-07 17:23:14,423 | INFO | Selecting frames for question t1nhAnMQBHg_1 on video t1nhAnMQBHg.mp4: frames=398 tags=4
2026-03-07 17:23:16,199 | INFO | Selected 32 frames for question t1nhAnMQBHg_1: [1378, 1408, 1438, 1498, 1528, 1558, 1588, 1618, 1648, 1678, 1708, 2637, 2667, 2697, 2967, 2997, 3056, 3086, 3146, 3206, 3326, 3476, 3686, 3716, 3746, 3776, 3806, 3836, 3896, 3926, 3956, 3986]
2026-03-07 17:23:16,200 | INFO | Selecting frames for question LHXS0QR1ThA_1 on video LHXS0QR1ThA.mp4: frames=484 tags=4
2026-03-07 17:23:18,911 | INFO | Selected 32 frames for question LHXS0QR1ThA_1: [180, 210, 240, 270, 300, 330, 360, 390, 420, 450, 480, 510, 540, 570, 600, 630, 660, 690, 720, 750, 780, 810, 840, 870, 4230, 5760, 5790, 5850, 5880, 5910, 5940, 5970]
2026-03-07 17:23:18,912 | INFO | Selecting frames for question fxCRCMLJ0PU_1 on video fxCRCMLJ0PU.mp4: frames=291 tags=4
2026-03-07 17:23:19,820 | INFO | Selected 32 frames for question fxCRCMLJ0PU_1: [240, 288, 336, 696, 720, 744, 768, 792, 816, 840, 864, 888, 912, 936, 960, 1512, 1560, 1656, 4368, 4392, 4416, 4440, 4488, 4512, 4536, 4560, 4584, 5136, 5160, 5184, 5208, 5232]
2026-03-07 17:23:19,821 | INFO | Selecting frames for question rIU_BQEuKQ8_1 on video rIU_BQEuKQ8.mp4: frames=290 tags=4
2026-03-07 17:23:20,781 | INFO | Selected 32 frames for question rIU_BQEuKQ8_1: [449, 809, 839, 869, 899, 929, 959, 989, 1018, 1048, 1078, 1108, 1138, 1168, 1198, 1228, 1258, 1288, 1318, 1348, 1378, 1588, 1828, 1888, 1948, 1978, 2007, 2037, 2067, 2127, 6623, 6683]
2026-03-07 17:23:20,782 | INFO | Selecting frames for question PzUxuZ-KGsU_1 on video PzUxuZ-KGsU.mp4: frames=245 tags=4
2026-03-07 17:23:21,485 | INFO | Selected 32 frames for question PzUxuZ-KGsU_1: [180, 510, 540, 600, 810, 960, 1470, 1560, 1740, 1770, 1800, 2430, 3780, 3810, 3840, 4080, 4560, 4710, 4800, 4830, 4860, 4980, 5040, 5070, 5100, 5130, 5160, 5190, 5220, 5250, 5430, 6060]
2026-03-07 17:23:21,485 | INFO | Selecting frames for question ZoUsR8t8IxE_1 on video ZoUsR8t8IxE.mp4: frames=394 tags=4
2026-03-07 17:23:23,372 | INFO | Selected 32 frames for question ZoUsR8t8IxE_1: [75, 625, 700, 5150, 5200, 5525, 5550, 5575, 5700, 5725, 5825, 5875, 5925, 6000, 6050, 6125, 6175, 6200, 6225, 6250, 6275, 6300, 6425, 8375, 8850, 8925, 9025, 9075, 9100, 9125, 9200, 9250]
2026-03-07 17:23:23,372 | INFO | Selecting frames for question Oht0i1DACcA_1 on video Oht0i1DACcA.mp4: frames=238 tags=4
2026-03-07 17:23:24,095 | INFO | Selected 32 frames for question Oht0i1DACcA_1: [359, 659, 1228, 1258, 1948, 2067, 2097, 2127, 2157, 2187, 2217, 2697, 2727, 2757, 3626, 4825, 5004, 5544, 5604, 5784, 5814, 5844, 6023, 6113, 6143, 6173, 6413, 6443, 6533, 6563, 6593, 6623]
2026-03-07 17:23:24,098 | INFO | Selecting frames for question 0oALTLKRWBA_1 on video 0oALTLKRWBA.mp4: frames=407 tags=4
2026-03-07 17:23:25,749 | INFO | Selected 32 frames for question 0oALTLKRWBA_1: [30, 450, 600, 1110, 1380, 1470, 1500, 1530, 1590, 1620, 1890, 3570, 3810, 4110, 4230, 4320, 5760, 5820, 6120, 6720, 7890, 8580, 8700, 8820, 9060, 9390, 9600, 10110, 10740, 11490, 11820, 11880]
2026-03-07 17:23:25,749 | INFO | Selecting frames for question pFtKaT3GF9I_1 on video pFtKaT3GF9I.mp4: frames=524 tags=4
2026-03-07 17:23:28,584 | INFO | Selected 32 frames for question pFtKaT3GF9I_1: [1948, 1978, 2007, 3386, 3416, 3446, 3716, 3806, 4285, 5064, 5094, 6623, 8931, 8961, 8991, 9230, 9890, 11418, 11448, 11628, 13876, 13906, 15134, 15164, 15194, 15224, 15254, 15344, 15524, 15554, 15584, 15614]
2026-03-07 17:23:28,584 | INFO | Selecting frames for question Efuyl2Anehg_1 on video Efuyl2Anehg.mp4: frames=511 tags=4
2026-03-07 17:23:31,207 | INFO | Selected 32 frames for question Efuyl2Anehg_1: [0, 23, 47, 71, 95, 119, 143, 167, 191, 215, 239, 263, 287, 311, 335, 359, 383, 407, 479, 503, 527, 551, 575, 623, 695, 719, 767, 1942, 1990, 2877, 6089, 8319]
2026-03-07 17:23:31,208 | INFO | Selecting frames for question 0WEnmqVVbHo_1 on video 0WEnmqVVbHo.mp4: frames=479 tags=4
2026-03-07 17:23:33,459 | INFO | Selected 32 frames for question 0WEnmqVVbHo_1: [2247, 3356, 3446, 3866, 6743, 7072, 7102, 7342, 7372, 7402, 7432, 7522, 7852, 7882, 7942, 7972, 8001, 8211, 8301, 8331, 8361, 8391, 8421, 8451, 8481, 8511, 8541, 8691, 8781, 13276, 13306, 13516]
2026-03-07 17:23:33,460 | INFO | Selecting frames for question q3FAxTSENEw_0 on video q3FAxTSENEw.mp4: frames=416 tags=4
2026-03-07 17:23:35,196 | INFO | Selected 32 frames for question q3FAxTSENEw_0: [2040, 2070, 2100, 2130, 2160, 2190, 2220, 11070, 11100, 11130, 11160, 11190, 11430, 11460, 11490, 11520, 11550, 11580, 11610, 11640, 11670, 11700, 11730, 11760, 11790, 11820, 11850, 11880, 11910, 11940, 11970, 12450]
2026-03-07 17:23:35,196 | INFO | Selecting frames for question q3FAxTSENEw_1 on video q3FAxTSENEw.mp4: frames=416 tags=4
2026-03-07 17:23:37,334 | INFO | Selected 32 frames for question q3FAxTSENEw_1: [1890, 1920, 1950, 1980, 2010, 2040, 2070, 2100, 2130, 2160, 2190, 2220, 11430, 11460, 11490, 11520, 11550, 11580, 11610, 11640, 11670, 11700, 11730, 11760, 11790, 11820, 11850, 11880, 11910, 11940, 11970, 12450]
2026-03-07 17:23:37,335 | INFO | Selecting frames for question T57jVsvVVR0_1 on video T57jVsvVVR0.mp4: frames=263 tags=4
2026-03-07 17:23:38,223 | INFO | Selected 32 frames for question T57jVsvVVR0_1: [1925, 2175, 2200, 2225, 2250, 2275, 2300, 2325, 2425, 3575, 3600, 3625, 3650, 3675, 3700, 3725, 3750, 3775, 3800, 3850, 3900, 3925, 3950, 4000, 4025, 4100, 4125, 4300, 4325, 4350, 4375, 4400]
2026-03-07 17:23:38,224 | INFO | Selecting frames for question qyaQ-wfojbM_0 on video qyaQ-wfojbM.mp4: frames=198 tags=4
2026-03-07 17:23:38,596 | INFO | Selected 32 frames for question qyaQ-wfojbM_0: [503, 599, 743, 767, 1030, 1126, 1150, 1318, 1582, 1630, 2109, 2157, 2229, 2277, 2373, 2397, 2421, 2445, 2589, 2781, 2829, 2877, 3020, 3044, 3164, 3188, 3692, 4267, 4363, 4387, 4411, 4435]
2026-03-07 17:23:38,596 | INFO | Selecting frames for question qyaQ-wfojbM_1 on video qyaQ-wfojbM.mp4: frames=198 tags=4
2026-03-07 17:23:38,956 | INFO | Selected 32 frames for question qyaQ-wfojbM_1: [0, 47, 71, 503, 1150, 1318, 1582, 1990, 2085, 2157, 2373, 2397, 2445, 2589, 2853, 2877, 2901, 2925, 2973, 2997, 3020, 3044, 3164, 3188, 3500, 3692, 3956, 4267, 4363, 4387, 4411, 4435]
2026-03-07 17:23:38,957 | INFO | Selecting frames for question DRIpznER-VQ_1 on video DRIpznER-VQ.mp4: frames=308 tags=4
2026-03-07 17:23:39,925 | INFO | Selected 32 frames for question DRIpznER-VQ_1: [1414, 1438, 1462, 1486, 1510, 1534, 1558, 1582, 1606, 1630, 1654, 1678, 1750, 1774, 1870, 1894, 1918, 1942, 1966, 1990, 2013, 2037, 2541, 2565, 2589, 2613, 2637, 2661, 2685, 4291, 4315, 4339]
2026-03-07 17:23:39,926 | INFO | Selecting frames for question gtX_oRpLClY_1 on video gtX_oRpLClY.mp4: frames=236 tags=4
2026-03-07 17:23:40,561 | INFO | Selected 32 frames for question gtX_oRpLClY_1: [330, 360, 390, 780, 810, 840, 1050, 1680, 1890, 1920, 1950, 1980, 2010, 2040, 2700, 2910, 3810, 3930, 3960, 3990, 4740, 5430, 5760, 5790, 6030, 6300, 6330, 6360, 6570, 6630, 6810, 6840]
2026-03-07 17:23:40,562 | INFO | Selecting frames for question D0RyFh0hnkQ_1 on video D0RyFh0hnkQ.mp4: frames=521 tags=4
2026-03-07 17:23:43,826 | INFO | Selected 32 frames for question D0RyFh0hnkQ_1: [10775, 10800, 10825, 10850, 10875, 10900, 10925, 10950, 10975, 11000, 11025, 11050, 11075, 11100, 11150, 11175, 11200, 11225, 11250, 11275, 11300, 11350, 11375, 11925, 11950, 11975, 12000, 12025, 12050, 12075, 12100, 12125]
2026-03-07 17:23:43,826 | INFO | Selecting frames for question yl-6-Yzt--A_1 on video yl-6-Yzt--A.mp4: frames=349 tags=4
2026-03-07 17:23:45,292 | INFO | Selected 32 frames for question yl-6-Yzt--A_1: [509, 539, 569, 599, 659, 1168, 1198, 1228, 1258, 1288, 1318, 1348, 2847, 3626, 3686, 3716, 3746, 3776, 3806, 3866, 4795, 6263, 6293, 6323, 6353, 6383, 6413, 8001, 8031, 8061, 8091, 8121]
2026-03-07 17:23:45,293 | INFO | Selecting frames for question 2Uh_KNmsoqI_0 on video 2Uh_KNmsoqI.mp4: frames=17 tags=4
2026-03-07 17:23:45,293 | INFO | Selected 17 frames for question 2Uh_KNmsoqI_0: [0, 29, 59, 89, 119, 149, 179, 209, 239, 269, 299, 329, 359, 389, 419, 449, 479]
2026-03-07 17:23:45,293 | INFO | Selecting frames for question xSzXFQPldJg_0 on video xSzXFQPldJg.mp4: frames=51 tags=4
2026-03-07 17:23:45,316 | INFO | Selected 32 frames for question xSzXFQPldJg_0: [0, 24, 48, 96, 120, 144, 168, 192, 288, 312, 336, 360, 384, 408, 432, 456, 480, 504, 864, 888, 912, 936, 960, 984, 1008, 1056, 1080, 1104, 1128, 1152, 1176, 1200]
2026-03-07 17:23:45,316 | INFO | Selecting frames for question HPunfsyjETs_0 on video HPunfsyjETs.mp4: frames=19 tags=4
2026-03-07 17:23:45,316 | INFO | Selected 19 frames for question HPunfsyjETs_0: [0, 23, 47, 71, 95, 119, 143, 167, 191, 215, 239, 263, 287, 311, 335, 359, 383, 407, 431]
2026-03-07 17:23:45,317 | INFO | Selecting frames for question GdZYLAI0vpc_0 on video GdZYLAI0vpc.mp4: frames=24 tags=4
2026-03-07 17:23:45,317 | INFO | Selected 24 frames for question GdZYLAI0vpc_0: [0, 30, 60, 90, 120, 150, 180, 210, 240, 270, 300, 330, 360, 390, 420, 450, 480, 510, 540, 570, 600, 630, 660, 690]
2026-03-07 17:23:45,317 | INFO | Selecting frames for question mHccnoh9f5w_0 on video mHccnoh9f5w.mp4: frames=8 tags=4
2026-03-07 17:23:45,317 | INFO | Selected 8 frames for question mHccnoh9f5w_0: [0, 29, 59, 89, 119, 149, 179, 209]
2026-03-07 17:23:45,317 | INFO | Selecting frames for question Q4GK4asczVA_0 on video Q4GK4asczVA.mp4: frames=11 tags=4
2026-03-07 17:23:45,317 | INFO | Selected 11 frames for question Q4GK4asczVA_0: [0, 29, 59, 89, 119, 149, 179, 209, 239, 269, 299]
2026-03-07 17:23:45,318 | INFO | Selecting frames for question mFliMGufpwc_0 on video mFliMGufpwc.mp4: frames=1987 tags=4
2026-03-07 17:24:32,121 | INFO | Selected 32 frames for question mFliMGufpwc_0: [8490, 8520, 10860, 10890, 10920, 19620, 19650, 19680, 21360, 21390, 21420, 22470, 24210, 24240, 24270, 24300, 30600, 30690, 31200, 31260, 31470, 31500, 31530, 32550, 33450, 40620, 47580, 47610, 47640, 47880, 47910, 56460]
2026-03-07 17:24:32,122 | INFO | Selecting frames for question mFliMGufpwc_1 on video mFliMGufpwc.mp4: frames=1987 tags=4
2026-03-07 17:25:16,314 | INFO | Selected 32 frames for question mFliMGufpwc_1: [1260, 2280, 2490, 2790, 2820, 2850, 2880, 4050, 4080, 4680, 4710, 5460, 5790, 5820, 8040, 8700, 8910, 9090, 9540, 9630, 9660, 9870, 9900, 12120, 12150, 14280, 21990, 22020, 22110, 22140, 23160, 23190]
2026-03-07 17:25:16,316 | INFO | Selecting frames for question mFliMGufpwc_2 on video mFliMGufpwc.mp4: frames=1987 tags=4
2026-03-07 17:26:03,146 | INFO | Selected 32 frames for question mFliMGufpwc_2: [1860, 2220, 2460, 9870, 9900, 12660, 12690, 14040, 14070, 14100, 14940, 23160, 23190, 23520, 23880, 23910, 23940, 34110, 34230, 40500, 40530, 40920, 40950, 44640, 48300, 48330, 48360, 50520, 51390, 52260, 53550, 55440]
2026-03-07 17:26:03,146 | INFO | Selecting frames for question NpYUxd1vUUE_0 on video NpYUxd1vUUE.mp4: frames=913 tags=4
2026-03-07 17:26:11,788 | INFO | Selected 32 frames for question NpYUxd1vUUE_0: [0, 30, 240, 570, 2520, 5760, 5790, 6180, 7050, 7560, 7800, 9960, 11940, 14010, 14250, 14340, 15000, 15960, 18900, 19680, 19740, 19890, 19920, 19950, 20040, 20760, 21900, 21930, 22410, 22440, 23790, 26130]
2026-03-07 17:26:11,789 | INFO | Selecting frames for question NpYUxd1vUUE_1 on video NpYUxd1vUUE.mp4: frames=913 tags=4
2026-03-07 17:26:23,001 | INFO | Selected 32 frames for question NpYUxd1vUUE_1: [0, 30, 240, 570, 600, 2520, 3480, 5760, 5790, 7560, 7800, 9960, 11940, 12600, 14010, 14250, 14280, 15930, 15960, 17400, 18900, 19740, 19890, 19950, 21900, 22410, 22440, 22950, 23790, 24960, 25320, 26070]
2026-03-07 17:26:23,001 | INFO | Selecting frames for question NpYUxd1vUUE_2 on video NpYUxd1vUUE.mp4: frames=913 tags=4
2026-03-07 17:26:34,120 | INFO | Selected 32 frames for question NpYUxd1vUUE_2: [0, 30, 240, 570, 2520, 5760, 5790, 6180, 7050, 7560, 7800, 9960, 11940, 14010, 14250, 14340, 15000, 15960, 18900, 19680, 19740, 19890, 19920, 19950, 20040, 20760, 21900, 21930, 22410, 22440, 23790, 26130]
2026-03-07 17:26:34,121 | INFO | Selecting frames for question HeRS3nwySI8_0 on video HeRS3nwySI8.mp4: frames=974 tags=4
2026-03-07 17:26:44,926 | INFO | Selected 32 frames for question HeRS3nwySI8_0: [1230, 3240, 3270, 4830, 9870, 10020, 10050, 10380, 16500, 16620, 16800, 16830, 17610, 17970, 19200, 19230, 22200, 22470, 24270, 25950, 25980, 26010, 26040, 26910, 26970, 27000, 27540, 27810, 27960, 27990, 28020, 28050]
2026-03-07 17:26:44,926 | INFO | Selecting frames for question HeRS3nwySI8_1 on video HeRS3nwySI8.mp4: frames=974 tags=4
2026-03-07 17:26:55,061 | INFO | Selected 32 frames for question HeRS3nwySI8_1: [3120, 3840, 4230, 4260, 4500, 4530, 4560, 4920, 5730, 5790, 5820, 5850, 5880, 5910, 6120, 6150, 6180, 6210, 7740, 8400, 10200, 11430, 14340, 15720, 15750, 16620, 16710, 18810, 18840, 18870, 18990, 19290]
2026-03-07 17:26:55,063 | INFO | Selecting frames for question HeRS3nwySI8_2 on video HeRS3nwySI8.mp4: frames=974 tags=4
2026-03-07 17:27:07,099 | INFO | Selected 32 frames for question HeRS3nwySI8_2: [8010, 8310, 9810, 16500, 16530, 17010, 17040, 18660, 19380, 19410, 19440, 19470, 19590, 20070, 21060, 21660, 21690, 22110, 22410, 22470, 23160, 23400, 23430, 26910, 26940, 26970, 27000, 27510, 27540, 27570, 27900, 28470]
2026-03-07 17:27:07,101 | INFO | Selecting frames for question 3u__SZlBLC0_0 on video 3u__SZlBLC0.mp4: frames=1835 tags=4
2026-03-07 17:27:48,105 | INFO | Selected 32 frames for question 3u__SZlBLC0_0: [17490, 17520, 17550, 17580, 17610, 17640, 17790, 17820, 17850, 18120, 18150, 18180, 20040, 20070, 20310, 20340, 20370, 40230, 40260, 40290, 40380, 40410, 40440, 40650, 40680, 40710, 41280, 41580, 41610, 41640, 42030, 42450]
2026-03-07 17:27:48,106 | INFO | Selecting frames for question 3u__SZlBLC0_1 on video 3u__SZlBLC0.mp4: frames=1835 tags=4
2026-03-07 17:28:27,595 | INFO | Selected 32 frames for question 3u__SZlBLC0_1: [1260, 1290, 6690, 7020, 7590, 16860, 16890, 16920, 20040, 35100, 35130, 35160, 35250, 40230, 40680, 40710, 41250, 41280, 41610, 41640, 42030, 42090, 42480, 42510, 45900, 45930, 50730, 50820, 51030, 51060, 51330, 51360]
2026-03-07 17:28:27,596 | INFO | Selecting frames for question 3u__SZlBLC0_2 on video 3u__SZlBLC0.mp4: frames=1835 tags=4
2026-03-07 17:29:07,445 | INFO | Selected 32 frames for question 3u__SZlBLC0_2: [3840, 3870, 5490, 8250, 9750, 9780, 10380, 13320, 17190, 17220, 17250, 23610, 23850, 23910, 24360, 24930, 25830, 30600, 31500, 31530, 34410, 34590, 34620, 42570, 45960, 45990, 46020, 46290, 46320, 46350, 46410, 46890]
2026-03-07 17:29:07,446 | INFO | Selecting frames for question yz3lOAe32Tw_0 on video yz3lOAe32Tw.mp4: frames=1115 tags=4
2026-03-07 17:29:21,037 | INFO | Selected 32 frames for question yz3lOAe32Tw_0: [671, 719, 743, 1534, 1558, 3092, 3356, 3380, 3404, 3428, 3452, 3476, 3500, 3524, 3548, 4411, 4507, 8007, 8583, 8607, 12515, 17526, 17622, 17814, 18173, 18197, 18221, 18245, 18269, 19876, 19900, 23448]
2026-03-07 17:29:21,038 | INFO | Selecting frames for question yz3lOAe32Tw_1 on video yz3lOAe32Tw.mp4: frames=1115 tags=4
2026-03-07 17:29:35,211 | INFO | Selected 32 frames for question yz3lOAe32Tw_1: [719, 743, 1534, 1558, 2445, 2469, 3020, 3380, 3404, 3428, 3452, 3476, 3500, 3524, 3620, 4411, 4483, 4531, 17622, 17646, 17670, 17838, 17958, 17982, 18005, 18029, 18245, 18269, 18293, 19852, 19876, 19900]
2026-03-07 17:29:35,212 | INFO | Selecting frames for question yz3lOAe32Tw_2 on video yz3lOAe32Tw.mp4: frames=1115 tags=4
2026-03-07 17:29:50,712 | INFO | Selected 32 frames for question yz3lOAe32Tw_2: [1414, 3068, 6233, 6257, 9206, 9230, 12443, 14409, 14433, 14457, 14481, 14553, 17598, 17742, 17766, 17790, 17814, 17862, 18005, 18029, 18245, 18269, 18317, 22561, 22609, 22633, 22657, 22993, 23256, 23448, 25774, 26133]
2026-03-07 17:29:50,713 | INFO | Selecting frames for question YcbKamVxDzI_0 on video YcbKamVxDzI.mp4: frames=1050 tags=4
2026-03-07 17:30:04,515 | INFO | Selected 32 frames for question YcbKamVxDzI_0: [1050, 5970, 8880, 8910, 8940, 8970, 9000, 11130, 11280, 11310, 11340, 12780, 13200, 16140, 16350, 16380, 16410, 16950, 16980, 18840, 18870, 18900, 18930, 18990, 20700, 20760, 20790, 26970, 27000, 27360, 29160, 29190]
2026-03-07 17:30:04,515 | INFO | Selecting frames for question YcbKamVxDzI_1 on video YcbKamVxDzI.mp4: frames=1050 tags=4
2026-03-07 17:30:16,841 | INFO | Selected 32 frames for question YcbKamVxDzI_1: [7830, 7860, 8010, 8040, 8070, 8100, 8880, 14880, 16140, 16170, 16350, 16380, 16410, 16920, 16950, 16980, 18780, 18840, 18900, 18930, 18960, 18990, 19020, 19620, 19650, 19680, 20310, 20340, 20700, 20760, 20790, 27810]
2026-03-07 17:30:16,842 | INFO | Selecting frames for question YcbKamVxDzI_2 on video YcbKamVxDzI.mp4: frames=1050 tags=4
2026-03-07 17:30:29,677 | INFO | Selected 32 frames for question YcbKamVxDzI_2: [1050, 1080, 3720, 3780, 4350, 5820, 5970, 6060, 6420, 6840, 7170, 13560, 13590, 13620, 13650, 15870, 15900, 17010, 17280, 23730, 23760, 23850, 25110, 26190, 26940, 29070, 29850, 29880, 30120, 30300, 30330, 30780]
2026-03-07 17:30:29,677 | INFO | Selecting frames for question 5dJUUQufzw4_0 on video 5dJUUQufzw4.mp4: frames=1193 tags=4
2026-03-07 17:30:45,424 | INFO | Selected 32 frames for question 5dJUUQufzw4_0: [0, 119, 149, 419, 449, 539, 5484, 5514, 5544, 5934, 9410, 16003, 21938, 23826, 23856, 24575, 24635, 25684, 27722, 27872, 27902, 29160, 29190, 29220, 29970, 31738, 31978, 32007, 32037, 35214, 35244, 35484]
2026-03-07 17:30:45,425 | INFO | Selecting frames for question 5dJUUQufzw4_1 on video 5dJUUQufzw4.mp4: frames=1193 tags=4
2026-03-07 17:31:02,250 | INFO | Selected 32 frames for question 5dJUUQufzw4_1: [629, 2397, 2667, 2697, 2817, 3026, 3086, 3116, 5514, 6263, 6413, 6533, 6683, 6713, 6923, 7612, 7942, 9140, 9260, 9290, 14745, 15404, 15614, 15644, 16093, 18191, 18221, 19750, 19780, 20379, 30839, 35154]
2026-03-07 17:31:02,252 | INFO | Selecting frames for question 5dJUUQufzw4_2 on video 5dJUUQufzw4.mp4: frames=1193 tags=4
2026-03-07 17:31:19,723 | INFO | Selected 32 frames for question 5dJUUQufzw4_2: [779, 5724, 6413, 6773, 6803, 15404, 15614, 15644, 15674, 15704, 16063, 16093, 17592, 17652, 17682, 18191, 19300, 19330, 19660, 19750, 19780, 23316, 23346, 23376, 23826, 32037, 35154, 35274, 35304, 35334, 35394, 35424]
2026-03-07 17:31:19,724 | INFO | Selecting frames for question bXRuqcmTIuk_0 on video bXRuqcmTIuk.mp4: frames=963 tags=4
2026-03-07 17:31:29,096 | INFO | Selected 32 frames for question bXRuqcmTIuk_0: [990, 1020, 1050, 1410, 1440, 1470, 1680, 1710, 7710, 7740, 7860, 7890, 9360, 15300, 18030, 19380, 19410, 19440, 21060, 21090, 22230, 22470, 22620, 22710, 23340, 24810, 25260, 26400, 26430, 26460, 26490, 28350]
2026-03-07 17:31:29,096 | INFO | Selecting frames for question bXRuqcmTIuk_1 on video bXRuqcmTIuk.mp4: frames=963 tags=4
2026-03-07 17:31:40,296 | INFO | Selected 32 frames for question bXRuqcmTIuk_1: [2610, 2640, 10140, 10230, 10260, 10290, 10320, 10410, 11190, 11220, 11370, 11790, 11940, 13590, 13620, 13650, 13740, 13800, 13830, 17430, 21000, 21060, 21090, 21570, 22080, 22590, 22770, 22800, 23580, 26820, 27150, 27180]
2026-03-07 17:31:40,297 | INFO | Selecting frames for question bXRuqcmTIuk_2 on video bXRuqcmTIuk.mp4: frames=963 tags=4
2026-03-07 17:31:51,149 | INFO | Selected 32 frames for question bXRuqcmTIuk_2: [1710, 9090, 9120, 9360, 11370, 12630, 12720, 12780, 13170, 13200, 18000, 18030, 19320, 19380, 19800, 19830, 19950, 19980, 21780, 21840, 22170, 22200, 22230, 22740, 22950, 22980, 24210, 26190, 27090, 27120, 28350, 28650]
2026-03-07 17:31:51,149 | INFO | Selecting frames for question O471uwTNx6k_0 on video O471uwTNx6k.mp4: frames=959 tags=4
2026-03-07 17:32:02,106 | INFO | Selected 32 frames for question O471uwTNx6k_0: [2160, 2190, 2310, 2340, 2370, 2550, 2670, 2760, 2820, 2850, 2940, 3030, 3150, 3180, 3270, 3300, 3390, 5220, 5370, 7140, 11610, 11940, 13980, 14160, 21480, 24780, 25500, 25530, 25560, 25590, 26010, 28470]
2026-03-07 17:32:02,107 | INFO | Selecting frames for question O471uwTNx6k_1 on video O471uwTNx6k.mp4: frames=959 tags=4
2026-03-07 17:32:13,930 | INFO | Selected 32 frames for question O471uwTNx6k_1: [1350, 1380, 1410, 1560, 1620, 1770, 1800, 1950, 3240, 4860, 4890, 4920, 4950, 4980, 5670, 5700, 8640, 9420, 9450, 15450, 15480, 15510, 15810, 16680, 16710, 16770, 16800, 16980, 18570, 26430, 26460, 26490]
2026-03-07 17:32:13,931 | INFO | Selecting frames for question O471uwTNx6k_2 on video O471uwTNx6k.mp4: frames=959 tags=4
2026-03-07 17:32:24,846 | INFO | Selected 32 frames for question O471uwTNx6k_2: [2400, 2640, 2730, 13170, 13290, 13410, 13500, 13530, 13770, 13800, 13830, 13860, 14040, 14190, 17460, 17490, 17670, 17910, 18300, 18330, 21810, 22020, 23130, 23160, 23190, 23550, 24120, 24780, 25770, 25800, 25830, 27960]
2026-03-07 17:32:24,847 | INFO | Selecting frames for question fO7nwCix8xU_0 on video fO7nwCix8xU.mp4: frames=1132 tags=4
2026-03-07 17:32:38,665 | INFO | Selected 32 frames for question fO7nwCix8xU_0: [1858, 2067, 2757, 2787, 2817, 2847, 2877, 13936, 13966, 13996, 14715, 14745, 15044, 15074, 15104, 15134, 15164, 15704, 15734, 15764, 15794, 20829, 32487, 32517, 32547, 32727, 32757, 32787, 32817, 32847, 32877, 32907]
2026-03-07 17:32:38,666 | INFO | Selecting frames for question fO7nwCix8xU_1 on video fO7nwCix8xU.mp4: frames=1132 tags=4
2026-03-07 17:32:54,827 | INFO | Selected 32 frames for question fO7nwCix8xU_1: [3176, 15944, 16003, 16033, 16213, 16693, 16723, 16753, 16783, 19060, 19810, 19840, 19870, 19900, 19930, 19960, 19990, 20019, 20049, 20079, 20109, 20139, 20169, 33266, 33296, 33326, 33356, 33416, 33446, 33476, 33506, 33596]
2026-03-07 17:32:54,828 | INFO | Selecting frames for question fO7nwCix8xU_2 on video fO7nwCix8xU.mp4: frames=1132 tags=4
2026-03-07 17:33:08,407 | INFO | Selected 32 frames for question fO7nwCix8xU_2: [5844, 25534, 25594, 25624, 25654, 25684, 25774, 25864, 25894, 25924, 25954, 25984, 26013, 26043, 26073, 26463, 26493, 26523, 26553, 26583, 26643, 26673, 26703, 26733, 26763, 26823, 26883, 26913, 27002, 27392, 27422, 28291]
2026-03-07 17:33:08,408 | INFO | Selecting frames for question X5v4nBo5y28_0 on video X5v4nBo5y28.mp4: frames=1206 tags=4
2026-03-07 17:33:24,709 | INFO | Selected 32 frames for question X5v4nBo5y28_0: [5004, 5574, 5604, 6293, 7342, 9830, 9860, 10099, 13726, 15104, 18671, 20259, 20289, 20349, 24605, 27602, 29940, 30989, 31888, 31978, 32067, 32157, 32247, 32277, 32307, 33176, 34045, 34135, 34165, 34315, 34585, 35094]
2026-03-07 17:33:24,709 | INFO | Selecting frames for question X5v4nBo5y28_1 on video X5v4nBo5y28.mp4: frames=1206 tags=4
2026-03-07 17:33:39,918 | INFO | Selected 32 frames for question X5v4nBo5y28_1: [1408, 5124, 5154, 5244, 13696, 13906, 25684, 26343, 26373, 26403, 26433, 26463, 27572, 27842, 28231, 28261, 28981, 29040, 29130, 30059, 30089, 30869, 30899, 31198, 31228, 32907, 32937, 33476, 33596, 33626, 33656, 34105]
2026-03-07 17:33:39,919 | INFO | Selecting frames for question X5v4nBo5y28_2 on video X5v4nBo5y28.mp4: frames=1206 tags=4
2026-03-07 17:33:54,014 | INFO | Selected 32 frames for question X5v4nBo5y28_2: [2397, 2427, 2937, 3266, 3326, 3446, 3476, 3566, 3596, 4705, 5004, 6923, 12767, 13336, 13636, 13906, 16903, 17712, 17742, 17772, 18611, 19600, 19630, 23916, 24605, 25024, 25774, 28711, 30059, 31858, 33056, 35544]
2026-03-07 17:33:54,015 | INFO | Selecting frames for question MvgJAD6tZXo_0 on video MvgJAD6tZXo.mp4: frames=1037 tags=4
2026-03-07 17:34:05,936 | INFO | Selected 32 frames for question MvgJAD6tZXo_0: [2133, 2157, 2253, 2277, 2373, 2397, 2421, 2613, 2637, 2685, 2901, 3236, 4219, 4267, 4315, 4603, 5106, 5130, 6809, 7888, 7960, 8919, 8943, 8967, 14721, 18917, 21074, 23784, 23808, 24071, 24095, 24119]
2026-03-07 17:34:05,936 | INFO | Selecting frames for question MvgJAD6tZXo_1 on video MvgJAD6tZXo.mp4: frames=1037 tags=4
2026-03-07 17:34:17,220 | INFO | Selected 32 frames for question MvgJAD6tZXo_1: [311, 383, 407, 2253, 2421, 5970, 6041, 6065, 6089, 6113, 6137, 6209, 6233, 6257, 6281, 6305, 6329, 6377, 6665, 7432, 7456, 10021, 15992, 16015, 16111, 16135, 16207, 16231, 16255, 16687, 18917, 18941]
2026-03-07 17:34:17,221 | INFO | Selecting frames for question MvgJAD6tZXo_2 on video MvgJAD6tZXo.mp4: frames=1037 tags=4
2026-03-07 17:34:28,034 | INFO | Selected 32 frames for question MvgJAD6tZXo_2: [1102, 1126, 1150, 1318, 1342, 1366, 1390, 1414, 1438, 1462, 5514, 5538, 18269, 18293, 18317, 18341, 18437, 18461, 18701, 18773, 22321, 22465, 22561, 22849, 22873, 22897, 23328, 23352, 23376, 23400, 23424, 23448]
2026-03-07 17:34:28,035 | INFO | Selecting frames for question HQns-h_82qU_0 on video HQns-h_82qU.mp4: frames=1333 tags=4
2026-03-07 17:34:46,890 | INFO | Selected 32 frames for question HQns-h_82qU_0: [1438, 1468, 1528, 1888, 1918, 6473, 6503, 17202, 17232, 17442, 26253, 28111, 28141, 30000, 30029, 30059, 30089, 30479, 30539, 30629, 30689, 30959, 30989, 31048, 31258, 31288, 35214, 35424, 35454, 35544, 37882, 38031]
2026-03-07 17:34:46,890 | INFO | Selecting frames for question HQns-h_82qU_1 on video HQns-h_82qU.mp4: frames=1333 tags=4
2026-03-07 17:35:05,430 | INFO | Selected 32 frames for question HQns-h_82qU_1: [689, 719, 749, 809, 4585, 6113, 6143, 9650, 10009, 13726, 15854, 16873, 17262, 17322, 17592, 19300, 25144, 25384, 25744, 25774, 25804, 26763, 29700, 29850, 31498, 32217, 32667, 35334, 35394, 36263, 38961, 38991]
2026-03-07 17:35:05,431 | INFO | Selecting frames for question HQns-h_82qU_2 on video HQns-h_82qU.mp4: frames=1333 tags=4
2026-03-07 17:35:25,658 | INFO | Selected 32 frames for question HQns-h_82qU_2: [1258, 1288, 1618, 1798, 5004, 9500, 10189, 16783, 17322, 17682, 17712, 19150, 24005, 24035, 24125, 24155, 25174, 27782, 28651, 30689, 30749, 31228, 31678, 31708, 32547, 32577, 33566, 33596, 33956, 37492, 39440, 39470]
2026-03-07 17:35:25,659 | INFO | Selecting frames for question O3Hwh0uv8Mg_0 on video O3Hwh0uv8Mg.mp4: frames=1149 tags=4
2026-03-07 17:35:40,458 | INFO | Selected 32 frames for question O3Hwh0uv8Mg_0: [0, 30, 240, 270, 330, 480, 570, 600, 2310, 3930, 6180, 7020, 7260, 7380, 9480, 9900, 13680, 13710, 22740, 22770, 23250, 26220, 26280, 26550, 28530, 32370, 33480, 34320, 34350, 34380, 34410, 34440]
2026-03-07 17:35:40,459 | INFO | Selecting frames for question O3Hwh0uv8Mg_1 on video O3Hwh0uv8Mg.mp4: frames=1149 tags=4
2026-03-07 17:35:53,670 | INFO | Selected 32 frames for question O3Hwh0uv8Mg_1: [1650, 1980, 2010, 2880, 2940, 3120, 5040, 5310, 5370, 6210, 9690, 11550, 13890, 15540, 19770, 19890, 19920, 20280, 20310, 20340, 20700, 20730, 21690, 24480, 28830, 28860, 31500, 31560, 32310, 32340, 32400, 32940]
2026-03-07 17:35:53,671 | INFO | Selecting frames for question O3Hwh0uv8Mg_2 on video O3Hwh0uv8Mg.mp4: frames=1149 tags=4
2026-03-07 17:36:07,371 | INFO | Selected 32 frames for question O3Hwh0uv8Mg_2: [2490, 2520, 2880, 2910, 2940, 3480, 3510, 5310, 5370, 6510, 6960, 6990, 9090, 9180, 9510, 18570, 18600, 19080, 19770, 19890, 22230, 26940, 28860, 29040, 29070, 29100, 30600, 30720, 31050, 31080, 33330, 33720]
2026-03-07 17:36:07,372 | INFO | Selecting frames for question NSn78eNspwU_0 on video NSn78eNspwU.mp4: frames=990 tags=4
2026-03-07 17:36:17,406 | INFO | Selected 32 frames for question NSn78eNspwU_0: [925, 975, 1000, 1025, 1050, 1075, 1100, 7850, 7975, 17225, 17250, 17425, 17450, 18150, 18675, 19850, 19875, 19925, 19950, 19975, 20000, 20225, 20400, 20425, 21125, 21200, 21225, 21325, 23475, 23625, 24150, 24325]
2026-03-07 17:36:17,406 | INFO | Selecting frames for question NSn78eNspwU_1 on video NSn78eNspwU.mp4: frames=990 tags=4
2026-03-07 17:36:27,518 | INFO | Selected 32 frames for question NSn78eNspwU_1: [550, 925, 950, 975, 1000, 1025, 1050, 1075, 1100, 4600, 5750, 5775, 7825, 7850, 7975, 8025, 16950, 16975, 17425, 18250, 18675, 19850, 19875, 19950, 19975, 20000, 20425, 21125, 21825, 22825, 22850, 23625]
2026-03-07 17:36:27,518 | INFO | Selecting frames for question NSn78eNspwU_2 on video NSn78eNspwU.mp4: frames=990 tags=4
2026-03-07 17:36:37,480 | INFO | Selected 32 frames for question NSn78eNspwU_2: [925, 975, 1000, 1025, 1050, 1075, 1100, 7850, 7975, 17225, 17250, 17425, 17450, 18150, 18675, 19850, 19875, 19925, 19950, 19975, 20000, 20225, 20400, 20425, 21125, 21200, 21225, 21325, 23475, 23625, 24150, 24325]
2026-03-07 17:36:37,481 | INFO | Selecting frames for question 0ln2qdCR5lA_0 on video 0ln2qdCR5lA.mp4: frames=1358 tags=4
2026-03-07 17:36:56,625 | INFO | Selected 32 frames for question 0ln2qdCR5lA_0: [3884, 5562, 8511, 9542, 10069, 10093, 10117, 10429, 10453, 10573, 10693, 10717, 10789, 10813, 11676, 11892, 12059, 12083, 12803, 12827, 13234, 15464, 15488, 18677, 22105, 22129, 24839, 24863, 26157, 26205, 26229, 31456]
2026-03-07 17:36:56,626 | INFO | Selecting frames for question 0ln2qdCR5lA_1 on video 0ln2qdCR5lA.mp4: frames=1358 tags=4
2026-03-07 17:37:15,927 | INFO | Selected 32 frames for question 0ln2qdCR5lA_1: [911, 1798, 1894, 1918, 2061, 2085, 2133, 2157, 2181, 2637, 7384, 8631, 8655, 8799, 9182, 9206, 9230, 9590, 11604, 11628, 13594, 15368, 16783, 16807, 21602, 21626, 21794, 24023, 24047, 24071, 27548, 31312]
2026-03-07 17:37:15,927 | INFO | Selecting frames for question 0ln2qdCR5lA_2 on video 0ln2qdCR5lA.mp4: frames=1358 tags=4
2026-03-07 17:37:34,626 | INFO | Selected 32 frames for question 0ln2qdCR5lA_2: [911, 1102, 1366, 1462, 1534, 2133, 2157, 10069, 10453, 11652, 11676, 12059, 12275, 12323, 12491, 12539, 12563, 15440, 15608, 19060, 19084, 20571, 21362, 22057, 22081, 22105, 22225, 22369, 23232, 23496, 25534, 25558]
2026-03-07 17:37:34,627 | INFO | Selecting frames for question j6beJTHUT_c_0 on video j6beJTHUT_c.mp4: frames=918 tags=4
2026-03-07 17:37:43,454 | INFO | Selected 32 frames for question j6beJTHUT_c_0: [4740, 5220, 5850, 6330, 6600, 7440, 7500, 7590, 9780, 10590, 10740, 12270, 12300, 12360, 13350, 13410, 13800, 13860, 14040, 14160, 14670, 14850, 15960, 15990, 17820, 17850, 17880, 18780, 18930, 19110, 19350, 27150]
2026-03-07 17:37:43,455 | INFO | Selecting frames for question j6beJTHUT_c_1 on video j6beJTHUT_c.mp4: frames=918 tags=4
2026-03-07 17:37:53,074 | INFO | Selected 32 frames for question j6beJTHUT_c_1: [4350, 4380, 4410, 4440, 4740, 5160, 5190, 5250, 5760, 5850, 10770, 10800, 11250, 11280, 12270, 12300, 12360, 12840, 12870, 12960, 13110, 13140, 13350, 13380, 14040, 14160, 14250, 15810, 15960, 17880, 19350, 20700]
2026-03-07 17:37:53,075 | INFO | Selecting frames for question j6beJTHUT_c_2 on video j6beJTHUT_c.mp4: frames=918 tags=4
2026-03-07 17:38:01,105 | INFO | Selected 32 frames for question j6beJTHUT_c_2: [30, 60, 120, 180, 480, 510, 540, 570, 7590, 15420, 15600, 15630, 15690, 16050, 16080, 16110, 16140, 16230, 16260, 16290, 16320, 18300, 20460, 20670, 20700, 21120, 22200, 24450, 25740, 25890, 26040, 26070]
2026-03-07 17:38:01,106 | INFO | Selecting frames for question TxS1JnfuG34_0 on video TxS1JnfuG34.mp4: frames=1217 tags=4
2026-03-07 17:38:16,957 | INFO | Selected 32 frames for question TxS1JnfuG34_0: [3926, 3956, 3986, 5214, 5304, 5394, 5424, 5454, 7972, 9110, 9740, 9770, 9800, 9920, 9950, 10549, 12287, 12317, 12497, 13456, 13546, 15374, 15404, 21518, 21668, 21698, 21878, 27212, 33266, 33866, 35034, 35064]
2026-03-07 17:38:16,957 | INFO | Selecting frames for question TxS1JnfuG34_1 on video TxS1JnfuG34.mp4: frames=1217 tags=4
2026-03-07 17:38:35,487 | INFO | Selected 32 frames for question TxS1JnfuG34_1: [629, 929, 3236, 3536, 3566, 3776, 3806, 4885, 6413, 6983, 7012, 7252, 7612, 10099, 11688, 11718, 15974, 16183, 16213, 16813, 19360, 19420, 27212, 33236, 33386, 33416, 33446, 33626, 33656, 33866, 34015, 34105]
2026-03-07 17:38:35,488 | INFO | Selecting frames for question TxS1JnfuG34_2 on video TxS1JnfuG34.mp4: frames=1217 tags=4
2026-03-07 17:38:50,317 | INFO | Selected 32 frames for question TxS1JnfuG34_2: [1078, 19300, 19330, 19390, 19450, 22747, 23556, 24185, 24365, 24545, 24575, 26163, 26193, 26313, 26673, 28921, 28951, 29340, 29370, 29610, 29640, 29790, 29820, 29850, 29880, 30359, 30389, 30629, 31408, 31498, 32997, 33956]
2026-03-07 17:38:50,318 | INFO | Selecting frames for question d5JlCEDlHGE_0 on video d5JlCEDlHGE.mp4: frames=931 tags=4
2026-03-07 17:38:59,205 | INFO | Selected 32 frames for question d5JlCEDlHGE_0: [839, 7312, 7342, 7402, 7432, 7462, 7492, 7522, 7552, 7582, 7612, 8031, 8121, 8211, 8241, 8271, 8331, 8361, 8391, 8421, 8481, 11868, 12557, 13096, 13246, 13546, 13936, 13966, 13996, 22777, 25024, 26013]
2026-03-07 17:38:59,206 | INFO | Selecting frames for question d5JlCEDlHGE_1 on video d5JlCEDlHGE.mp4: frames=931 tags=4
2026-03-07 17:39:08,415 | INFO | Selected 32 frames for question d5JlCEDlHGE_1: [8121, 8181, 11778, 11808, 11898, 11928, 11958, 11988, 12527, 12557, 13156, 13186, 13216, 13516, 13546, 13636, 13846, 13876, 13906, 13936, 17082, 17682, 17712, 17742, 17892, 18521, 18551, 18581, 18641, 18761, 22207, 26013]
2026-03-07 17:39:08,415 | INFO | Selecting frames for question d5JlCEDlHGE_2 on video d5JlCEDlHGE.mp4: frames=931 tags=4
2026-03-07 17:39:17,463 | INFO | Selected 32 frames for question d5JlCEDlHGE_2: [599, 629, 839, 6173, 6953, 7162, 12767, 12797, 12827, 12947, 12977, 13006, 13306, 13336, 13366, 13966, 13996, 14235, 14265, 14295, 14385, 14415, 14475, 14595, 14625, 15914, 15944, 15974, 16003, 17322, 17352, 22747]
2026-03-07 17:39:17,463 | INFO | Selecting frames for question Y5833KeDmp4_0 on video Y5833KeDmp4.mp4: frames=9 tags=4
2026-03-07 17:39:17,463 | INFO | Selected 9 frames for question Y5833KeDmp4_0: [0, 29, 59, 89, 119, 149, 179, 209, 239]
2026-03-07 17:39:17,463 | INFO | Selecting frames for question e11Q4ThFu5A_0 on video e11Q4ThFu5A.mp4: frames=13 tags=4
2026-03-07 17:39:17,463 | INFO | Selected 13 frames for question e11Q4ThFu5A_0: [0, 29, 59, 89, 119, 149, 179, 209, 239, 269, 299, 329, 359]
2026-03-07 17:39:17,463 | INFO | Selecting frames for question GRPLynULvJY_0 on video GRPLynULvJY.mp4: frames=14 tags=4
2026-03-07 17:39:17,463 | INFO | Selected 14 frames for question GRPLynULvJY_0: [0, 23, 47, 71, 95, 119, 143, 167, 191, 215, 239, 263, 287, 311]
2026-03-07 17:39:17,463 | INFO | Selecting frames for question T1K4rgs-1b8_0 on video T1K4rgs-1b8.mp4: frames=12 tags=4
2026-03-07 17:39:17,463 | INFO | Selected 12 frames for question T1K4rgs-1b8_0: [0, 30, 60, 90, 120, 150, 180, 210, 240, 270, 300, 330]
2026-03-07 17:39:17,463 | INFO | Selecting frames for question 3zv9RkDPX14_0 on video 3zv9RkDPX14.mp4: frames=9 tags=4
2026-03-07 17:39:17,464 | INFO | Selected 9 frames for question 3zv9RkDPX14_0: [0, 29, 59, 89, 119, 149, 179, 209, 239]
2026-03-07 17:39:17,464 | INFO | Selecting frames for question uJgZo4KxoZw_0 on video uJgZo4KxoZw.mp4: frames=13 tags=4
2026-03-07 17:39:17,464 | INFO | Selected 13 frames for question uJgZo4KxoZw_0: [0, 23, 47, 71, 95, 119, 143, 167, 191, 215, 239, 263, 287]
2026-03-07 17:39:17,464 | INFO | Selecting frames for question oddHY1vwcjo_0 on video oddHY1vwcjo.mp4: frames=13 tags=4
2026-03-07 17:39:17,464 | INFO | Selected 13 frames for question oddHY1vwcjo_0: [0, 23, 47, 71, 95, 119, 143, 167, 191, 215, 239, 263, 287]
2026-03-07 17:39:17,464 | INFO | Selecting frames for question kWUmHAzCp7s_0 on video kWUmHAzCp7s.mp4: frames=13 tags=4
2026-03-07 17:39:17,464 | INFO | Selected 13 frames for question kWUmHAzCp7s_0: [0, 29, 59, 89, 119, 149, 179, 209, 239, 269, 299, 329, 359]
2026-03-07 17:39:17,464 | INFO | Selecting frames for question p7YxwveUrjI_0 on video p7YxwveUrjI.mp4: frames=14 tags=4
2026-03-07 17:39:17,464 | INFO | Selected 14 frames for question p7YxwveUrjI_0: [0, 29, 59, 89, 119, 149, 179, 209, 239, 269, 299, 329, 359, 389]
2026-03-07 17:39:17,464 | INFO | Selecting frames for question H2ksp6sRR-k_0 on video H2ksp6sRR-k.mp4: frames=1058 tags=4
2026-03-07 17:39:28,294 | INFO | Selected 32 frames for question H2ksp6sRR-k_0: [1582, 1654, 2181, 2205, 2229, 2277, 2301, 2325, 2349, 2373, 2397, 2421, 2445, 2469, 2493, 2517, 2541, 2565, 2589, 2613, 2637, 2661, 2685, 2709, 2733, 2805, 2829, 5250, 21434, 21506, 21914, 21962]
2026-03-07 17:39:28,294 | INFO | Selecting frames for question H2ksp6sRR-k_1 on video H2ksp6sRR-k.mp4: frames=1058 tags=4
2026-03-07 17:39:39,421 | INFO | Selected 32 frames for question H2ksp6sRR-k_1: [5946, 5994, 9806, 9830, 9878, 11484, 13882, 14193, 14217, 14385, 14409, 14433, 14457, 14529, 14697, 15944, 18149, 18293, 23112, 23184, 23472, 23496, 23520, 23688, 24167, 24191, 24215, 24287, 24551, 24599, 24719, 24743]
2026-03-07 17:39:39,422 | INFO | Selecting frames for question H2ksp6sRR-k_2 on video H2ksp6sRR-k.mp4: frames=1058 tags=4
2026-03-07 17:39:51,173 | INFO | Selected 32 frames for question H2ksp6sRR-k_2: [263, 575, 599, 1198, 1462, 1726, 2853, 2997, 3020, 3068, 3092, 3116, 4195, 4267, 5346, 5370, 5394, 5466, 7120, 8487, 12611, 12923, 13306, 13330, 13354, 18749, 18845, 18869, 18893, 22633, 22657, 24911]
2026-03-07 17:39:51,175 | INFO | Selecting frames for question TlaX2iIYZD4_0 on video TlaX2iIYZD4.mp4: frames=2475 tags=4
2026-03-07 17:40:54,949 | INFO | Selected 32 frames for question TlaX2iIYZD4_0: [209, 359, 779, 1918, 2277, 2367, 2607, 2637, 2727, 2757, 2787, 2817, 2937, 7012, 7342, 8871, 8931, 10639, 32847, 61018, 62817, 62907, 62937, 62997, 63386, 63416, 64315, 64375, 64495, 64525, 64555, 64615]
2026-03-07 17:40:54,950 | INFO | Selecting frames for question TlaX2iIYZD4_1 on video TlaX2iIYZD4.mp4: frames=2475 tags=4
2026-03-07 17:41:57,840 | INFO | Selected 32 frames for question TlaX2iIYZD4_1: [209, 359, 779, 1918, 2637, 2757, 2817, 2877, 2937, 7012, 7042, 7342, 7492, 8181, 8841, 8871, 8901, 8931, 9050, 9080, 9200, 9230, 9410, 9440, 10549, 10609, 10639, 10669, 35484, 35514, 47682, 48491]
2026-03-07 17:41:57,841 | INFO | Selecting frames for question TlaX2iIYZD4_2 on video TlaX2iIYZD4.mp4: frames=2475 tags=4
2026-03-07 17:42:59,429 | INFO | Selected 32 frames for question TlaX2iIYZD4_2: [179, 209, 329, 419, 779, 1288, 1318, 1918, 2247, 2277, 2637, 2667, 2757, 2787, 2817, 2847, 2877, 2937, 5274, 6323, 7012, 7042, 8841, 8871, 8931, 9080, 9230, 9530, 9800, 10609, 10639, 10669]
2026-03-07 17:42:59,430 | INFO | Selecting frames for question UO_6TQnnOxM_0 on video UO_6TQnnOxM.mp4: frames=3573 tags=4
2026-03-07 17:45:14,379 | INFO | Selected 32 frames for question UO_6TQnnOxM_0: [2500, 2525, 2550, 2575, 2600, 2625, 2650, 2675, 2700, 2725, 3100, 3125, 3150, 3175, 3200, 3350, 3375, 3400, 3425, 3450, 3475, 3500, 3525, 3550, 3575, 3600, 3625, 3650, 3675, 3700, 3850, 7050]
2026-03-07 17:45:14,381 | INFO | Selecting frames for question UO_6TQnnOxM_1 on video UO_6TQnnOxM.mp4: frames=3573 tags=4
2026-03-07 17:47:22,751 | INFO | Selected 32 frames for question UO_6TQnnOxM_1: [52950, 52975, 53000, 53025, 53050, 53075, 53100, 53125, 53150, 53175, 55700, 55725, 61025, 61050, 61075, 61100, 61125, 64500, 64525, 64550, 64575, 64600, 70200, 70225, 70250, 70275, 70300, 71075, 71100, 71125, 71150, 71175]
2026-03-07 17:47:22,752 | INFO | Selecting frames for question UO_6TQnnOxM_2 on video UO_6TQnnOxM.mp4: frames=3573 tags=4
2026-03-07 17:49:28,933 | INFO | Selected 32 frames for question UO_6TQnnOxM_2: [52825, 52850, 52875, 52950, 52975, 53000, 53025, 53050, 53075, 53100, 53125, 53150, 53175, 55700, 55725, 55750, 55775, 61025, 61050, 61075, 61100, 61125, 64500, 64525, 64550, 64575, 64600, 71075, 71100, 71125, 71150, 71175]
2026-03-07 17:49:28,934 | INFO | Selecting frames for question Aau-XoIebno_0 on video Aau-XoIebno.mp4: frames=1499 tags=4
2026-03-07 17:49:52,925 | INFO | Selected 32 frames for question Aau-XoIebno_0: [1948, 14445, 14535, 14835, 16183, 18881, 20139, 20289, 20469, 20499, 21458, 21728, 22417, 22447, 22807, 22837, 22987, 28021, 28141, 28471, 28531, 30719, 30749, 30839, 30929, 31168, 31888, 32217, 34915, 35244, 35844, 36143]
2026-03-07 17:49:52,926 | INFO | Selecting frames for question Aau-XoIebno_1 on video Aau-XoIebno.mp4: frames=1499 tags=4
2026-03-07 17:50:13,946 | INFO | Selected 32 frames for question Aau-XoIebno_1: [1378, 1408, 3716, 3986, 6113, 6143, 6623, 9020, 9110, 9200, 9320, 9350, 9410, 9440, 9470, 16663, 16693, 16723, 16813, 16903, 16963, 17022, 17052, 17112, 17142, 17172, 17202, 17232, 17262, 39080, 39500, 43636]
2026-03-07 17:50:13,946 | INFO | Selecting frames for question Aau-XoIebno_2 on video Aau-XoIebno.mp4: frames=1499 tags=4
2026-03-07 17:50:35,281 | INFO | Selected 32 frames for question Aau-XoIebno_2: [1378, 9020, 9440, 16663, 16693, 16723, 16813, 16903, 16963, 16993, 17022, 17052, 17142, 17172, 17202, 17232, 17262, 37822, 38211, 38481, 38511, 38541, 38571, 38661, 38781, 38901, 39080, 39170, 39200, 39470, 39500, 44415]
2026-03-07 17:50:35,281 | INFO | Selecting frames for question O6UedmnRJc0_0 on video O6UedmnRJc0.mp4: frames=1035 tags=4
2026-03-07 17:50:45,229 | INFO | Selected 32 frames for question O6UedmnRJc0_0: [6689, 6737, 6761, 6809, 6833, 6881, 6905, 6953, 7768, 8703, 8799, 10117, 10141, 10165, 10357, 10669, 10789, 10813, 10933, 11100, 11292, 11364, 11412, 11580, 11604, 11628, 11676, 11700, 11748, 13546, 13570, 13594]
2026-03-07 17:50:45,229 | INFO | Selecting frames for question O6UedmnRJc0_1 on video O6UedmnRJc0.mp4: frames=1035 tags=4
2026-03-07 17:50:55,604 | INFO | Selected 32 frames for question O6UedmnRJc0_1: [695, 2109, 2133, 2157, 2205, 2229, 2253, 2301, 2397, 2445, 2469, 2517, 2541, 2565, 2589, 2613, 2853, 12683, 17814, 20475, 20715, 20739, 20763, 20835, 20859, 20907, 20931, 21410, 21434, 21986, 22513, 22585]
2026-03-07 17:50:55,605 | INFO | Selecting frames for question O6UedmnRJc0_2 on video O6UedmnRJc0.mp4: frames=1035 tags=4
2026-03-07 17:51:07,056 | INFO | Selected 32 frames for question O6UedmnRJc0_2: [13834, 13954, 14289, 14313, 14337, 14361, 14697, 14721, 14769, 14793, 14841, 14865, 14961, 15200, 15224, 15248, 15272, 15296, 15320, 15344, 15368, 15392, 15416, 15440, 15464, 15488, 15512, 15680, 15704, 15728, 15872, 15944]
2026-03-07 17:51:07,057 | INFO | Selecting frames for question 9WjElCiDpzM_0 on video 9WjElCiDpzM.mp4: frames=949 tags=4
2026-03-07 17:51:15,636 | INFO | Selected 32 frames for question 9WjElCiDpzM_0: [4620, 5160, 8610, 9960, 10680, 10800, 11640, 11970, 12450, 13050, 13290, 13320, 14580, 14610, 14760, 14820, 15300, 20130, 20430, 20550, 20700, 21300, 22410, 23160, 23790, 24570, 24720, 25200, 25560, 25590, 26400, 26430]
2026-03-07 17:51:15,637 | INFO | Selecting frames for question 9WjElCiDpzM_1 on video 9WjElCiDpzM.mp4: frames=949 tags=4
2026-03-07 17:51:24,202 | INFO | Selected 32 frames for question 9WjElCiDpzM_1: [4620, 5160, 8610, 9960, 10680, 10800, 11640, 11970, 12450, 13050, 13290, 13320, 14580, 14610, 14760, 14820, 15300, 20130, 20430, 20550, 20700, 21300, 22410, 23160, 23790, 24570, 24720, 25200, 25560, 25590, 26400, 26430]
2026-03-07 17:51:24,203 | INFO | Selecting frames for question 9WjElCiDpzM_2 on video 9WjElCiDpzM.mp4: frames=949 tags=4
2026-03-07 17:51:32,782 | INFO | Selected 32 frames for question 9WjElCiDpzM_2: [10800, 20550, 21240, 21630, 21930, 21990, 22050, 22380, 22410, 22620, 22650, 22920, 23070, 23100, 23160, 23250, 23280, 23520, 23550, 23580, 24330, 24360, 24450, 24510, 24570, 24720, 24870, 25080, 25200, 25380, 27000, 27090]
2026-03-07 17:51:32,783 | INFO | Selecting frames for question ClYmTkGTGYg_0 on video ClYmTkGTGYg.mp4: frames=1512 tags=4
2026-03-07 17:51:54,628 | INFO | Selected 32 frames for question ClYmTkGTGYg_0: [3176, 3206, 3266, 3326, 3356, 4705, 5034, 5064, 5094, 5124, 15914, 15944, 15974, 16003, 16033, 21398, 22477, 32067, 32097, 32127, 32157, 37702, 37732, 37762, 37882, 37972, 38151, 42677, 42707, 42737, 42767, 42797]
2026-03-07 17:51:54,629 | INFO | Selecting frames for question ClYmTkGTGYg_1 on video ClYmTkGTGYg.mp4: frames=1512 tags=4
2026-03-07 17:52:17,168 | INFO | Selected 32 frames for question ClYmTkGTGYg_1: [9380, 13756, 13786, 13876, 13906, 13936, 14025, 14205, 18221, 18281, 18311, 18401, 18491, 18551, 18671, 18881, 18971, 19030, 19120, 24365, 25144, 25174, 26553, 26583, 26613, 27542, 27572, 27602, 34285, 34315, 34345, 44205]
2026-03-07 17:52:17,169 | INFO | Selecting frames for question ClYmTkGTGYg_2 on video ClYmTkGTGYg.mp4: frames=1512 tags=4
2026-03-07 17:52:39,196 | INFO | Selected 32 frames for question ClYmTkGTGYg_2: [13786, 13876, 13936, 14025, 14055, 14145, 17742, 18011, 18071, 18341, 18371, 18431, 18461, 18491, 18521, 18551, 18581, 18611, 18641, 18671, 18821, 18851, 18881, 18911, 18941, 18971, 19030, 19120, 19150, 24365, 34195, 34225]
2026-03-07 17:52:39,197 | INFO | Selecting frames for question b__dUom9AcQ_0 on video b__dUom9AcQ.mp4: frames=2454 tags=4
2026-03-07 17:53:40,480 | INFO | Selected 32 frames for question b__dUom9AcQ_0: [539, 569, 1168, 2127, 2217, 2367, 2397, 2427, 2457, 2487, 2667, 2877, 3536, 3596, 3626, 4285, 4315, 4345, 4525, 5094, 5124, 5364, 5424, 6923, 8361, 9620, 10249, 10549, 10579, 10609, 10639, 50019]
2026-03-07 17:53:40,481 | INFO | Selecting frames for question b__dUom9AcQ_1 on video b__dUom9AcQ.mp4: frames=2454 tags=4
2026-03-07 17:54:39,586 | INFO | Selected 32 frames for question b__dUom9AcQ_1: [539, 569, 10939, 11988, 12347, 12407, 12437, 12917, 12947, 13156, 13186, 13216, 25264, 25294, 25324, 25354, 25414, 25804, 26343, 26823, 26853, 27902, 27932, 27962, 27992, 28021, 28141, 28501, 28561, 28621, 28681, 28711]
2026-03-07 17:54:39,587 | INFO | Selecting frames for question b__dUom9AcQ_2 on video b__dUom9AcQ.mp4: frames=2454 tags=4
2026-03-07 17:55:37,121 | INFO | Selected 32 frames for question b__dUom9AcQ_2: [64555, 64585, 64615, 65304, 65334, 65364, 65394, 65424, 65784, 65814, 65844, 65874, 65904, 65934, 65964, 65994, 66023, 66053, 66083, 66113, 66143, 66173, 66203, 66233, 66263, 66293, 66323, 66353, 66383, 67222, 67252, 73396]
2026-03-07 17:55:37,122 | INFO | Selecting frames for question JDtVwz1R-kI_0 on video JDtVwz1R-kI.mp4: frames=1197 tags=4
2026-03-07 17:55:53,094 | INFO | Selected 32 frames for question JDtVwz1R-kI_0: [1294, 1318, 1366, 1462, 1486, 3164, 3764, 3788, 3812, 4387, 4435, 4483, 7576, 9086, 15392, 15416, 15464, 15512, 15680, 16159, 16183, 16207, 16231, 19948, 19972, 19996, 20067, 20115, 20379, 20931, 20955, 21122]
2026-03-07 17:55:53,094 | INFO | Selecting frames for question JDtVwz1R-kI_1 on video JDtVwz1R-kI.mp4: frames=1197 tags=4
2026-03-07 17:56:06,369 | INFO | Selected 32 frames for question JDtVwz1R-kI_1: [359, 383, 431, 647, 8103, 8127, 9950, 9998, 10021, 10093, 10141, 10165, 10213, 10285, 10309, 10333, 15944, 15968, 15992, 16015, 16279, 16303, 23784, 23832, 24263, 24431, 28387, 28459, 28507, 28603, 28651, 28675]
2026-03-07 17:56:06,369 | INFO | Selecting frames for question JDtVwz1R-kI_2 on video JDtVwz1R-kI.mp4: frames=1197 tags=4
2026-03-07 17:56:21,031 | INFO | Selected 32 frames for question JDtVwz1R-kI_2: [3356, 3380, 3404, 3428, 3452, 5874, 11700, 11724, 11748, 11772, 11796, 11820, 11844, 11892, 11916, 12011, 12131, 12155, 12179, 12203, 12227, 12251, 12371, 12563, 12635, 21626, 21650, 21674, 21698, 21722, 21794, 21818]
2026-03-07 17:56:21,031 | INFO | Selecting frames for question _ZIa6SEJEyg_0 on video _ZIa6SEJEyg.mp4: frames=1463 tags=4
2026-03-07 17:56:41,414 | INFO | Selected 32 frames for question _ZIa6SEJEyg_0: [479, 509, 539, 569, 599, 629, 659, 689, 719, 8841, 8871, 8901, 8931, 8961, 15044, 15074, 15104, 43306, 43336, 43366, 43396, 43426, 43456, 43486, 43516, 43576, 43606, 43636, 43696, 43726, 43756, 43816]
2026-03-07 17:56:41,415 | INFO | Selecting frames for question _ZIa6SEJEyg_1 on video _ZIa6SEJEyg.mp4: frames=1463 tags=4
2026-03-07 17:57:02,480 | INFO | Selected 32 frames for question _ZIa6SEJEyg_1: [479, 509, 539, 569, 599, 629, 659, 689, 719, 2607, 2637, 2667, 2697, 2727, 2757, 2787, 2817, 2847, 2907, 5124, 5154, 5184, 5214, 5244, 5274, 5814, 5844, 43576, 43606, 43636, 43696, 43726]
2026-03-07 17:57:02,481 | INFO | Selecting frames for question _ZIa6SEJEyg_2 on video _ZIa6SEJEyg.mp4: frames=1463 tags=4
2026-03-07 17:57:24,825 | INFO | Selected 32 frames for question _ZIa6SEJEyg_2: [0, 89, 119, 239, 269, 299, 359, 389, 449, 479, 509, 539, 569, 599, 8841, 8871, 8901, 8931, 8961, 15044, 22297, 22687, 31858, 31888, 43336, 43366, 43486, 43516, 43576, 43606, 43636, 43726]
2026-03-07 17:57:24,825 | INFO | Selecting frames for question -An3wZyoYe0_0 on video -An3wZyoYe0.mp4: frames=996 tags=4
2026-03-07 17:57:34,652 | INFO | Selected 32 frames for question -An3wZyoYe0_0: [539, 629, 1438, 1528, 1558, 1588, 1618, 3146, 4195, 4345, 9980, 11388, 11418, 11448, 11778, 11808, 11868, 13126, 13156, 13186, 13216, 13486, 18821, 19660, 19690, 19720, 21128, 22567, 29130, 29250, 29280, 29820]
2026-03-07 17:57:34,653 | INFO | Selecting frames for question -An3wZyoYe0_1 on video -An3wZyoYe0.mp4: frames=996 tags=4
2026-03-07 17:57:44,638 | INFO | Selected 32 frames for question -An3wZyoYe0_1: [5724, 7222, 7282, 7312, 7372, 7402, 9500, 9560, 9860, 9890, 10039, 10069, 10099, 10489, 10519, 10549, 10579, 10609, 10999, 11028, 11178, 11238, 11388, 13276, 15554, 17562, 18671, 18821, 26343, 26373, 26403, 26433]
2026-03-07 17:57:44,638 | INFO | Selecting frames for question -An3wZyoYe0_2 on video -An3wZyoYe0.mp4: frames=996 tags=4
2026-03-07 17:57:54,230 | INFO | Selected 32 frames for question -An3wZyoYe0_2: [629, 659, 4255, 4285, 8391, 8421, 9710, 10699, 10729, 10759, 10789, 11268, 11298, 15134, 15164, 15194, 15224, 15554, 16513, 16543, 23166, 24245, 24275, 24305, 24335, 25564, 28411, 29130, 29550, 29580, 29730, 29820]
2026-03-07 17:57:54,230 | INFO | Selecting frames for question lnCPn8gX3FU_0 on video lnCPn8gX3FU.mp4: frames=8 tags=4
2026-03-07 17:57:54,230 | INFO | Selected 8 frames for question lnCPn8gX3FU_0: [0, 29, 59, 89, 119, 149, 179, 209]
2026-03-07 17:57:54,230 | INFO | Selecting frames for question 49YMA0f1yhI_0 on video 49YMA0f1yhI.mp4: frames=11 tags=4
2026-03-07 17:57:54,230 | INFO | Selected 11 frames for question 49YMA0f1yhI_0: [0, 23, 47, 71, 95, 119, 143, 167, 191, 215, 239]
2026-03-07 17:57:54,230 | INFO | Selecting frames for question hXFfPjytMo0_0 on video hXFfPjytMo0.mp4: frames=10 tags=4
2026-03-07 17:57:54,230 | INFO | Selected 10 frames for question hXFfPjytMo0_0: [0, 30, 60, 90, 120, 150, 180, 210, 240, 270]
2026-03-07 17:57:54,230 | INFO | Selecting frames for question shGkzHpzwAQ_0 on video shGkzHpzwAQ.mp4: frames=11 tags=4
2026-03-07 17:57:54,230 | INFO | Selected 11 frames for question shGkzHpzwAQ_0: [0, 29, 59, 89, 119, 149, 179, 209, 239, 269, 299]
2026-03-07 17:57:54,230 | INFO | Selecting frames for question 8Qe03WDCrB4_0 on video 8Qe03WDCrB4.mp4: frames=8 tags=4
2026-03-07 17:57:54,230 | INFO | Selected 8 frames for question 8Qe03WDCrB4_0: [0, 29, 59, 89, 119, 149, 179, 209]
2026-03-07 17:57:54,230 | INFO | Selecting frames for question 58mCJVNMJvw_0 on video 58mCJVNMJvw.mp4: frames=13 tags=4
2026-03-07 17:57:54,230 | INFO | Selected 13 frames for question 58mCJVNMJvw_0: [0, 29, 59, 89, 119, 149, 179, 209, 239, 269, 299, 329, 359]
2026-03-07 17:57:54,230 | INFO | Selecting frames for question ErGYJ7kqIow_0 on video ErGYJ7kqIow.mp4: frames=14 tags=4
2026-03-07 17:57:54,231 | INFO | Selected 14 frames for question ErGYJ7kqIow_0: [0, 23, 47, 71, 95, 119, 143, 167, 191, 215, 239, 263, 287, 311]
2026-03-07 17:57:54,231 | INFO | Selecting frames for question @recipesbyanne-7141686631676808454_0 on video 7141686631676808454.mp4: frames=13 tags=4
2026-03-07 17:57:54,231 | INFO | Selected 13 frames for question @recipesbyanne-7141686631676808454_0: [0, 30, 60, 90, 120, 150, 180, 210, 240, 270, 300, 330, 360]
2026-03-07 17:57:54,231 | INFO | Selecting frames for question @recipesbyanne-7112477530824756486_0 on video 7112477530824756486.mp4: frames=10 tags=4
2026-03-07 17:57:54,231 | INFO | Selected 10 frames for question @recipesbyanne-7112477530824756486_0: [0, 30, 60, 90, 120, 150, 180, 210, 240, 270]
2026-03-07 17:57:54,231 | INFO | Selecting frames for question @asianfoodrecipes-7109221563697876225_0 on video 7109221563697876225.mp4: frames=14 tags=4
2026-03-07 17:57:54,231 | INFO | Selected 14 frames for question @asianfoodrecipes-7109221563697876225_0: [0, 29, 59, 89, 119, 149, 179, 209, 239, 269, 299, 329, 359, 389]
2026-03-07 17:57:54,231 | INFO | Selecting frames for question @recipesbyanne-7234536361296940314_0 on video 7234536361296940314.mp4: frames=11 tags=4
2026-03-07 17:57:54,231 | INFO | Selected 11 frames for question @recipesbyanne-7234536361296940314_0: [0, 30, 60, 90, 120, 150, 180, 210, 240, 270, 300]
2026-03-07 17:57:54,231 | INFO | Selecting frames for question @healthfood-6880172230588894465_0 on video 6880172230588894465.mp4: frames=14 tags=4
2026-03-07 17:57:54,231 | INFO | Selected 14 frames for question @healthfood-6880172230588894465_0: [0, 30, 60, 90, 120, 150, 180, 210, 240, 270, 300, 330, 360, 390]
2026-03-07 17:57:54,231 | INFO | Selecting frames for question @healthfood-6917750501975100677_0 on video 6917750501975100677.mp4: frames=15 tags=4
2026-03-07 17:57:54,231 | INFO | Selected 15 frames for question @healthfood-6917750501975100677_0: [0, 30, 60, 90, 120, 150, 180, 210, 240, 270, 300, 330, 360, 390, 420]
2026-03-07 17:57:54,231 | INFO | Selecting frames for question @tiffycooks-7022693587703926022_0 on video 7022693587703926022.mp4: frames=12 tags=4
2026-03-07 17:57:54,231 | INFO | Selected 12 frames for question @tiffycooks-7022693587703926022_0: [0, 30, 60, 90, 120, 150, 180, 210, 240, 270, 300, 330]
2026-03-07 17:57:54,231 | INFO | Selecting frames for question @recipesbyanne-7231566545263103259_0 on video 7231566545263103259.mp4: frames=15 tags=4
2026-03-07 17:57:54,231 | INFO | Selected 15 frames for question @recipesbyanne-7231566545263103259_0: [0, 60, 120, 180, 240, 300, 360, 420, 480, 540, 600, 660, 720, 780, 840]
2026-03-07 17:57:54,231 | INFO | Selecting frames for question @healthfood-7115052132578921774_0 on video 7115052132578921774.mp4: frames=8 tags=4
2026-03-07 17:57:54,231 | INFO | Selected 8 frames for question @healthfood-7115052132578921774_0: [0, 30, 60, 90, 120, 150, 180, 210]
2026-03-07 17:57:54,231 | INFO | Selecting frames for question @healthfood-7200404243168415022_0 on video 7200404243168415022.mp4: frames=14 tags=4
2026-03-07 17:57:54,231 | INFO | Selected 14 frames for question @healthfood-7200404243168415022_0: [0, 29, 59, 89, 118, 148, 178, 207, 237, 267, 296, 326, 356, 385]
2026-03-07 17:57:54,231 | INFO | Selecting frames for question @healthfood-6867204066108329221_0 on video 6867204066108329221.mp4: frames=14 tags=4
2026-03-07 17:57:54,231 | INFO | Selected 14 frames for question @healthfood-6867204066108329221_0: [0, 30, 60, 90, 120, 150, 180, 210, 240, 270, 300, 330, 360, 390]
2026-03-07 17:57:54,232 | INFO | Selecting frames for question @recipesbyanne-7190395053343296774_0 on video 7190395053343296774.mp4: frames=8 tags=4
2026-03-07 17:57:54,232 | INFO | Selected 8 frames for question @recipesbyanne-7190395053343296774_0: [0, 30, 60, 90, 120, 150, 180, 210]
2026-03-07 17:57:54,232 | INFO | Selecting frames for question @recipesbyanne-7161798161395240197_0 on video 7161798161395240197.mp4: frames=12 tags=4
2026-03-07 17:57:54,232 | INFO | Selected 12 frames for question @recipesbyanne-7161798161395240197_0: [0, 30, 60, 90, 120, 150, 180, 210, 240, 270, 300, 330]
2026-03-07 17:57:54,232 | INFO | Selecting frames for question @healthfood-6999715804623293702_0 on video 6999715804623293702.mp4: frames=13 tags=4
2026-03-07 17:57:54,232 | INFO | Selected 13 frames for question @healthfood-6999715804623293702_0: [0, 31, 62, 93, 124, 155, 186, 217, 248, 279, 310, 341, 372]
2026-03-07 17:57:54,232 | INFO | Selecting frames for question @_eat_sleep_travel_repeat-7275734357799652640_0 on video 7275734357799652640.mp4: frames=9 tags=4
2026-03-07 17:57:54,232 | INFO | Selected 9 frames for question @_eat_sleep_travel_repeat-7275734357799652640_0: [0, 30, 60, 90, 120, 150, 180, 210, 240]
2026-03-07 17:57:54,232 | INFO | Selecting frames for question @kelseyinlondon-7258968758130085146_0 on video 7258968758130085146.mp4: frames=11 tags=4
2026-03-07 17:57:54,232 | INFO | Selected 11 frames for question @kelseyinlondon-7258968758130085146_0: [0, 30, 60, 90, 120, 150, 180, 210, 240, 270, 300]
2026-03-07 17:57:54,232 | INFO | Selecting frames for question @daiki.shino-7120297338056281349_0 on video 7120297338056281349.mp4: frames=15 tags=4
2026-03-07 17:57:54,232 | INFO | Selected 15 frames for question @daiki.shino-7120297338056281349_0: [0, 25, 50, 75, 100, 125, 150, 175, 200, 225, 250, 275, 300, 325, 350]
2026-03-07 17:57:54,232 | INFO | Selecting frames for question @placesunleashed-7297000148201262341_0 on video 7297000148201262341.mp4: frames=10 tags=4
2026-03-07 17:57:54,232 | INFO | Selected 10 frames for question @placesunleashed-7297000148201262341_0: [0, 28, 57, 86, 114, 143, 172, 201, 229, 258]
2026-03-07 17:57:54,232 | INFO | Selecting frames for question @placesunleashed-7325156862486220038_0 on video 7325156862486220038.mp4: frames=15 tags=4
2026-03-07 17:57:54,232 | INFO | Selected 15 frames for question @placesunleashed-7325156862486220038_0: [0, 28, 57, 85, 114, 142, 171, 199, 228, 256, 285, 313, 342, 371, 399]
2026-03-07 17:57:54,232 | INFO | Selecting frames for question @kelseyinlondon-7287537087203511585_0 on video 7287537087203511585.mp4: frames=12 tags=4
2026-03-07 17:57:54,232 | INFO | Selected 12 frames for question @kelseyinlondon-7287537087203511585_0: [0, 30, 60, 90, 120, 150, 180, 210, 240, 270, 300, 330]
2026-03-07 17:57:54,232 | INFO | Selecting frames for question @jetset_anna-6985193727107009798_0 on video 6985193727107009798.mp4: frames=14 tags=4
2026-03-07 17:57:54,232 | INFO | Selected 14 frames for question @jetset_anna-6985193727107009798_0: [0, 30, 60, 90, 120, 150, 180, 210, 240, 270, 300, 330, 360, 390]
2026-03-07 17:57:54,232 | INFO | Selecting frames for question @jetset_anna-7126584501228129542_0 on video 7126584501228129542.mp4: frames=10 tags=4
2026-03-07 17:57:54,232 | INFO | Selected 10 frames for question @jetset_anna-7126584501228129542_0: [0, 29, 59, 89, 119, 149, 179, 209, 239, 269]
2026-03-07 17:57:54,232 | INFO | Selecting frames for question @luxtravelbe-7233851486474636570_0 on video 7233851486474636570.mp4: frames=9 tags=4
2026-03-07 17:57:54,232 | INFO | Selected 9 frames for question @luxtravelbe-7233851486474636570_0: [0, 29, 59, 89, 119, 149, 179, 209, 239]
2026-03-07 17:57:54,232 | INFO | Selecting frames for question @placesunleashed-7327779917989416197_0 on video 7327779917989416197.mp4: frames=15 tags=4
2026-03-07 17:57:54,233 | INFO | Selected 15 frames for question @placesunleashed-7327779917989416197_0: [0, 27, 54, 81, 108, 135, 162, 189, 216, 243, 270, 298, 325, 352, 379]
2026-03-07 17:57:54,233 | INFO | Selecting frames for question @placesunleashed-7334544531490196741_0 on video 7334544531490196741.mp4: frames=10 tags=4
2026-03-07 17:57:54,233 | INFO | Selected 10 frames for question @placesunleashed-7334544531490196741_0: [0, 30, 60, 90, 120, 150, 180, 210, 240, 270]
2026-03-07 17:57:54,233 | INFO | Selecting frames for question @placesunleashed-7303594391850044678_0 on video 7303594391850044678.mp4: frames=14 tags=4
2026-03-07 17:57:54,233 | INFO | Selected 14 frames for question @placesunleashed-7303594391850044678_0: [0, 29, 59, 89, 119, 148, 178, 208, 238, 268, 297, 327, 357, 387]
2026-03-07 17:57:54,233 | INFO | Selecting frames for question @placesunleashed-7297652941551439109_0 on video 7297652941551439109.mp4: frames=14 tags=4
2026-03-07 17:57:54,233 | INFO | Selected 14 frames for question @placesunleashed-7297652941551439109_0: [0, 29, 59, 89, 119, 148, 178, 208, 238, 268, 297, 327, 357, 387]
2026-03-07 17:57:54,233 | INFO | Selecting frames for question @jetset_anna-6933580627824495878_0 on video 6933580627824495878.mp4: frames=15 tags=4
2026-03-07 17:57:54,233 | INFO | Selected 15 frames for question @jetset_anna-6933580627824495878_0: [0, 30, 60, 90, 120, 150, 180, 210, 240, 270, 300, 330, 360, 390, 420]
2026-03-07 17:57:54,233 | INFO | Selecting frames for question @movie.explained6-7278310085217094914_0 on video 7278310085217094914.mp4: frames=10 tags=4
2026-03-07 17:57:54,233 | INFO | Selected 10 frames for question @movie.explained6-7278310085217094914_0: [0, 30, 60, 90, 120, 150, 180, 210, 240, 270]
2026-03-07 17:57:54,233 | INFO | Selecting frames for question @movie.explained6-7270058445577948418_0 on video 7270058445577948418.mp4: frames=13 tags=4
2026-03-07 17:57:54,233 | INFO | Selected 13 frames for question @movie.explained6-7270058445577948418_0: [0, 30, 60, 90, 120, 150, 180, 210, 240, 270, 300, 330, 360]
2026-03-07 17:57:54,233 | INFO | Selecting frames for question @movie.explained6-7252661595875183874_0 on video 7252661595875183874.mp4: frames=13 tags=4
2026-03-07 17:57:54,233 | INFO | Selected 13 frames for question @movie.explained6-7252661595875183874_0: [0, 30, 60, 90, 120, 150, 180, 210, 240, 270, 300, 330, 360]
2026-03-07 17:57:54,233 | INFO | Selecting frames for question @movie.explained6-7275485247351901442_0 on video 7275485247351901442.mp4: frames=9 tags=4
2026-03-07 17:57:54,233 | INFO | Selected 9 frames for question @movie.explained6-7275485247351901442_0: [0, 29, 59, 89, 119, 149, 179, 209, 239]
2026-03-07 17:57:54,233 | INFO | Selecting frames for question @movie.explained6-7268771669123042562_0 on video 7268771669123042562.mp4: frames=12 tags=4
2026-03-07 17:57:54,233 | INFO | Selected 12 frames for question @movie.explained6-7268771669123042562_0: [0, 29, 59, 89, 119, 149, 179, 209, 239, 269, 299, 329]
2026-03-07 17:57:54,233 | INFO | Selecting frames for question @movie.explained6-7254803496900267266_0 on video 7254803496900267266.mp4: frames=13 tags=4
2026-03-07 17:57:54,233 | INFO | Selected 13 frames for question @movie.explained6-7254803496900267266_0: [0, 30, 60, 90, 120, 150, 180, 210, 240, 270, 300, 330, 360]
2026-03-07 17:57:54,233 | INFO | Selecting frames for question @movie.explained6-7253792552996867330_0 on video 7253792552996867330.mp4: frames=8 tags=4
2026-03-07 17:57:54,233 | INFO | Selected 8 frames for question @movie.explained6-7253792552996867330_0: [0, 29, 59, 89, 119, 149, 179, 209]
2026-03-07 17:57:54,233 | INFO | Selecting frames for question @movie.explained6-7274542274997013761_0 on video 7274542274997013761.mp4: frames=14 tags=4
2026-03-07 17:57:54,234 | INFO | Selected 14 frames for question @movie.explained6-7274542274997013761_0: [0, 30, 60, 90, 120, 150, 180, 210, 240, 270, 300, 330, 360, 390]
2026-03-07 17:57:54,234 | INFO | Selecting frames for question @jonijawne-7305901654417706246_0 on video 7305901654417706246.mp4: frames=10 tags=4
2026-03-07 17:57:54,234 | INFO | Selected 10 frames for question @jonijawne-7305901654417706246_0: [0, 30, 60, 90, 120, 150, 180, 210, 240, 270]
2026-03-07 17:57:54,234 | INFO | Selecting frames for question @kerstinong-6965059948090821890_0 on video 6965059948090821890.mp4: frames=12 tags=4
2026-03-07 17:57:54,234 | INFO | Selected 12 frames for question @kerstinong-6965059948090821890_0: [0, 24, 48, 72, 96, 120, 144, 168, 192, 216, 240, 264]
2026-03-07 17:57:54,234 | INFO | Selecting frames for question @jess.morg-7195624647830850858_0 on video 7195624647830850858.mp4: frames=13 tags=4
2026-03-07 17:57:54,234 | INFO | Selected 13 frames for question @jess.morg-7195624647830850858_0: [0, 30, 60, 90, 120, 150, 180, 210, 240, 270, 300, 330, 360]
2026-03-07 17:57:54,234 | INFO | Selecting frames for question @jess.morg-7291800958152084782_0 on video 7291800958152084782.mp4: frames=9 tags=4
2026-03-07 17:57:54,234 | INFO | Selected 9 frames for question @jess.morg-7291800958152084782_0: [0, 30, 60, 90, 120, 150, 180, 210, 240]
2026-03-07 17:57:54,234 | INFO | Selecting frames for question @jonijawne-7318074908645264645_0 on video 7318074908645264645.mp4: frames=8 tags=4
2026-03-07 17:57:54,234 | INFO | Selected 8 frames for question @jonijawne-7318074908645264645_0: [0, 30, 60, 90, 120, 150, 180, 210]
2026-03-07 17:57:54,234 | INFO | Selecting frames for question @jess.morg-7275475379375164715_0 on video 7275475379375164715.mp4: frames=11 tags=4
2026-03-07 17:57:54,234 | INFO | Selected 11 frames for question @jess.morg-7275475379375164715_0: [0, 23, 47, 71, 95, 119, 143, 167, 191, 215, 239]
2026-03-07 17:57:54,234 | INFO | Selecting frames for question @jonijawne-7184469162956246277_0 on video 7184469162956246277.mp4: frames=10 tags=4
2026-03-07 17:57:54,234 | INFO | Selected 10 frames for question @jonijawne-7184469162956246277_0: [0, 60, 120, 180, 240, 300, 360, 420, 480, 540]
2026-03-07 17:57:54,234 | INFO | Selecting frames for question @kerstinong-6900436106790194434_0 on video 6900436106790194434.mp4: frames=13 tags=4
2026-03-07 17:57:54,234 | INFO | Selected 13 frames for question @kerstinong-6900436106790194434_0: [0, 30, 60, 90, 120, 150, 180, 210, 240, 270, 300, 330, 360]
2026-03-07 17:57:54,234 | INFO | Selecting frames for question @jonijawne-7312063059160206597_0 on video 7312063059160206597.mp4: frames=9 tags=4
2026-03-07 17:57:54,234 | INFO | Selected 9 frames for question @jonijawne-7312063059160206597_0: [0, 30, 60, 90, 120, 150, 180, 210, 240]
2026-03-07 17:57:54,234 | INFO | Selecting frames for question @jess.morg-7255843192677911851_0 on video 7255843192677911851.mp4: frames=9 tags=4
2026-03-07 17:57:54,234 | INFO | Selected 9 frames for question @jess.morg-7255843192677911851_0: [0, 23, 47, 71, 95, 119, 142, 166, 190]
2026-03-07 17:57:54,234 | INFO | Selecting frames for question @jess.morg-7284004157311421742_0 on video 7284004157311421742.mp4: frames=10 tags=4
2026-03-07 17:57:54,234 | INFO | Selected 10 frames for question @jess.morg-7284004157311421742_0: [0, 30, 60, 90, 120, 150, 180, 210, 240, 270]
2026-03-07 17:57:54,234 | INFO | Selecting frames for question @jess.morg-7272881154838023467_0 on video 7272881154838023467.mp4: frames=9 tags=4
2026-03-07 17:57:54,234 | INFO | Selected 9 frames for question @jess.morg-7272881154838023467_0: [0, 24, 48, 72, 96, 120, 144, 168, 192]
2026-03-07 17:57:54,235 | INFO | Selecting frames for question @jess.morg-7248745529272700202_0 on video 7248745529272700202.mp4: frames=11 tags=4
2026-03-07 17:57:54,235 | INFO | Selected 11 frames for question @jess.morg-7248745529272700202_0: [0, 23, 47, 71, 95, 119, 142, 166, 190, 214, 238]
2026-03-07 17:57:54,235 | INFO | Selecting frames for question @lisolna-7203500499360877829_0 on video 7203500499360877829.mp4: frames=11 tags=4
2026-03-07 17:57:54,235 | INFO | Selected 11 frames for question @lisolna-7203500499360877829_0: [0, 60, 120, 180, 240, 300, 360, 420, 480, 540, 600]
2026-03-07 17:57:54,235 | INFO | Selecting frames for question @kerstinong-6976239624578419969_0 on video 6976239624578419969.mp4: frames=15 tags=4
2026-03-07 17:57:54,235 | INFO | Selected 15 frames for question @kerstinong-6976239624578419969_0: [0, 29, 59, 89, 119, 149, 179, 209, 239, 269, 299, 329, 359, 389, 419]
2026-03-07 17:57:54,235 | INFO | Selecting frames for question @jonijawne-7194500194648476933_0 on video 7194500194648476933.mp4: frames=10 tags=4
2026-03-07 17:57:54,235 | INFO | Selected 10 frames for question @jonijawne-7194500194648476933_0: [0, 30, 60, 90, 120, 150, 180, 210, 240, 270]
2026-03-07 17:57:54,235 | INFO | Selecting frames for question @jess.morg-7079970495499717934_0 on video 7079970495499717934.mp4: frames=9 tags=4
2026-03-07 17:57:54,235 | INFO | Selected 9 frames for question @jess.morg-7079970495499717934_0: [0, 30, 60, 90, 120, 150, 180, 210, 240]
2026-03-07 17:57:54,235 | INFO | Selecting frames for question Jfp1Ks7Hh1E_0 on video Jfp1Ks7Hh1E.mp4: frames=909 tags=4
2026-03-07 17:58:02,029 | INFO | Selected 32 frames for question Jfp1Ks7Hh1E_0: [4771, 9254, 9278, 9326, 9590, 9614, 9638, 9710, 9734, 9758, 9782, 9806, 9830, 10165, 10189, 10501, 10525, 10549, 10573, 10597, 10621, 10645, 10693, 10765, 13402, 13570, 13594, 13930, 14025, 14169, 16471, 17358]
2026-03-07 17:58:02,030 | INFO | Selecting frames for question Jfp1Ks7Hh1E_1 on video Jfp1Ks7Hh1E.mp4: frames=909 tags=4
2026-03-07 17:58:09,838 | INFO | Selected 32 frames for question Jfp1Ks7Hh1E_1: [11988, 14289, 14313, 14337, 14457, 14697, 14721, 14745, 14817, 14841, 14865, 14889, 14937, 14961, 14985, 15008, 15032, 15080, 15104, 15128, 15152, 15224, 15272, 15296, 15344, 15416, 15464, 15512, 15824, 15872, 15992, 16759]
2026-03-07 17:58:09,839 | INFO | Selecting frames for question Jfp1Ks7Hh1E_2 on video Jfp1Ks7Hh1E.mp4: frames=909 tags=4
2026-03-07 17:58:17,680 | INFO | Selected 32 frames for question Jfp1Ks7Hh1E_2: [407, 695, 719, 743, 1030, 1294, 1414, 1438, 1462, 1486, 1558, 9302, 9326, 9398, 9590, 9614, 9638, 9734, 9758, 9782, 9806, 9830, 9854, 9902, 10309, 10333, 10357, 10501, 10525, 10621, 10693, 15848]
2026-03-07 17:58:17,681 | INFO | Selecting frames for question gURB1JwPfJw_0 on video gURB1JwPfJw.mp4: frames=903 tags=4
2026-03-07 17:58:25,393 | INFO | Selected 32 frames for question gURB1JwPfJw_0: [479, 4165, 4195, 4225, 4255, 4285, 4315, 4345, 4375, 4405, 4435, 4465, 4525, 4585, 4645, 4705, 4735, 4795, 4825, 4855, 4885, 4915, 4975, 5004, 5034, 5064, 5094, 6953, 6983, 7012, 7432, 10069]
2026-03-07 17:58:25,393 | INFO | Selecting frames for question gURB1JwPfJw_1 on video gURB1JwPfJw.mp4: frames=903 tags=4
2026-03-07 17:58:33,013 | INFO | Selected 32 frames for question gURB1JwPfJw_1: [5064, 5094, 5304, 5334, 5364, 5394, 6113, 6143, 6173, 6203, 6233, 6263, 6293, 6353, 6413, 6473, 6503, 6533, 6563, 6683, 6773, 6803, 6833, 6953, 6983, 7012, 7162, 7252, 7282, 7372, 7402, 7432]
2026-03-07 17:58:33,013 | INFO | Selecting frames for question gURB1JwPfJw_2 on video gURB1JwPfJw.mp4: frames=903 tags=4
2026-03-07 17:58:41,090 | INFO | Selected 32 frames for question gURB1JwPfJw_2: [329, 809, 839, 869, 5304, 6953, 6983, 7012, 8841, 8901, 8991, 9020, 9260, 9290, 9350, 9440, 9470, 9650, 9680, 9800, 10129, 10159, 10189, 10219, 10249, 17322, 17352, 26553, 26583, 26613, 26643, 26703]
2026-03-07 17:58:41,091 | INFO | Selecting frames for question 9S9i12n0TIw_0 on video 9S9i12n0TIw.mp4: frames=1168 tags=4
2026-03-07 17:58:57,846 | INFO | Selected 32 frames for question 9S9i12n0TIw_0: [17262, 17382, 17502, 18011, 19030, 19540, 19690, 19930, 20589, 20859, 21218, 21248, 21398, 21428, 21458, 21518, 21578, 21608, 21668, 21698, 21908, 22177, 22267, 22537, 22867, 23256, 24485, 24575, 25054, 25324, 25354, 25624]
2026-03-07 17:58:57,846 | INFO | Selecting frames for question 9S9i12n0TIw_1 on video 9S9i12n0TIw.mp4: frames=1168 tags=4
2026-03-07 17:59:11,179 | INFO | Selected 32 frames for question 9S9i12n0TIw_1: [17262, 17382, 17412, 17502, 17622, 17652, 17772, 17802, 18071, 18161, 19030, 19540, 19690, 21158, 21188, 21428, 21608, 21668, 22537, 22627, 23016, 23256, 24485, 24635, 25054, 25324, 25354, 27812, 27902, 27932, 29040, 31138]
2026-03-07 17:59:11,180 | INFO | Selecting frames for question 9S9i12n0TIw_2 on video 9S9i12n0TIw.mp4: frames=1168 tags=4
2026-03-07 17:59:23,835 | INFO | Selected 32 frames for question 9S9i12n0TIw_2: [19540, 19690, 24455, 24485, 24635, 24665, 25324, 25354, 29040, 29640, 29700, 29760, 29790, 29820, 29850, 29880, 29910, 30029, 30059, 30089, 30389, 30449, 30479, 30509, 30689, 30779, 30809, 30899, 31078, 31138, 31168, 31198]
2026-03-07 17:59:23,836 | INFO | Selecting frames for question gJijNOktmoI_0 on video gJijNOktmoI.mp4: frames=967 tags=4
2026-03-07 17:59:32,815 | INFO | Selected 32 frames for question gJijNOktmoI_0: [200, 225, 6675, 6725, 6825, 6850, 6875, 6975, 7000, 7025, 10900, 10950, 14150, 14175, 14200, 14225, 14250, 14275, 14300, 14375, 14400, 14450, 20175, 23325, 23350, 23400, 23450, 23500, 23550, 23625, 23725, 23850]
2026-03-07 17:59:32,815 | INFO | Selecting frames for question gJijNOktmoI_1 on video gJijNOktmoI.mp4: frames=967 tags=4
2026-03-07 17:59:41,788 | INFO | Selected 32 frames for question gJijNOktmoI_1: [25, 200, 225, 3400, 3450, 3475, 3500, 6675, 6700, 7025, 8125, 8150, 10900, 10950, 11100, 11125, 11150, 11175, 11200, 11225, 11325, 11425, 14150, 18375, 18400, 18450, 20125, 22300, 22400, 23000, 23250, 23350]
2026-03-07 17:59:41,789 | INFO | Selecting frames for question gJijNOktmoI_2 on video gJijNOktmoI.mp4: frames=967 tags=4
2026-03-07 17:59:50,556 | INFO | Selected 32 frames for question gJijNOktmoI_2: [3350, 3725, 3950, 4000, 4225, 4850, 4875, 5300, 6275, 6300, 6325, 6350, 6375, 6400, 6425, 6950, 7075, 7125, 7150, 7850, 7900, 15175, 15250, 15300, 15325, 18500, 18775, 18825, 18875, 21900, 21925, 21950]
2026-03-07 17:59:50,556 | INFO | Selecting frames for question d7IqrLV6Tlg_0 on video d7IqrLV6Tlg.mp4: frames=1008 tags=4
2026-03-07 18:00:00,286 | INFO | Selected 32 frames for question d7IqrLV6Tlg_0: [1534, 1630, 1894, 1918, 2157, 2181, 2325, 2349, 2589, 2613, 3452, 3476, 3572, 4051, 4123, 4507, 5178, 5250, 5274, 5346, 5514, 6089, 8847, 12515, 12587, 12611, 12707, 12899, 12923, 15848, 19420, 21554]
2026-03-07 18:00:00,286 | INFO | Selecting frames for question d7IqrLV6Tlg_1 on video d7IqrLV6Tlg.mp4: frames=1008 tags=4
2026-03-07 18:00:10,755 | INFO | Selected 32 frames for question d7IqrLV6Tlg_1: [1294, 1534, 1630, 1894, 1918, 2157, 2181, 2229, 2349, 2589, 2613, 2757, 3356, 3452, 3476, 3572, 3716, 3740, 4051, 4123, 5274, 5346, 7648, 10501, 12467, 12515, 12539, 12755, 14601, 15080, 19420, 21698]
2026-03-07 18:00:10,756 | INFO | Selecting frames for question d7IqrLV6Tlg_2 on video d7IqrLV6Tlg.mp4: frames=1008 tags=4
2026-03-07 18:00:21,084 | INFO | Selected 32 frames for question d7IqrLV6Tlg_2: [0, 1294, 1534, 1630, 1870, 1894, 1918, 2157, 2181, 2229, 2325, 2349, 2565, 2589, 2613, 2757, 2853, 3452, 3476, 3500, 3572, 3692, 4051, 4123, 5346, 11748, 15944, 16279, 17502, 19420, 20907, 22081]
2026-03-07 18:00:21,085 | INFO | Selecting frames for question PCPQToF10IM_0 on video PCPQToF10IM.mp4: frames=904 tags=4
2026-03-07 18:00:29,877 | INFO | Selected 32 frames for question PCPQToF10IM_0: [120, 312, 528, 552, 576, 600, 624, 648, 672, 696, 720, 816, 840, 912, 1632, 6120, 6384, 6408, 6432, 10920, 10944, 13176, 13464, 13608, 13752, 15168, 15192, 15216, 17352, 17376, 17928, 18888]
2026-03-07 18:00:29,878 | INFO | Selecting frames for question PCPQToF10IM_1 on video PCPQToF10IM.mp4: frames=904 tags=4
2026-03-07 18:00:37,388 | INFO | Selected 32 frames for question PCPQToF10IM_1: [120, 144, 168, 816, 840, 2904, 3888, 4488, 6384, 6936, 6960, 7128, 7152, 7200, 7344, 10608, 10872, 10896, 10920, 10944, 11208, 12384, 12456, 12576, 12600, 13176, 13536, 15096, 17352, 17376, 17928, 18480]
2026-03-07 18:00:37,388 | INFO | Selecting frames for question PCPQToF10IM_2 on video PCPQToF10IM.mp4: frames=904 tags=4
2026-03-07 18:00:45,137 | INFO | Selected 32 frames for question PCPQToF10IM_2: [1512, 4752, 5544, 7608, 8016, 8136, 8160, 8352, 8592, 8736, 8760, 8904, 9168, 9192, 13968, 14112, 14136, 14208, 14232, 14256, 14328, 14352, 16200, 16248, 16848, 16968, 16992, 17016, 18048, 19992, 20016, 20232]
2026-03-07 18:00:45,137 | INFO | Selecting frames for question IN0osLg-Mn8_0 on video IN0osLg-Mn8.mp4: frames=468 tags=4
2026-03-07 18:00:47,113 | INFO | Selected 32 frames for question IN0osLg-Mn8_0: [569, 689, 1138, 1168, 1798, 1888, 3146, 3206, 3656, 4435, 4465, 4555, 5934, 5994, 6023, 7912, 7942, 8391, 8511, 8541, 8571, 8691, 8811, 8931, 8961, 9920, 10489, 11088, 11118, 11148, 11718, 13606]
2026-03-07 18:00:47,113 | INFO | Selecting frames for question IN0osLg-Mn8_1 on video IN0osLg-Mn8.mp4: frames=468 tags=4
2026-03-07 18:00:49,119 | INFO | Selected 32 frames for question IN0osLg-Mn8_1: [569, 599, 1408, 2457, 2487, 2517, 5514, 5544, 5574, 5634, 5664, 5694, 5724, 5754, 9320, 9920, 9980, 10039, 10669, 10789, 10819, 10939, 10969, 11088, 11118, 11148, 11598, 11718, 11928, 11958, 11988, 12017]
2026-03-07 18:00:49,120 | INFO | Selecting frames for question pFpZvRsEGZs_0 on video pFpZvRsEGZs.mp4: frames=559 tags=4
2026-03-07 18:00:51,874 | INFO | Selected 32 frames for question pFpZvRsEGZs_0: [0, 479, 509, 3416, 4345, 4375, 4405, 4435, 4465, 4495, 4555, 4585, 4615, 4705, 4735, 4765, 6053, 6113, 6143, 11418, 11448, 11478, 11598, 11658, 11868, 11898, 11928, 11958, 11988, 12017, 12047, 13726]
2026-03-07 18:00:51,874 | INFO | Selecting frames for question pFpZvRsEGZs_1 on video pFpZvRsEGZs.mp4: frames=559 tags=4
2026-03-07 18:00:54,708 | INFO | Selected 32 frames for question pFpZvRsEGZs_1: [0, 1318, 2037, 2427, 2457, 2727, 2757, 2787, 2847, 3176, 3326, 4585, 4975, 5334, 5364, 8031, 8391, 8421, 8451, 8481, 10669, 10699, 10729, 10759, 10789, 11238, 11268, 11298, 15224, 15254, 15284, 15314]
2026-03-07 18:00:54,708 | INFO | Selecting frames for question 6hBbXVkgxGE_0 on video 6hBbXVkgxGE.mp4: frames=539 tags=4
2026-03-07 18:00:57,310 | INFO | Selected 32 frames for question 6hBbXVkgxGE_0: [359, 1174, 1198, 1678, 2661, 3788, 3812, 3932, 4099, 4123, 4267, 4603, 4699, 5490, 5514, 5778, 5802, 6257, 6281, 6473, 6713, 6737, 6761, 7216, 7984, 8175, 8439, 9398, 11748, 11772, 11892, 11916]
2026-03-07 18:00:57,311 | INFO | Selecting frames for question 6hBbXVkgxGE_1 on video 6hBbXVkgxGE.mp4: frames=539 tags=4
2026-03-07 18:00:59,945 | INFO | Selected 32 frames for question 6hBbXVkgxGE_1: [1174, 1198, 1654, 1678, 2733, 3788, 3812, 3932, 4099, 4123, 4147, 4219, 4267, 4339, 4363, 5490, 5514, 5538, 6257, 6281, 6425, 7216, 7960, 8439, 9398, 11556, 11628, 11748, 11772, 11796, 11892, 11916]
2026-03-07 18:00:59,945 | INFO | Selecting frames for question kj3Po7zUeyw_0 on video kj3Po7zUeyw.mp4: frames=504 tags=4
2026-03-07 18:01:02,316 | INFO | Selected 32 frames for question kj3Po7zUeyw_0: [150, 240, 2190, 2280, 2310, 2490, 4020, 4200, 5100, 5730, 7920, 8430, 8460, 8700, 9480, 9510, 9810, 9840, 9870, 9990, 10020, 10440, 10560, 12960, 13020, 13350, 13410, 13440, 13740, 14550, 14670, 14700]
2026-03-07 18:01:02,317 | INFO | Selecting frames for question kj3Po7zUeyw_1 on video kj3Po7zUeyw.mp4: frames=504 tags=4
2026-03-07 18:01:04,794 | INFO | Selected 32 frames for question kj3Po7zUeyw_1: [120, 150, 2280, 3600, 4200, 4260, 4980, 5730, 6180, 7260, 7650, 7920, 8430, 8460, 8700, 8760, 8880, 9000, 9210, 9270, 9300, 10440, 10470, 10560, 10680, 11610, 11640, 11880, 13350, 13380, 14580, 14670]
2026-03-07 18:01:04,795 | INFO | Selecting frames for question w2HKqOhf7KQ_0 on video w2HKqOhf7KQ.mp4: frames=598 tags=4
2026-03-07 18:01:08,166 | INFO | Selected 32 frames for question w2HKqOhf7KQ_0: [4735, 6053, 6113, 6143, 6263, 8241, 8481, 8631, 8811, 9080, 9110, 9140, 9230, 9260, 9290, 9320, 9350, 9380, 10699, 10729, 10759, 10789, 10819, 10969, 11748, 11868, 11958, 11988, 13366, 13396, 13846, 15464]
2026-03-07 18:01:08,167 | INFO | Selecting frames for question w2HKqOhf7KQ_1 on video w2HKqOhf7KQ.mp4: frames=598 tags=4
2026-03-07 18:01:11,515 | INFO | Selected 32 frames for question w2HKqOhf7KQ_1: [2757, 3446, 4465, 4495, 4645, 4675, 5274, 5634, 5664, 6113, 6143, 10519, 10789, 10849, 10879, 11298, 11448, 11538, 11568, 11598, 11628, 11688, 12197, 12587, 12617, 13396, 13786, 13816, 13846, 15614, 16153, 16183]
2026-03-07 18:01:11,515 | INFO | Selecting frames for question k4jiEuZbN-4_0 on video k4jiEuZbN-4.mp4: frames=599 tags=4
2026-03-07 18:01:14,990 | INFO | Selected 32 frames for question k4jiEuZbN-4_0: [1378, 1528, 1558, 1588, 1828, 1858, 1888, 1948, 2037, 2067, 2337, 2517, 2667, 2727, 9620, 9650, 9680, 10459, 10819, 10849, 14025, 14805, 14835, 14865, 15134, 15314, 15344, 15374, 17382, 17412, 17442, 17472]
2026-03-07 18:01:14,991 | INFO | Selecting frames for question k4jiEuZbN-4_1 on video k4jiEuZbN-4.mp4: frames=599 tags=4
2026-03-07 18:01:18,266 | INFO | Selected 32 frames for question k4jiEuZbN-4_1: [1348, 1378, 1408, 1528, 1558, 1678, 1828, 1858, 2037, 2517, 2667, 2997, 3026, 3386, 3656, 3686, 3776, 3896, 3926, 3986, 4645, 5124, 9620, 9650, 9680, 11418, 11478, 11568, 14025, 16123, 16693, 17082]
2026-03-07 18:01:18,266 | INFO | Selecting frames for question OUeE8nCKWGA_0 on video OUeE8nCKWGA.mp4: frames=275 tags=4
2026-03-07 18:01:18,929 | INFO | Selected 32 frames for question OUeE8nCKWGA_0: [0, 29, 59, 89, 119, 149, 209, 389, 419, 749, 779, 1378, 1648, 1738, 1798, 3896, 3926, 3956, 3986, 4045, 4105, 4165, 4195, 4465, 4495, 4525, 5454, 5484, 5844, 5874, 5904, 5934]
2026-03-07 18:01:18,930 | INFO | Selecting frames for question OUeE8nCKWGA_1 on video OUeE8nCKWGA.mp4: frames=275 tags=4
2026-03-07 18:01:19,569 | INFO | Selected 32 frames for question OUeE8nCKWGA_1: [629, 1258, 2277, 3626, 3656, 3686, 3716, 3746, 4975, 6563, 6863, 6893, 7372, 7402, 7432, 7462, 7492, 7522, 7552, 7582, 7612, 7642, 7672, 7702, 7732, 7762, 7792, 7822, 7852, 7882, 7912, 7942]
2026-03-07 18:01:19,569 | INFO | Selecting frames for question N7RTTiHsSjI_0 on video N7RTTiHsSjI.mp4: frames=481 tags=4
2026-03-07 18:01:21,697 | INFO | Selected 32 frames for question N7RTTiHsSjI_0: [100, 125, 150, 5125, 5175, 5200, 5225, 5250, 5275, 5300, 5825, 6050, 6075, 6100, 6125, 7625, 7650, 7800, 8400, 8900, 8925, 9725, 9750, 10300, 10775, 11075, 11150, 11175, 11425, 11525, 11575, 11650]
2026-03-07 18:01:21,698 | INFO | Selecting frames for question N7RTTiHsSjI_1 on video N7RTTiHsSjI.mp4: frames=481 tags=4
2026-03-07 18:01:23,911 | INFO | Selected 32 frames for question N7RTTiHsSjI_1: [8675, 8700, 8725, 8750, 8950, 8975, 9000, 9025, 9050, 9125, 9150, 9175, 9200, 9225, 9250, 9275, 9300, 9625, 9650, 9675, 9700, 10975, 11000, 11025, 11050, 11450, 11475, 11500, 11525, 11550, 11575, 11650]
2026-03-07 18:01:23,911 | INFO | Selecting frames for question e6HwinLBK_Y_0 on video e6HwinLBK_Y.mp4: frames=512 tags=4
2026-03-07 18:01:26,334 | INFO | Selected 32 frames for question e6HwinLBK_Y_0: [1408, 1768, 1828, 1858, 1888, 1918, 1948, 4105, 4135, 4165, 4225, 4255, 4285, 4315, 4345, 4465, 4975, 5214, 5904, 6623, 6653, 6683, 6713, 6743, 6803, 9920, 14865, 14895, 14925, 14955, 14985, 15014]
2026-03-07 18:01:26,334 | INFO | Selecting frames for question e6HwinLBK_Y_1 on video e6HwinLBK_Y.mp4: frames=512 tags=4
2026-03-07 18:01:28,825 | INFO | Selected 32 frames for question e6HwinLBK_Y_1: [839, 869, 1678, 2667, 2697, 2967, 2997, 3596, 3626, 3656, 3746, 3776, 5394, 5424, 6743, 7042, 7072, 7132, 9320, 9380, 10699, 10729, 10759, 12017, 12047, 12707, 12737, 12767, 12797, 14445, 14475, 14505]
2026-03-07 18:01:28,825 | INFO | Selecting frames for question T5bTeGzgJFs_0 on video T5bTeGzgJFs.mp4: frames=534 tags=4
2026-03-07 18:01:31,466 | INFO | Selected 32 frames for question T5bTeGzgJFs_0: [89, 119, 1168, 1228, 1258, 2037, 2067, 2307, 2787, 2817, 2847, 2877, 3296, 3506, 3536, 3566, 3596, 3626, 3656, 3686, 3866, 4075, 4255, 4285, 4765, 5154, 5184, 7072, 7102, 7432, 12587, 12617]
2026-03-07 18:01:31,467 | INFO | Selecting frames for question T5bTeGzgJFs_1 on video T5bTeGzgJFs.mp4: frames=534 tags=4
2026-03-07 18:01:34,161 | INFO | Selected 32 frames for question T5bTeGzgJFs_1: [179, 269, 1858, 1888, 2937, 7792, 8241, 8271, 8961, 8991, 9020, 9200, 9230, 9260, 9290, 9320, 9710, 9770, 10039, 10519, 10969, 11028, 11058, 11088, 12947, 12977, 13126, 13156, 13186, 13336, 13366, 13876]
2026-03-07 18:01:34,161 | INFO | Selecting frames for question n24n_20Kwe4_0 on video n24n_20Kwe4.mp4: frames=593 tags=4
2026-03-07 18:01:37,423 | INFO | Selected 32 frames for question n24n_20Kwe4_0: [839, 869, 899, 1228, 1258, 1288, 1318, 1708, 1738, 5424, 5604, 5814, 5844, 5874, 8871, 8901, 9020, 9560, 9620, 10009, 10309, 12497, 12527, 12557, 13096, 13126, 13156, 13996, 14025, 14055, 15194, 15224]
2026-03-07 18:01:37,423 | INFO | Selecting frames for question n24n_20Kwe4_1 on video n24n_20Kwe4.mp4: frames=593 tags=4
2026-03-07 18:01:41,175 | INFO | Selected 32 frames for question n24n_20Kwe4_1: [1618, 1648, 5094, 5124, 5154, 5214, 5334, 5364, 5394, 5484, 5664, 5694, 8661, 11238, 11268, 11298, 11328, 11478, 11658, 11838, 11868, 11898, 11928, 12167, 13276, 13306, 13336, 13666, 16453, 16483, 16513, 16543]
2026-03-07 18:01:41,176 | INFO | Selecting frames for question sHUEJw1BsGQ_0 on video sHUEJw1BsGQ.mp4: frames=470 tags=4
2026-03-07 18:01:43,186 | INFO | Selected 32 frames for question sHUEJw1BsGQ_0: [0, 29, 569, 3686, 3716, 4345, 4375, 4405, 4435, 4465, 4495, 4555, 4585, 4615, 4885, 5784, 5814, 8691, 8901, 9260, 9710, 9740, 10009, 10129, 10279, 10609, 10699, 10729, 10879, 12467, 12677, 12887]
2026-03-07 18:01:43,186 | INFO | Selecting frames for question sHUEJw1BsGQ_1 on video sHUEJw1BsGQ.mp4: frames=470 tags=4
2026-03-07 18:01:45,379 | INFO | Selected 32 frames for question sHUEJw1BsGQ_1: [299, 3116, 3176, 3446, 3476, 5814, 8271, 8511, 8841, 8931, 8961, 9230, 9260, 9320, 9590, 9860, 10009, 10189, 10759, 10789, 10909, 10939, 11208, 11328, 11358, 13126, 13156, 13186, 13276, 13366, 13396, 13486]
2026-03-07 18:01:45,380 | INFO | Selecting frames for question XJ6REZOXsvM_0 on video XJ6REZOXsvM.mp4: frames=588 tags=4
2026-03-07 18:01:49,777 | INFO | Selected 32 frames for question XJ6REZOXsvM_0: [143, 167, 191, 215, 2661, 4915, 5370, 5394, 5418, 5442, 5490, 5514, 5874, 5898, 5922, 5946, 6089, 6113, 6137, 6233, 6257, 6281, 8463, 8487, 8535, 8847, 8871, 8919, 8943, 8967, 8991, 9014]
2026-03-07 18:01:49,777 | INFO | Selecting frames for question XJ6REZOXsvM_1 on video XJ6REZOXsvM.mp4: frames=588 tags=4
2026-03-07 18:01:54,069 | INFO | Selected 32 frames for question XJ6REZOXsvM_1: [1822, 1942, 1990, 2037, 2061, 2181, 2205, 4891, 5538, 5994, 6041, 6185, 8319, 8343, 8367, 8823, 8847, 8871, 8895, 9014, 9038, 9830, 9854, 10021, 10045, 10069, 10093, 10117, 10141, 10165, 10261, 11004]
2026-03-07 18:01:54,073 | INFO | Selecting frames for question pPJq1rMDRGs_0 on video pPJq1rMDRGs.mp4: frames=484 tags=4
2026-03-07 18:01:57,083 | INFO | Selected 32 frames for question pPJq1rMDRGs_0: [870, 1050, 1080, 1260, 1290, 2130, 2430, 2460, 2490, 3270, 3300, 5640, 6030, 6600, 7200, 7230, 8640, 8700, 8820, 8850, 8880, 8940, 9240, 9270, 9630, 10470, 11580, 11730, 12420, 12450, 12480, 12780]
2026-03-07 18:01:57,084 | INFO | Selecting frames for question pPJq1rMDRGs_1 on video pPJq1rMDRGs.mp4: frames=484 tags=4
2026-03-07 18:01:59,923 | INFO | Selected 32 frames for question pPJq1rMDRGs_1: [870, 1260, 2130, 2460, 2490, 3270, 3300, 5070, 5640, 6030, 6600, 6720, 7200, 7230, 7950, 7980, 8640, 8700, 8820, 8850, 8880, 8940, 9240, 9270, 9630, 10470, 11580, 11730, 12420, 12450, 12480, 12780]
2026-03-07 18:01:59,924 | INFO | Selecting frames for question tWiGnu2BNsY_0 on video tWiGnu2BNsY.mp4: frames=585 tags=4
2026-03-07 18:02:04,183 | INFO | Selected 32 frames for question tWiGnu2BNsY_0: [1140, 2760, 2820, 2940, 3060, 3390, 4770, 5070, 6180, 6210, 6240, 6270, 6300, 6330, 6360, 6390, 6420, 6450, 6480, 6510, 6600, 6630, 9570, 9600, 11430, 11460, 11490, 11520, 11550, 11580, 15360, 15960]
2026-03-07 18:02:04,183 | INFO | Selecting frames for question tWiGnu2BNsY_1 on video tWiGnu2BNsY.mp4: frames=585 tags=4
2026-03-07 18:02:08,476 | INFO | Selected 32 frames for question tWiGnu2BNsY_1: [4200, 4290, 4350, 5070, 6600, 7560, 7920, 7980, 8010, 8700, 8730, 9000, 12120, 13470, 13500, 13530, 13560, 13590, 13620, 13650, 13680, 13710, 13830, 13860, 13890, 13950, 13980, 14010, 14040, 14070, 15570, 15600]
2026-03-07 18:02:08,477 | INFO | Selecting frames for question LAQRjgx_OY8_0 on video LAQRjgx_OY8.mp4: frames=468 tags=4
2026-03-07 18:02:11,246 | INFO | Selected 32 frames for question LAQRjgx_OY8_0: [269, 299, 869, 2007, 2037, 2277, 2337, 2367, 2517, 3266, 3296, 3326, 3356, 5334, 5364, 5454, 5604, 5634, 5664, 5694, 5814, 5844, 5964, 6893, 6923, 6953, 8331, 8571, 9020, 9050, 10969, 11088]
2026-03-07 18:02:11,246 | INFO | Selecting frames for question LAQRjgx_OY8_1 on video LAQRjgx_OY8.mp4: frames=468 tags=4
2026-03-07 18:02:13,950 | INFO | Selected 32 frames for question LAQRjgx_OY8_1: [1168, 1198, 1228, 1258, 1288, 1318, 1348, 1738, 1768, 4375, 4405, 4435, 6503, 6533, 6563, 7042, 7072, 8331, 8361, 8391, 8721, 8751, 8781, 9290, 9560, 9980, 10069, 11628, 12887, 12917, 12947, 13096]
2026-03-07 18:02:13,950 | INFO | Selecting frames for question @movie.explained6-7259227637992705282_0 on video 7259227637992705282.mp4: frames=60 tags=4
2026-03-07 18:02:13,975 | INFO | Selected 32 frames for question @movie.explained6-7259227637992705282_0: [0, 30, 60, 90, 120, 150, 180, 210, 240, 270, 300, 330, 390, 420, 450, 480, 600, 630, 660, 720, 750, 780, 930, 960, 990, 1050, 1110, 1140, 1170, 1200, 1230, 1260]
2026-03-07 18:02:13,975 | INFO | Selecting frames for question @movie.explained6-7253164232307379457_0 on video 7253164232307379457.mp4: frames=60 tags=4
2026-03-07 18:02:14,008 | INFO | Selected 32 frames for question @movie.explained6-7253164232307379457_0: [25, 50, 125, 150, 175, 200, 300, 325, 350, 375, 400, 750, 775, 825, 850, 875, 900, 925, 950, 975, 1000, 1025, 1050, 1075, 1100, 1225, 1250, 1275, 1325, 1400, 1450, 1475]
2026-03-07 18:02:14,008 | INFO | Selecting frames for question @movie.explained6-7280742496882134274_0 on video 7280742496882134274.mp4: frames=57 tags=4
2026-03-07 18:02:14,040 | INFO | Selected 32 frames for question @movie.explained6-7280742496882134274_0: [60, 90, 300, 330, 360, 390, 420, 480, 510, 540, 570, 600, 630, 660, 690, 720, 750, 780, 810, 840, 930, 960, 1200, 1230, 1260, 1320, 1350, 1380, 1410, 1620, 1650, 1680]
2026-03-07 18:02:14,041 | INFO | Selecting frames for question @movie.explained6-7262938043315686664_0 on video 7262938043315686664.mp4: frames=51 tags=4
2026-03-07 18:02:14,063 | INFO | Selected 32 frames for question @movie.explained6-7262938043315686664_0: [0, 25, 50, 75, 100, 125, 150, 300, 325, 375, 475, 525, 550, 575, 625, 650, 725, 825, 875, 925, 950, 975, 1000, 1025, 1050, 1075, 1100, 1150, 1175, 1200, 1225, 1250]
2026-03-07 18:02:14,063 | INFO | Selecting frames for question @movie.explained6-7268167132591000833_0 on video 7268167132591000833.mp4: frames=56 tags=4
2026-03-07 18:02:14,093 | INFO | Selected 32 frames for question @movie.explained6-7268167132591000833_0: [150, 180, 210, 240, 270, 300, 330, 390, 450, 510, 600, 720, 750, 780, 810, 840, 870, 900, 990, 1020, 1050, 1080, 1110, 1140, 1320, 1350, 1470, 1500, 1530, 1560, 1590, 1650]
2026-03-07 18:02:14,093 | INFO | Selecting frames for question @movie.explained6-7277548218106367234_0 on video 7277548218106367234.mp4: frames=49 tags=4
2026-03-07 18:02:14,114 | INFO | Selected 32 frames for question @movie.explained6-7277548218106367234_0: [0, 25, 50, 75, 175, 375, 400, 425, 450, 475, 500, 525, 550, 575, 600, 625, 675, 700, 725, 750, 775, 800, 825, 850, 875, 900, 925, 1075, 1100, 1150, 1175, 1200]
2026-03-07 18:02:14,115 | INFO | Selecting frames for question @movie.explained6-7269647281668852993_0 on video 7269647281668852993.mp4: frames=59 tags=4
2026-03-07 18:02:14,145 | INFO | Selected 32 frames for question @movie.explained6-7269647281668852993_0: [0, 30, 60, 90, 120, 150, 180, 210, 240, 300, 330, 360, 480, 600, 630, 660, 690, 780, 810, 990, 1140, 1170, 1200, 1260, 1290, 1560, 1590, 1620, 1650, 1680, 1710, 1740]
2026-03-07 18:02:14,146 | INFO | Selecting frames for question @movie.explained6-7267308320413797650_0 on video 7267308320413797650.mp4: frames=60 tags=4
2026-03-07 18:02:14,174 | INFO | Selected 32 frames for question @movie.explained6-7267308320413797650_0: [150, 180, 390, 420, 510, 540, 570, 600, 630, 660, 690, 720, 750, 780, 870, 900, 930, 960, 1080, 1110, 1260, 1290, 1350, 1380, 1440, 1470, 1500, 1530, 1560, 1590, 1650, 1710]
2026-03-07 18:02:14,174 | INFO | Selecting frames for question @movie.explained6-7275653401025826050_0 on video 7275653401025826050.mp4: frames=60 tags=4
2026-03-07 18:02:14,208 | INFO | Selected 32 frames for question @movie.explained6-7275653401025826050_0: [120, 150, 180, 330, 360, 390, 420, 570, 600, 630, 720, 750, 810, 870, 900, 930, 990, 1140, 1170, 1200, 1290, 1320, 1350, 1380, 1410, 1440, 1470, 1560, 1650, 1710, 1740, 1770]
2026-03-07 18:02:14,208 | INFO | Selecting frames for question @movie.explained6-7267884432420277506_0 on video 7267884432420277506.mp4: frames=60 tags=4
2026-03-07 18:02:14,243 | INFO | Selected 32 frames for question @movie.explained6-7267884432420277506_0: [23, 71, 167, 239, 263, 527, 551, 575, 599, 623, 647, 671, 695, 719, 743, 767, 791, 911, 959, 983, 1006, 1054, 1078, 1102, 1126, 1174, 1246, 1318, 1342, 1366, 1390, 1414]
2026-03-07 18:02:14,243 | INFO | Selecting frames for question @movie.explained6-7268213090708245761_0 on video 7268213090708245761.mp4: frames=56 tags=4
2026-03-07 18:02:14,272 | INFO | Selected 32 frames for question @movie.explained6-7268213090708245761_0: [0, 30, 60, 150, 180, 300, 330, 570, 600, 630, 660, 690, 720, 750, 810, 840, 870, 900, 1050, 1080, 1170, 1230, 1260, 1320, 1350, 1380, 1410, 1500, 1530, 1590, 1620, 1650]
2026-03-07 18:02:14,273 | INFO | Selecting frames for question @movie.explained6-7269746510462536962_0 on video 7269746510462536962.mp4: frames=58 tags=4
2026-03-07 18:02:14,304 | INFO | Selected 32 frames for question @movie.explained6-7269746510462536962_0: [0, 30, 60, 90, 120, 150, 180, 210, 240, 270, 300, 330, 360, 390, 420, 450, 480, 510, 540, 570, 750, 840, 870, 900, 1200, 1320, 1350, 1410, 1560, 1590, 1620, 1650]
2026-03-07 18:02:14,304 | INFO | Selecting frames for question @movie.explained6-7270293967017725185_0 on video 7270293967017725185.mp4: frames=48 tags=4
2026-03-07 18:02:14,323 | INFO | Selected 32 frames for question @movie.explained6-7270293967017725185_0: [90, 120, 150, 210, 330, 390, 420, 450, 510, 540, 570, 600, 630, 660, 690, 720, 780, 810, 840, 870, 900, 930, 960, 990, 1080, 1110, 1200, 1230, 1260, 1350, 1380, 1410]
2026-03-07 18:02:14,323 | INFO | Selecting frames for question @movie.explained6-7254238802577820929_0 on video 7254238802577820929.mp4: frames=54 tags=4
2026-03-07 18:02:14,348 | INFO | Selected 32 frames for question @movie.explained6-7254238802577820929_0: [29, 59, 89, 149, 179, 209, 239, 269, 389, 449, 479, 509, 539, 569, 659, 689, 809, 929, 959, 1018, 1048, 1078, 1108, 1138, 1168, 1198, 1228, 1258, 1348, 1408, 1468, 1588]
2026-03-07 18:02:14,348 | INFO | Selecting frames for question @movie.explained6-7269006883380399362_0 on video 7269006883380399362.mp4: frames=57 tags=4
2026-03-07 18:02:14,378 | INFO | Selected 32 frames for question @movie.explained6-7269006883380399362_0: [180, 210, 240, 270, 300, 360, 450, 480, 510, 540, 570, 600, 660, 690, 720, 810, 1020, 1050, 1080, 1110, 1260, 1290, 1320, 1350, 1380, 1410, 1440, 1470, 1500, 1530, 1620, 1680]
2026-03-07 18:02:14,379 | INFO | Selecting frames for question @movie.explained6-7270058010888768770_0 on video 7270058010888768770.mp4: frames=40 tags=4
2026-03-07 18:02:14,392 | INFO | Selected 32 frames for question @movie.explained6-7270058010888768770_0: [0, 60, 90, 120, 150, 180, 240, 300, 330, 360, 390, 450, 480, 510, 540, 570, 600, 630, 660, 690, 720, 750, 780, 810, 870, 930, 960, 990, 1020, 1050, 1080, 1110]
2026-03-07 18:02:14,392 | INFO | Selecting frames for question @kerstinong-7074483613273754882_0 on video 7074483613273754882.mp4: frames=47 tags=4
2026-03-07 18:02:14,412 | INFO | Selected 32 frames for question @kerstinong-7074483613273754882_0: [0, 30, 60, 90, 120, 180, 240, 270, 300, 330, 360, 420, 450, 480, 540, 570, 600, 630, 720, 750, 780, 840, 870, 930, 960, 1110, 1140, 1200, 1230, 1260, 1320, 1350]
2026-03-07 18:02:14,412 | INFO | Selecting frames for question @lisolna-7288701821369978144_0 on video 7288701821369978144.mp4: frames=60 tags=4
2026-03-07 18:02:14,446 | INFO | Selected 32 frames for question @lisolna-7288701821369978144_0: [0, 30, 60, 90, 120, 240, 270, 300, 330, 360, 390, 420, 450, 480, 510, 540, 570, 600, 630, 660, 690, 840, 870, 900, 930, 1020, 1140, 1440, 1470, 1500, 1680, 1740]
2026-03-07 18:02:14,447 | INFO | Selecting frames for question @jonijawne-7197144530024500485_0 on video 7197144530024500485.mp4: frames=38 tags=4
2026-03-07 18:02:14,459 | INFO | Selected 32 frames for question @jonijawne-7197144530024500485_0: [0, 60, 120, 180, 240, 300, 360, 420, 480, 540, 600, 780, 840, 900, 960, 1020, 1080, 1140, 1200, 1260, 1320, 1380, 1500, 1620, 1680, 1740, 1800, 1860, 1920, 1980, 2040, 2100]
2026-03-07 18:02:14,459 | INFO | Selecting frames for question @lisolna-7284252812194729248_0 on video 7284252812194729248.mp4: frames=60 tags=4
2026-03-07 18:02:14,489 | INFO | Selected 32 frames for question @lisolna-7284252812194729248_0: [30, 60, 120, 150, 180, 210, 240, 300, 390, 420, 450, 510, 540, 600, 660, 1020, 1050, 1080, 1110, 1230, 1350, 1410, 1440, 1470, 1500, 1530, 1560, 1590, 1650, 1680, 1710, 1740]
2026-03-07 18:02:14,490 | INFO | Selecting frames for question @emsiiees-7296863219178638594_0 on video 7296863219178638594.mp4: frames=37 tags=4
2026-03-07 18:02:14,501 | INFO | Selected 32 frames for question @emsiiees-7296863219178638594_0: [0, 30, 60, 90, 120, 150, 180, 210, 240, 270, 300, 330, 360, 390, 420, 450, 480, 510, 540, 630, 690, 750, 780, 840, 870, 900, 930, 960, 990, 1020, 1050, 1080]
2026-03-07 18:02:14,501 | INFO | Selecting frames for question @lisolna-7184160724715883781_0 on video 7184160724715883781.mp4: frames=22 tags=4
2026-03-07 18:02:14,501 | INFO | Selected 22 frames for question @lisolna-7184160724715883781_0: [0, 30, 60, 90, 120, 150, 180, 210, 240, 270, 300, 330, 360, 390, 420, 450, 480, 510, 540, 570, 600, 630]
2026-03-07 18:02:14,501 | INFO | Selecting frames for question @jonijawne-7214559428471770374_0 on video 7214559428471770374.mp4: frames=28 tags=4
2026-03-07 18:02:14,501 | INFO | Selected 28 frames for question @jonijawne-7214559428471770374_0: [0, 30, 60, 90, 120, 150, 180, 210, 240, 270, 300, 330, 360, 390, 420, 450, 480, 510, 540, 570, 600, 630, 660, 690, 720, 750, 780, 810]
2026-03-07 18:02:14,501 | INFO | Selecting frames for question @lisolna-7321010343067618592_0 on video 7321010343067618592.mp4: frames=60 tags=4
2026-03-07 18:02:14,535 | INFO | Selected 32 frames for question @lisolna-7321010343067618592_0: [0, 30, 60, 90, 120, 150, 180, 210, 240, 270, 300, 330, 360, 390, 420, 450, 630, 690, 780, 810, 840, 870, 900, 930, 960, 990, 1020, 1050, 1170, 1320, 1350, 1380]
2026-03-07 18:02:14,535 | INFO | Selecting frames for question @jess.morg-7206809277867052330_0 on video 7206809277867052330.mp4: frames=34 tags=4
2026-03-07 18:02:14,544 | INFO | Selected 32 frames for question @jess.morg-7206809277867052330_0: [0, 30, 60, 90, 120, 150, 180, 210, 240, 270, 300, 390, 420, 450, 480, 510, 540, 570, 600, 630, 660, 690, 720, 750, 780, 810, 840, 870, 900, 930, 960, 990]
2026-03-07 18:02:14,544 | INFO | Selecting frames for question @lisolna-7359951777845775648_0 on video 7359951777845775648.mp4: frames=60 tags=4
2026-03-07 18:02:14,578 | INFO | Selected 32 frames for question @lisolna-7359951777845775648_0: [0, 30, 60, 90, 180, 210, 270, 360, 450, 540, 630, 660, 750, 870, 960, 990, 1110, 1140, 1230, 1320, 1350, 1380, 1410, 1440, 1470, 1500, 1530, 1590, 1620, 1650, 1680, 1770]
2026-03-07 18:02:14,579 | INFO | Selecting frames for question @jess.morg-7203120578537049386_0 on video 7203120578537049386.mp4: frames=20 tags=4
2026-03-07 18:02:14,579 | INFO | Selected 20 frames for question @jess.morg-7203120578537049386_0: [0, 30, 60, 90, 120, 150, 180, 210, 240, 270, 300, 330, 360, 390, 420, 450, 480, 510, 540, 570]
2026-03-07 18:02:14,579 | INFO | Selecting frames for question @kerstinong-7197781091162279169_0 on video 7197781091162279169.mp4: frames=19 tags=4
2026-03-07 18:02:14,580 | INFO | Selected 19 frames for question @kerstinong-7197781091162279169_0: [0, 30, 60, 90, 120, 150, 180, 210, 240, 270, 300, 330, 360, 390, 420, 450, 480, 510, 540]
2026-03-07 18:02:14,580 | INFO | Selecting frames for question @lisolna-7198577717292322054_0 on video 7198577717292322054.mp4: frames=18 tags=4
2026-03-07 18:02:14,580 | INFO | Selected 18 frames for question @lisolna-7198577717292322054_0: [0, 30, 60, 90, 120, 150, 180, 210, 240, 270, 300, 330, 360, 390, 420, 450, 480, 510]
2026-03-07 18:02:14,580 | INFO | Selecting frames for question @lisolna-7333990579963039009_0 on video 7333990579963039009.mp4: frames=60 tags=4
2026-03-07 18:02:14,612 | INFO | Selected 32 frames for question @lisolna-7333990579963039009_0: [0, 30, 60, 120, 150, 180, 210, 240, 270, 300, 390, 420, 450, 630, 750, 930, 1050, 1080, 1140, 1170, 1260, 1290, 1320, 1380, 1410, 1440, 1500, 1530, 1560, 1650, 1680, 1770]
2026-03-07 18:02:14,612 | INFO | Selecting frames for question @kerstinong-7254520467002854657_0 on video 7254520467002854657.mp4: frames=60 tags=4
2026-03-07 18:02:14,644 | INFO | Selected 32 frames for question @kerstinong-7254520467002854657_0: [90, 120, 150, 180, 330, 450, 480, 660, 690, 720, 750, 780, 810, 870, 960, 1020, 1050, 1080, 1110, 1140, 1170, 1200, 1230, 1320, 1350, 1380, 1410, 1440, 1470, 1500, 1560, 1680]
2026-03-07 18:02:14,645 | INFO | Selecting frames for question @lisolna-7265680288636767520_0 on video 7265680288636767520.mp4: frames=53 tags=4
2026-03-07 18:02:14,670 | INFO | Selected 32 frames for question @lisolna-7265680288636767520_0: [0, 30, 60, 90, 120, 150, 420, 450, 480, 540, 570, 690, 720, 750, 780, 810, 840, 870, 900, 930, 960, 990, 1020, 1050, 1080, 1110, 1140, 1170, 1230, 1260, 1530, 1560]
2026-03-07 18:02:14,670 | INFO | Selecting frames for question @lisolna-7235995901477604635_0 on video 7235995901477604635.mp4: frames=36 tags=4
2026-03-07 18:02:14,680 | INFO | Selected 32 frames for question @lisolna-7235995901477604635_0: [0, 54, 108, 162, 216, 270, 324, 378, 432, 486, 594, 648, 702, 756, 810, 918, 972, 1026, 1080, 1134, 1188, 1242, 1296, 1350, 1404, 1512, 1566, 1620, 1675, 1729, 1783, 1837]
2026-03-07 18:02:14,681 | INFO | Selecting frames for question @kerstinong-7097604725134118146_0 on video 7097604725134118146.mp4: frames=16 tags=4
2026-03-07 18:02:14,681 | INFO | Selected 16 frames for question @kerstinong-7097604725134118146_0: [0, 30, 60, 90, 120, 150, 180, 210, 240, 270, 300, 330, 360, 390, 420, 450]
2026-03-07 18:02:14,681 | INFO | Selecting frames for question VNvH5u5CWV8_0 on video VNvH5u5CWV8.mp4: frames=13 tags=4
2026-03-07 18:02:14,681 | INFO | Selected 13 frames for question VNvH5u5CWV8_0: [0, 25, 50, 75, 100, 125, 150, 175, 200, 225, 250, 275, 300]
2026-03-07 18:02:14,682 | INFO | Selecting frames for question baFsMWNavQ4_0 on video baFsMWNavQ4.mp4: frames=14 tags=4
2026-03-07 18:02:14,682 | INFO | Selected 14 frames for question baFsMWNavQ4_0: [0, 23, 47, 71, 95, 119, 143, 167, 191, 215, 239, 263, 287, 311]
2026-03-07 18:02:14,682 | INFO | Selecting frames for question akoJDx23QWU_0 on video akoJDx23QWU.mp4: frames=14 tags=4
2026-03-07 18:02:14,682 | INFO | Selected 14 frames for question akoJDx23QWU_0: [0, 23, 47, 71, 95, 119, 143, 167, 191, 215, 239, 263, 287, 311]
2026-03-07 18:02:14,682 | INFO | Selecting frames for question MTmUo6QITo4_0 on video MTmUo6QITo4.mp4: frames=13 tags=4
2026-03-07 18:02:14,683 | INFO | Selected 13 frames for question MTmUo6QITo4_0: [0, 29, 59, 89, 119, 149, 179, 209, 239, 269, 299, 329, 359]
2026-03-07 18:02:14,683 | INFO | Selecting frames for question zU3bjOKfsww_0 on video zU3bjOKfsww.mp4: frames=12 tags=4
2026-03-07 18:02:14,683 | INFO | Selected 12 frames for question zU3bjOKfsww_0: [0, 25, 50, 75, 100, 125, 150, 175, 200, 225, 250, 275]
2026-03-07 18:02:14,683 | INFO | Selecting frames for question qZVBFAtfp2A_0 on video qZVBFAtfp2A.mp4: frames=10 tags=4
2026-03-07 18:02:14,684 | INFO | Selected 10 frames for question qZVBFAtfp2A_0: [0, 23, 47, 71, 95, 119, 143, 167, 191, 215]
2026-03-07 18:02:14,684 | INFO | Selecting frames for question Uy_o-WCq2Cc_0 on video Uy_o-WCq2Cc.mp4: frames=11 tags=4
2026-03-07 18:02:14,684 | INFO | Selected 11 frames for question Uy_o-WCq2Cc_0: [0, 23, 47, 71, 95, 119, 143, 167, 191, 215, 239]
2026-03-07 18:02:14,684 | INFO | Selecting frames for question q2bpkhjNxf0_0 on video q2bpkhjNxf0.mp4: frames=9 tags=4
2026-03-07 18:02:14,684 | INFO | Selected 9 frames for question q2bpkhjNxf0_0: [0, 29, 59, 89, 119, 149, 179, 209, 239]
2026-03-07 18:02:14,684 | INFO | Selecting frames for question z8YF-D-t7AI_0 on video z8YF-D-t7AI.mp4: frames=13 tags=4
2026-03-07 18:02:14,684 | INFO | Selected 13 frames for question z8YF-D-t7AI_0: [0, 23, 47, 71, 95, 119, 143, 167, 191, 215, 239, 263, 287]
2026-03-07 18:02:14,685 | INFO | Selecting frames for question wl58wNMvi6Y_0 on video wl58wNMvi6Y.mp4: frames=13 tags=4
2026-03-07 18:02:14,685 | INFO | Selected 13 frames for question wl58wNMvi6Y_0: [0, 23, 47, 71, 95, 119, 143, 167, 191, 215, 239, 263, 287]
2026-03-07 18:02:14,685 | INFO | Selecting frames for question u5NAcHhI_Uc_0 on video u5NAcHhI_Uc.mp4: frames=8 tags=4
2026-03-07 18:02:14,685 | INFO | Selected 8 frames for question u5NAcHhI_Uc_0: [0, 24, 48, 72, 96, 120, 144, 168]
2026-03-07 18:02:14,685 | INFO | Selecting frames for question sWfcgeDth_w_0 on video sWfcgeDth_w.mp4: frames=9 tags=4
2026-03-07 18:02:14,686 | INFO | Selected 9 frames for question sWfcgeDth_w_0: [0, 30, 60, 90, 120, 150, 180, 210, 240]
2026-03-07 18:02:14,686 | INFO | Selecting frames for question N2mrK33gCYE_0 on video N2mrK33gCYE.mp4: frames=14 tags=4
2026-03-07 18:02:14,686 | INFO | Selected 14 frames for question N2mrK33gCYE_0: [0, 23, 47, 71, 95, 119, 143, 167, 191, 215, 239, 263, 287, 311]
2026-03-07 18:02:14,686 | INFO | Selecting frames for question VLInjyogciw_0 on video VLInjyogciw.mp4: frames=13 tags=4
2026-03-07 18:02:14,686 | INFO | Selected 13 frames for question VLInjyogciw_0: [0, 29, 59, 89, 119, 149, 179, 209, 239, 269, 299, 329, 359]
2026-03-07 18:02:14,686 | INFO | Selecting frames for question kONR5_mHofA_0 on video kONR5_mHofA.mp4: frames=13 tags=4
2026-03-07 18:02:14,687 | INFO | Selected 13 frames for question kONR5_mHofA_0: [0, 29, 59, 89, 119, 149, 179, 209, 239, 269, 299, 329, 359]
2026-03-07 18:02:14,687 | INFO | Selecting frames for question 5Hn1UhlLphk_0 on video 5Hn1UhlLphk.mp4: frames=8 tags=4
2026-03-07 18:02:14,687 | INFO | Selected 8 frames for question 5Hn1UhlLphk_0: [0, 23, 47, 71, 95, 119, 143, 167]
2026-03-07 18:02:14,687 | INFO | Selecting frames for question cceTeD4JADU_1 on video cceTeD4JADU.mp4: frames=10 tags=4
2026-03-07 18:02:14,687 | INFO | Selected 10 frames for question cceTeD4JADU_1: [0, 29, 59, 89, 119, 149, 179, 209, 239, 269]
2026-03-07 18:02:14,688 | INFO | Selecting frames for question YiHjsOqxtk0_0 on video YiHjsOqxtk0.mp4: frames=11 tags=4
2026-03-07 18:02:14,688 | INFO | Selected 11 frames for question YiHjsOqxtk0_0: [0, 23, 47, 71, 95, 119, 143, 167, 191, 215, 239]
2026-03-07 18:02:14,688 | INFO | Selecting frames for question bgklOaBBmB8_1 on video bgklOaBBmB8.mp4: frames=12 tags=4
2026-03-07 18:02:14,688 | INFO | Selected 12 frames for question bgklOaBBmB8_1: [0, 29, 59, 89, 119, 149, 179, 209, 239, 269, 299, 329]
2026-03-07 18:02:14,688 | INFO | Selecting frames for question -QSAotqKqX8_1 on video -QSAotqKqX8.mp4: frames=8 tags=4
2026-03-07 18:02:14,688 | INFO | Selected 8 frames for question -QSAotqKqX8_1: [0, 29, 59, 89, 119, 149, 179, 209]
2026-03-07 18:02:14,688 | INFO | Selecting frames for question @recipesbyanne-7153617149041446150_0 on video 7153617149041446150.mp4: frames=9 tags=4
2026-03-07 18:02:14,688 | INFO | Selected 9 frames for question @recipesbyanne-7153617149041446150_0: [0, 30, 60, 90, 120, 150, 180, 210, 240]
2026-03-07 18:02:14,688 | INFO | Selecting frames for question @kelseyinlondon-7068018011139050758_0 on video 7068018011139050758.mp4: frames=10 tags=4
2026-03-07 18:02:14,689 | INFO | Selected 10 frames for question @kelseyinlondon-7068018011139050758_0: [0, 30, 60, 90, 120, 150, 180, 210, 240, 270]
2026-03-07 18:02:14,689 | INFO | Selecting frames for question @placesunleashed-7293176969531870470_0 on video 7293176969531870470.mp4: frames=14 tags=4
2026-03-07 18:02:14,689 | INFO | Selected 14 frames for question @placesunleashed-7293176969531870470_0: [0, 30, 60, 90, 120, 150, 180, 210, 240, 270, 300, 330, 360, 390]
2026-03-07 18:02:14,689 | INFO | Selecting frames for question @kelseyinlondon-7094322812327906565_0 on video 7094322812327906565.mp4: frames=11 tags=4
2026-03-07 18:02:14,689 | INFO | Selected 11 frames for question @kelseyinlondon-7094322812327906565_0: [0, 30, 60, 90, 120, 150, 180, 210, 240, 270, 300]
2026-03-07 18:02:14,689 | INFO | Selecting frames for question @_eat_sleep_travel_repeat-7296468146473536800_0 on video 7296468146473536800.mp4: frames=12 tags=4
2026-03-07 18:02:14,689 | INFO | Selected 12 frames for question @_eat_sleep_travel_repeat-7296468146473536800_0: [0, 30, 60, 90, 120, 150, 180, 210, 240, 270, 300, 330]
2026-03-07 18:02:14,689 | INFO | Selecting frames for question @movie.explained6-7268936523481943297_0 on video 7268936523481943297.mp4: frames=12 tags=4
2026-03-07 18:02:14,689 | INFO | Selected 12 frames for question @movie.explained6-7268936523481943297_0: [0, 30, 60, 90, 120, 150, 180, 210, 240, 270, 300, 330]
2026-03-07 18:02:14,689 | INFO | Selecting frames for question @movie.explained6-7257359603489443073_0 on video 7257359603489443073.mp4: frames=12 tags=4
2026-03-07 18:02:14,689 | INFO | Selected 12 frames for question @movie.explained6-7257359603489443073_0: [0, 25, 50, 75, 100, 125, 150, 175, 200, 225, 250, 275]
2026-03-07 18:02:14,689 | INFO | Selecting frames for question UKU-W5bBCwY_0 on video UKU-W5bBCwY.mp4: frames=9 tags=4
2026-03-07 18:02:14,689 | INFO | Selected 9 frames for question UKU-W5bBCwY_0: [0, 29, 59, 89, 119, 149, 179, 209, 239]
2026-03-07 18:02:14,689 | INFO | Selecting frames for question VGQ_djSR7zE_0 on video VGQ_djSR7zE.mp4: frames=8 tags=4
2026-03-07 18:02:14,689 | INFO | Selected 8 frames for question VGQ_djSR7zE_0: [0, 29, 59, 89, 119, 149, 179, 209]
2026-03-07 18:02:14,690 | INFO | Selecting frames for question 0rWA-p4p5IM_0 on video 0rWA-p4p5IM.mp4: frames=461 tags=4
2026-03-07 18:02:17,367 | INFO | Selected 32 frames for question 0rWA-p4p5IM_0: [1630, 1654, 1702, 1726, 1966, 1990, 2013, 2037, 2061, 2085, 2133, 2157, 3572, 7768, 8127, 8559, 8823, 8847, 8871, 8895, 8919, 8943, 8967, 8991, 9014, 9086, 9302, 9326, 9350, 9446, 9494, 9566]
2026-03-07 18:02:17,368 | INFO | Selecting frames for question 0rWA-p4p5IM_1 on video 0rWA-p4p5IM.mp4: frames=461 tags=4
2026-03-07 18:02:20,048 | INFO | Selected 32 frames for question 0rWA-p4p5IM_1: [959, 1054, 1078, 1102, 1126, 1150, 1390, 1606, 1630, 1654, 1678, 1702, 1726, 1750, 1918, 1942, 1966, 1990, 2013, 2037, 2061, 2085, 2133, 2157, 2733, 2757, 3524, 4027, 5946, 6041, 6425, 6449]
2026-03-07 18:02:20,048 | INFO | Selecting frames for question fvCrE5NCsts_0 on video fvCrE5NCsts.mp4: frames=511 tags=4
2026-03-07 18:02:22,536 | INFO | Selected 32 frames for question fvCrE5NCsts_0: [2667, 2937, 2967, 2997, 3026, 3056, 3386, 3416, 3446, 3596, 3626, 3656, 3686, 3716, 3746, 3776, 3806, 3836, 5304, 5364, 5394, 5424, 8121, 8151, 9050, 9080, 9110, 9140, 9170, 9200, 9230, 12437]
2026-03-07 18:02:22,536 | INFO | Selecting frames for question fvCrE5NCsts_1 on video fvCrE5NCsts.mp4: frames=511 tags=4
2026-03-07 18:02:24,926 | INFO | Selected 32 frames for question fvCrE5NCsts_1: [1108, 1138, 1168, 1198, 3386, 3416, 3446, 5304, 5334, 5364, 5394, 5424, 5454, 5514, 5604, 6983, 9050, 9080, 9110, 9140, 9170, 9200, 9230, 9260, 9320, 12227, 12377, 12407, 12437, 12467, 12497, 12527]
2026-03-07 18:02:24,926 | INFO | Selecting frames for question 8905KCkLDYc_0 on video 8905KCkLDYc.mp4: frames=497 tags=4
2026-03-07 18:02:27,072 | INFO | Selected 32 frames for question 8905KCkLDYc_0: [59, 1498, 1528, 1828, 1858, 1888, 1918, 2097, 5454, 5484, 5514, 5544, 6293, 6353, 7492, 7852, 10189, 10219, 10249, 10279, 10309, 10339, 10639, 10759, 11028, 11748, 11778, 11808, 12377, 13876, 14475, 14535]
2026-03-07 18:02:27,072 | INFO | Selecting frames for question 8905KCkLDYc_1 on video 8905KCkLDYc.mp4: frames=497 tags=4
2026-03-07 18:02:29,282 | INFO | Selected 32 frames for question 8905KCkLDYc_1: [59, 1888, 1918, 3206, 6593, 6623, 6653, 8961, 9080, 9380, 9410, 9470, 9950, 9980, 10009, 10609, 10879, 11058, 11148, 11208, 11358, 11388, 11418, 11688, 11718, 11748, 11778, 11808, 13876, 14205, 14235, 14865]
2026-03-07 18:02:29,282 | INFO | Selecting frames for question 6qLYX6bzsl4_0 on video 6qLYX6bzsl4.mp4: frames=307 tags=4
2026-03-07 18:02:30,065 | INFO | Selected 32 frames for question 6qLYX6bzsl4_0: [0, 30, 60, 90, 150, 180, 3090, 3540, 3570, 3600, 3630, 3660, 3690, 3720, 3750, 3840, 4020, 4050, 4110, 4170, 4230, 5010, 5040, 5130, 5190, 5220, 5640, 5670, 5700, 5730, 6360, 8910]
2026-03-07 18:02:30,065 | INFO | Selecting frames for question 6qLYX6bzsl4_1 on video 6qLYX6bzsl4.mp4: frames=307 tags=4
2026-03-07 18:02:30,940 | INFO | Selected 32 frames for question 6qLYX6bzsl4_1: [0, 2610, 3540, 4620, 4890, 4920, 4950, 4980, 5460, 5640, 5670, 5700, 5730, 5760, 5880, 6120, 6240, 6270, 6330, 6360, 6480, 6630, 6660, 6690, 6720, 6810, 7050, 7080, 7110, 7230, 7560, 8910]
2026-03-07 18:02:30,940 | INFO | Selecting frames for question UbNyMSwoT5A_0 on video UbNyMSwoT5A.mp4: frames=250 tags=4
2026-03-07 18:02:31,473 | INFO | Selected 32 frames for question UbNyMSwoT5A_0: [263, 335, 359, 2037, 2061, 2085, 2109, 2133, 2157, 2181, 2205, 2229, 2253, 2277, 2301, 2325, 2349, 2373, 2397, 2421, 2445, 2469, 2493, 2517, 2541, 2565, 5586, 5610, 5634, 5658, 5946, 5970]
2026-03-07 18:02:31,473 | INFO | Selecting frames for question UbNyMSwoT5A_1 on video UbNyMSwoT5A.mp4: frames=250 tags=4
2026-03-07 18:02:32,045 | INFO | Selected 32 frames for question UbNyMSwoT5A_1: [263, 287, 335, 359, 383, 407, 2037, 2061, 2085, 2109, 2133, 2157, 2181, 2205, 2229, 2253, 2277, 2301, 2325, 2373, 2397, 2421, 2445, 2469, 2493, 2517, 2541, 2565, 4267, 4291, 4315, 4339]
2026-03-07 18:02:32,046 | INFO | Selecting frames for question Sy2unO22PUE_0 on video Sy2unO22PUE.mp4: frames=557 tags=4
2026-03-07 18:02:35,038 | INFO | Selected 32 frames for question Sy2unO22PUE_0: [2184, 2232, 3696, 3720, 3744, 3768, 3792, 3816, 3840, 3864, 4104, 4152, 4248, 4272, 4392, 4416, 6672, 6792, 6816, 6840, 7632, 7704, 7728, 7752, 7776, 7800, 7824, 9000, 9048, 9072, 9480, 9624]
2026-03-07 18:02:35,039 | INFO | Selecting frames for question Sy2unO22PUE_1 on video Sy2unO22PUE.mp4: frames=557 tags=4
2026-03-07 18:02:38,023 | INFO | Selected 32 frames for question Sy2unO22PUE_1: [2280, 3696, 3720, 3744, 3768, 3792, 3816, 3840, 3864, 4464, 4512, 6696, 6816, 6864, 7224, 7248, 7272, 7296, 7320, 7344, 7368, 7392, 7416, 7440, 7488, 7752, 7776, 7800, 7824, 10704, 10752, 12792]
2026-03-07 18:02:38,023 | INFO | Selecting frames for question 66dwcQ1Y048_0 on video 66dwcQ1Y048.mp4: frames=186 tags=4
2026-03-07 18:02:38,311 | INFO | Selected 32 frames for question 66dwcQ1Y048_0: [71, 95, 119, 143, 215, 551, 575, 623, 647, 671, 1294, 1390, 1414, 1438, 1462, 1510, 1582, 3092, 3116, 3212, 3716, 3764, 3788, 3812, 3836, 3860, 3884, 3932, 3956, 3980, 4171, 4195]
2026-03-07 18:02:38,312 | INFO | Selecting frames for question 66dwcQ1Y048_1 on video 66dwcQ1Y048.mp4: frames=186 tags=4
2026-03-07 18:02:38,593 | INFO | Selected 32 frames for question 66dwcQ1Y048_1: [0, 431, 1126, 1150, 1174, 1342, 1846, 1942, 2157, 2181, 2205, 2229, 2253, 2397, 2613, 2637, 2661, 2853, 2877, 2901, 2925, 2949, 2973, 3428, 3500, 4267, 4291, 4339, 4363, 4387, 4411, 4435]
2026-03-07 18:02:38,594 | INFO | Selecting frames for question UwlKYM2Sotg_0 on video UwlKYM2Sotg.mp4: frames=503 tags=4
2026-03-07 18:02:40,930 | INFO | Selected 32 frames for question UwlKYM2Sotg_0: [200, 350, 475, 525, 550, 575, 600, 1425, 5925, 5950, 6025, 6225, 6250, 6275, 6300, 6325, 6350, 6400, 7150, 7175, 7200, 7225, 7275, 7300, 7325, 10225, 10250, 11400, 11975, 12000, 12050, 12075]
2026-03-07 18:02:40,931 | INFO | Selecting frames for question UwlKYM2Sotg_1 on video UwlKYM2Sotg.mp4: frames=503 tags=4
2026-03-07 18:02:43,217 | INFO | Selected 32 frames for question UwlKYM2Sotg_1: [0, 25, 100, 200, 350, 475, 600, 725, 2775, 4350, 6450, 6475, 6900, 6925, 6975, 7000, 7025, 7225, 7275, 11150, 11200, 11225, 11250, 11275, 11300, 11400, 12075, 12200, 12225, 12250, 12275, 12300]
2026-03-07 18:02:43,217 | INFO | Selecting frames for question 1oL4ugMdDvQ_0 on video 1oL4ugMdDvQ.mp4: frames=428 tags=4
2026-03-07 18:02:44,788 | INFO | Selected 32 frames for question 1oL4ugMdDvQ_0: [9158, 9182, 9206, 9230, 9278, 9302, 9326, 9350, 9374, 9398, 9422, 9446, 9470, 9494, 9518, 9542, 9566, 9590, 9614, 9638, 9662, 9686, 9710, 9734, 9758, 9782, 9806, 9830, 9854, 9878, 9902, 9926]
2026-03-07 18:02:44,789 | INFO | Selecting frames for question 1oL4ugMdDvQ_1 on video 1oL4ugMdDvQ.mp4: frames=428 tags=4
2026-03-07 18:02:46,361 | INFO | Selected 32 frames for question 1oL4ugMdDvQ_1: [215, 239, 263, 431, 719, 1102, 4483, 5130, 5154, 7696, 7720, 7744, 7816, 7912, 8079, 8127, 8151, 8175, 8199, 8223, 8247, 8271, 8295, 8319, 8343, 8367, 8391, 8439, 8463, 8487, 8511, 8799]
2026-03-07 18:02:46,361 | INFO | Selecting frames for question mld0TnA2jEs_0 on video mld0TnA2jEs.mp4: frames=457 tags=4
2026-03-07 18:02:48,319 | INFO | Selected 32 frames for question mld0TnA2jEs_0: [0, 30, 60, 90, 120, 150, 180, 210, 240, 270, 300, 330, 360, 390, 450, 480, 510, 540, 3450, 3480, 3540, 3570, 3600, 3630, 3720, 3750, 3780, 3810, 3840, 3870, 3900, 3930]
2026-03-07 18:02:48,319 | INFO | Selecting frames for question mld0TnA2jEs_1 on video mld0TnA2jEs.mp4: frames=457 tags=4
2026-03-07 18:02:50,295 | INFO | Selected 32 frames for question mld0TnA2jEs_1: [0, 30, 60, 90, 120, 150, 180, 210, 240, 300, 330, 360, 390, 450, 480, 510, 540, 3450, 3480, 3540, 3570, 3600, 3630, 3660, 3720, 3750, 3780, 3810, 3840, 3870, 3900, 3930]
2026-03-07 18:02:50,295 | INFO | Selecting frames for question JLnsWrzV_j4_0 on video JLnsWrzV_j4.mp4: frames=590 tags=4
2026-03-07 18:02:53,501 | INFO | Selected 32 frames for question JLnsWrzV_j4_0: [215, 239, 263, 287, 311, 335, 359, 383, 431, 479, 503, 527, 863, 887, 911, 959, 2853, 4267, 4411, 4531, 4747, 4771, 5322, 7048, 7768, 7936, 9566, 9854, 9902, 10021, 10045, 11676]
2026-03-07 18:02:53,502 | INFO | Selecting frames for question JLnsWrzV_j4_1 on video JLnsWrzV_j4.mp4: frames=590 tags=4
2026-03-07 18:02:56,679 | INFO | Selected 32 frames for question JLnsWrzV_j4_1: [599, 671, 695, 719, 2373, 2973, 4123, 4243, 4267, 4483, 4507, 4771, 5202, 5226, 5250, 5274, 5322, 5346, 7336, 9902, 10237, 10405, 10429, 10453, 10525, 10549, 10597, 11028, 11196, 12131, 13114, 13138]
2026-03-07 18:02:56,679 | INFO | Selecting frames for question @healthfood-6874943613630041350_0 on video 6874943613630041350.mp4: frames=27 tags=4
2026-03-07 18:02:56,679 | INFO | Selected 27 frames for question @healthfood-6874943613630041350_0: [0, 30, 60, 90, 120, 150, 180, 210, 240, 270, 300, 330, 360, 390, 420, 450, 480, 510, 540, 570, 600, 630, 660, 690, 720, 750, 780]
2026-03-07 18:02:56,679 | INFO | Selecting frames for question @healthfood-7135100078221430058_0 on video 7135100078221430058.mp4: frames=17 tags=4
2026-03-07 18:02:56,679 | INFO | Selected 17 frames for question @healthfood-7135100078221430058_0: [0, 29, 59, 89, 119, 149, 179, 209, 239, 269, 299, 329, 359, 389, 419, 449, 479]
2026-03-07 18:02:56,679 | INFO | Selecting frames for question @tiffycooks-7201571680890670342_0 on video 7201571680890670342.mp4: frames=48 tags=4
2026-03-07 18:02:56,694 | INFO | Selected 32 frames for question @tiffycooks-7201571680890670342_0: [0, 30, 60, 90, 120, 150, 240, 390, 420, 630, 660, 690, 720, 780, 810, 840, 870, 900, 930, 960, 990, 1020, 1050, 1080, 1110, 1140, 1170, 1200, 1230, 1260, 1290, 1320]
2026-03-07 18:02:56,694 | INFO | Selecting frames for question @tiffycooks-7171182579058511110_0 on video 7171182579058511110.mp4: frames=27 tags=4
2026-03-07 18:02:56,694 | INFO | Selected 27 frames for question @tiffycooks-7171182579058511110_0: [0, 60, 120, 180, 240, 300, 360, 420, 480, 540, 600, 660, 720, 780, 840, 900, 960, 1020, 1080, 1140, 1200, 1260, 1320, 1380, 1440, 1500, 1560]
2026-03-07 18:02:56,694 | INFO | Selecting frames for question @thatrecipe.us-7266555380925287723_0 on video 7266555380925287723.mp4: frames=60 tags=4
2026-03-07 18:02:56,719 | INFO | Selected 32 frames for question @thatrecipe.us-7266555380925287723_0: [0, 60, 300, 420, 480, 600, 720, 780, 1020, 1080, 1200, 1260, 1320, 1380, 1500, 1620, 1800, 2040, 2100, 2160, 2220, 2280, 2580, 2640, 2700, 2760, 2820, 2880, 3360, 3420, 3480, 3540]
2026-03-07 18:02:56,719 | INFO | Selecting frames for question @tiffycooks-7080578381569445125_0 on video 7080578381569445125.mp4: frames=27 tags=4
2026-03-07 18:02:56,719 | INFO | Selected 27 frames for question @tiffycooks-7080578381569445125_0: [0, 30, 60, 90, 120, 150, 180, 210, 240, 270, 300, 330, 360, 390, 420, 450, 480, 510, 540, 570, 600, 630, 660, 690, 720, 750, 780]
2026-03-07 18:02:56,719 | INFO | Selecting frames for question @thatrecipe.us-7301855783438896427_0 on video 7301855783438896427.mp4: frames=60 tags=4
2026-03-07 18:02:56,744 | INFO | Selected 32 frames for question @thatrecipe.us-7301855783438896427_0: [0, 30, 90, 120, 150, 180, 210, 240, 270, 300, 330, 360, 450, 480, 510, 660, 690, 720, 870, 900, 930, 960, 1020, 1290, 1350, 1380, 1410, 1440, 1470, 1500, 1530, 1620]
2026-03-07 18:02:56,744 | INFO | Selecting frames for question @tiffycooks-7062861483687873798_0 on video 7062861483687873798.mp4: frames=41 tags=4
2026-03-07 18:02:56,754 | INFO | Selected 32 frames for question @tiffycooks-7062861483687873798_0: [0, 30, 60, 90, 120, 150, 180, 210, 240, 270, 330, 360, 390, 420, 450, 480, 510, 540, 570, 630, 690, 780, 810, 870, 900, 930, 990, 1080, 1110, 1140, 1170, 1200]
2026-03-07 18:02:56,754 | INFO | Selecting frames for question @healthfood-6862748507976011013_0 on video 6862748507976011013.mp4: frames=22 tags=4
2026-03-07 18:02:56,754 | INFO | Selected 22 frames for question @healthfood-6862748507976011013_0: [0, 30, 60, 90, 120, 150, 180, 210, 240, 270, 300, 330, 360, 390, 420, 450, 480, 510, 540, 570, 600, 630]
2026-03-07 18:02:56,754 | INFO | Selecting frames for question @healthfood-6948509102305791238_0 on video 6948509102305791238.mp4: frames=47 tags=4
2026-03-07 18:02:56,768 | INFO | Selected 32 frames for question @healthfood-6948509102305791238_0: [120, 150, 180, 210, 240, 270, 300, 330, 360, 390, 420, 450, 480, 510, 540, 570, 600, 630, 660, 690, 720, 750, 780, 810, 900, 930, 960, 990, 1050, 1080, 1110, 1170]
2026-03-07 18:02:56,769 | INFO | Selecting frames for question @thatrecipe.us-7262468242692689194_0 on video 7262468242692689194.mp4: frames=60 tags=4
2026-03-07 18:02:56,794 | INFO | Selected 32 frames for question @thatrecipe.us-7262468242692689194_0: [180, 360, 420, 480, 540, 600, 660, 720, 780, 840, 900, 960, 1020, 1080, 1140, 1200, 1260, 1320, 1440, 1500, 1560, 1620, 1680, 1740, 1800, 1860, 1920, 1980, 2040, 2100, 2460, 2880]
2026-03-07 18:02:56,794 | INFO | Selecting frames for question @healthfood-7125042270381853995_0 on video 7125042270381853995.mp4: frames=16 tags=4
2026-03-07 18:02:56,794 | INFO | Selected 16 frames for question @healthfood-7125042270381853995_0: [0, 50, 100, 150, 200, 251, 301, 351, 401, 452, 502, 552, 602, 653, 703, 753]
2026-03-07 18:02:56,794 | INFO | Selecting frames for question @thatrecipe.us-7245035133688892714_0 on video 7245035133688892714.mp4: frames=60 tags=4
2026-03-07 18:02:56,819 | INFO | Selected 32 frames for question @thatrecipe.us-7245035133688892714_0: [240, 300, 360, 1020, 1080, 1140, 1200, 1380, 1500, 1680, 1740, 1860, 1920, 1980, 2040, 2100, 2160, 2220, 2280, 2340, 2400, 2460, 2520, 2580, 2640, 2700, 2760, 2820, 2940, 3000, 3060, 3120]
2026-03-07 18:02:56,819 | INFO | Selecting frames for question @tiffycooks-6940704678569053446_0 on video 6940704678569053446.mp4: frames=29 tags=4
2026-03-07 18:02:56,819 | INFO | Selected 29 frames for question @tiffycooks-6940704678569053446_0: [0, 30, 60, 90, 120, 150, 180, 210, 240, 270, 300, 330, 360, 390, 420, 450, 480, 510, 540, 570, 600, 630, 660, 690, 720, 750, 780, 810, 840]
2026-03-07 18:02:56,819 | INFO | Selecting frames for question @thatrecipe.us-7309241426028596523_0 on video 7309241426028596523.mp4: frames=60 tags=4
2026-03-07 18:02:56,845 | INFO | Selected 32 frames for question @thatrecipe.us-7309241426028596523_0: [0, 89, 119, 179, 209, 239, 269, 299, 329, 359, 389, 419, 449, 509, 1018, 1048, 1078, 1318, 1348, 1378, 1408, 1438, 1468, 1498, 1528, 1558, 1588, 1618, 1678, 1708, 1738, 1768]
2026-03-07 18:02:56,845 | INFO | Selecting frames for question @placesunleashed-7324761016909188358_0 on video 7324761016909188358.mp4: frames=20 tags=4
2026-03-07 18:02:56,845 | INFO | Selected 20 frames for question @placesunleashed-7324761016909188358_0: [0, 29, 58, 87, 117, 146, 175, 205, 234, 263, 293, 322, 351, 381, 410, 439, 469, 498, 527, 556]
2026-03-07 18:02:56,845 | INFO | Selecting frames for question @placesunleashed-7289528053112343814_0 on video 7289528053112343814.mp4: frames=24 tags=4
2026-03-07 18:02:56,845 | INFO | Selected 24 frames for question @placesunleashed-7289528053112343814_0: [0, 30, 60, 90, 120, 150, 180, 210, 240, 270, 300, 330, 360, 390, 420, 450, 480, 510, 540, 570, 600, 630, 660, 690]
2026-03-07 18:02:56,845 | INFO | Selecting frames for question @placesunleashed-7298820532466683142_0 on video 7298820532466683142.mp4: frames=16 tags=4
2026-03-07 18:02:56,845 | INFO | Selected 16 frames for question @placesunleashed-7298820532466683142_0: [0, 30, 60, 90, 120, 150, 180, 210, 240, 270, 300, 330, 360, 390, 420, 450]
2026-03-07 18:02:56,845 | INFO | Selecting frames for question @placesunleashed-7324498849857326341_0 on video 7324498849857326341.mp4: frames=16 tags=4
2026-03-07 18:02:56,845 | INFO | Selected 16 frames for question @placesunleashed-7324498849857326341_0: [0, 29, 58, 87, 116, 145, 174, 203, 232, 261, 290, 319, 348, 377, 407, 436]
2026-03-07 18:02:56,845 | INFO | Selecting frames for question @placesunleashed-7308098412078025989_0 on video 7308098412078025989.mp4: frames=23 tags=4
2026-03-07 18:02:56,845 | INFO | Selected 23 frames for question @placesunleashed-7308098412078025989_0: [0, 30, 60, 90, 120, 150, 180, 210, 240, 270, 300, 330, 360, 390, 420, 450, 480, 510, 540, 570, 600, 630, 660]
2026-03-07 18:02:56,845 | INFO | Selecting frames for question @luxtravelbe-7286546546932370721_0 on video 7286546546932370721.mp4: frames=27 tags=4
2026-03-07 18:02:56,845 | INFO | Selected 27 frames for question @luxtravelbe-7286546546932370721_0: [0, 30, 60, 90, 120, 150, 180, 210, 240, 270, 300, 330, 360, 390, 420, 450, 480, 510, 540, 570, 600, 630, 660, 690, 720, 750, 780]
2026-03-07 18:02:56,846 | INFO | Selecting frames for question @luxtravelbe-7273938266183847200_0 on video 7273938266183847200.mp4: frames=23 tags=4
2026-03-07 18:02:56,846 | INFO | Selected 23 frames for question @luxtravelbe-7273938266183847200_0: [0, 33, 66, 99, 132, 165, 198, 231, 264, 297, 330, 363, 396, 429, 462, 495, 528, 561, 594, 627, 660, 693, 726]
2026-03-07 18:02:56,846 | INFO | Selecting frames for question @placesunleashed-7285075986662624518_0 on video 7285075986662624518.mp4: frames=30 tags=4
2026-03-07 18:02:56,846 | INFO | Selected 30 frames for question @placesunleashed-7285075986662624518_0: [0, 30, 60, 90, 120, 150, 180, 210, 240, 270, 300, 330, 360, 390, 420, 450, 480, 510, 540, 570, 600, 630, 660, 690, 720, 750, 780, 810, 840, 870]
2026-03-07 18:02:56,846 | INFO | Selecting frames for question @placesunleashed-7283971258755140869_0 on video 7283971258755140869.mp4: frames=19 tags=4
2026-03-07 18:02:56,846 | INFO | Selected 19 frames for question @placesunleashed-7283971258755140869_0: [0, 30, 60, 90, 120, 151, 181, 211, 241, 271, 302, 332, 362, 392, 422, 453, 483, 513, 543]
2026-03-07 18:02:56,846 | INFO | Selecting frames for question @placesunleashed-7302913253959617797_0 on video 7302913253959617797.mp4: frames=17 tags=4
2026-03-07 18:02:56,846 | INFO | Selected 17 frames for question @placesunleashed-7302913253959617797_0: [0, 28, 57, 86, 115, 144, 173, 202, 231, 260, 289, 318, 347, 376, 405, 434, 463]
2026-03-07 18:02:56,846 | INFO | Selecting frames for question @placesunleashed-7321079612488862981_0 on video 7321079612488862981.mp4: frames=20 tags=4
2026-03-07 18:02:56,846 | INFO | Selected 20 frames for question @placesunleashed-7321079612488862981_0: [0, 29, 58, 88, 117, 147, 176, 205, 235, 264, 294, 323, 352, 382, 411, 441, 470, 499, 529, 558]
2026-03-07 18:02:56,846 | INFO | Selecting frames for question @placesunleashed-7319588197858610438_0 on video 7319588197858610438.mp4: frames=17 tags=4
2026-03-07 18:02:56,846 | INFO | Selected 17 frames for question @placesunleashed-7319588197858610438_0: [0, 29, 58, 87, 116, 145, 174, 203, 232, 262, 291, 320, 349, 378, 407, 436, 465]
2026-03-07 18:02:56,846 | INFO | Selecting frames for question @placesunleashed-7337436458078260485_0 on video 7337436458078260485.mp4: frames=16 tags=4
2026-03-07 18:02:56,846 | INFO | Selected 16 frames for question @placesunleashed-7337436458078260485_0: [0, 28, 57, 85, 114, 142, 171, 200, 228, 257, 285, 314, 342, 371, 400, 428]
2026-03-07 18:02:56,846 | INFO | Selecting frames for question 1R5uPaL0V-0_0 on video 1R5uPaL0V-0.mp4: frames=1008 tags=4
2026-03-07 18:03:06,349 | INFO | Selected 32 frames for question 1R5uPaL0V-0_0: [1198, 1222, 1294, 1318, 1342, 1366, 1390, 1414, 1438, 1462, 1486, 1510, 1534, 1798, 2013, 2421, 2445, 2469, 2493, 2661, 2685, 2709, 2733, 2757, 20259, 20331, 21818, 22057, 22177, 22897, 23088, 23640]
2026-03-07 18:03:06,349 | INFO | Selecting frames for question 1R5uPaL0V-0_1 on video 1R5uPaL0V-0.mp4: frames=1008 tags=4
2026-03-07 18:03:16,038 | INFO | Selected 32 frames for question 1R5uPaL0V-0_1: [2997, 3836, 3884, 3908, 4243, 4339, 4387, 4555, 4579, 5778, 5802, 5826, 5850, 6425, 6497, 7000, 7024, 7072, 7264, 7624, 7744, 8079, 8151, 8175, 8991, 9662, 12371, 12443, 13426, 15704, 18077, 18173]
2026-03-07 18:03:16,039 | INFO | Selecting frames for question 1R5uPaL0V-0_2 on video 1R5uPaL0V-0.mp4: frames=1008 tags=4
2026-03-07 18:03:25,528 | INFO | Selected 32 frames for question 1R5uPaL0V-0_2: [15128, 15752, 19948, 19996, 20019, 20067, 20091, 20115, 20139, 20163, 20307, 20331, 20355, 20427, 20451, 20475, 20499, 20523, 20571, 20595, 20619, 20643, 20811, 21746, 21818, 21938, 22561, 22585, 22609, 22633, 22657, 22681]
2026-03-07 18:03:25,529 | INFO | Selecting frames for question fPLjjr8w6DU_0 on video fPLjjr8w6DU.mp4: frames=1158 tags=4
2026-03-07 18:03:38,049 | INFO | Selected 32 frames for question fPLjjr8w6DU_0: [0, 59, 89, 359, 449, 479, 509, 539, 569, 1168, 1708, 1738, 1768, 1798, 1828, 1858, 1888, 1918, 1948, 1978, 3026, 3296, 8991, 9110, 9230, 16183, 16213, 16243, 16273, 16303, 19630, 26163]
2026-03-07 18:03:38,050 | INFO | Selecting frames for question fPLjjr8w6DU_1 on video fPLjjr8w6DU.mp4: frames=1158 tags=4
2026-03-07 18:03:52,539 | INFO | Selected 32 frames for question fPLjjr8w6DU_1: [599, 1858, 1888, 1918, 1948, 1978, 2037, 2277, 3236, 3266, 10459, 22177, 24785, 24845, 24935, 25474, 25534, 25564, 25624, 25654, 25684, 25774, 25804, 25924, 25983, 26013, 26043, 26073, 26103, 26133, 26163, 26193]
2026-03-07 18:03:52,539 | INFO | Selecting frames for question fPLjjr8w6DU_2 on video fPLjjr8w6DU.mp4: frames=1158 tags=4
2026-03-07 18:04:06,461 | INFO | Selected 32 frames for question fPLjjr8w6DU_2: [1258, 1288, 1348, 2067, 2457, 2487, 2727, 2907, 10909, 10939, 10969, 11028, 22357, 22417, 22477, 22507, 22537, 22567, 22597, 22717, 22747, 22777, 22837, 22867, 22897, 22927, 22986, 23016, 23046, 23136, 27242, 27482]
2026-03-07 18:04:06,462 | INFO | Selecting frames for question Z6Hx_BAZeUw_0 on video Z6Hx_BAZeUw.mp4: frames=2186 tags=4
2026-03-07 18:04:51,049 | INFO | Selected 32 frames for question Z6Hx_BAZeUw_0: [0, 29, 59, 89, 119, 149, 209, 239, 269, 299, 329, 359, 419, 449, 479, 569, 599, 64795, 64825, 64855, 64885, 64945, 64975, 65004, 65034, 65064, 65094, 65124, 65184, 65244, 65274, 65304]
2026-03-07 18:04:51,050 | INFO | Selecting frames for question Z6Hx_BAZeUw_1 on video Z6Hx_BAZeUw.mp4: frames=2186 tags=4
2026-03-07 18:05:41,325 | INFO | Selected 32 frames for question Z6Hx_BAZeUw_1: [19960, 19990, 20019, 20049, 20079, 20259, 20289, 20349, 20439, 20469, 20499, 20529, 20709, 20739, 20769, 20799, 20829, 21008, 21038, 21068, 21098, 21128, 21158, 21188, 21218, 21248, 21278, 24005, 24035, 24065, 24095, 24125]
2026-03-07 18:05:41,326 | INFO | Selecting frames for question Z6Hx_BAZeUw_2 on video Z6Hx_BAZeUw.mp4: frames=2186 tags=4
2026-03-07 18:06:27,004 | INFO | Selected 32 frames for question Z6Hx_BAZeUw_2: [55144, 55174, 55204, 55234, 55264, 55294, 55324, 56103, 56133, 56163, 56193, 56253, 56283, 56313, 56343, 56373, 56403, 56433, 56463, 56493, 56523, 56553, 56583, 56613, 56673, 56853, 56883, 56913, 57152, 57182, 57212, 57242]
2026-03-07 18:06:27,005 | INFO | Selecting frames for question 7TljSpTBS9c_0 on video 7TljSpTBS9c.mp4: frames=1347 tags=4
2026-03-07 18:06:44,801 | INFO | Selected 32 frames for question 7TljSpTBS9c_0: [3980, 4003, 4027, 4075, 4123, 4219, 4363, 4603, 4699, 4723, 4747, 4819, 4891, 4939, 4963, 5106, 5130, 5154, 5202, 5250, 5514, 5538, 5682, 5730, 8127, 8151, 8319, 8367, 8391, 8415, 8439, 8583]
2026-03-07 18:06:44,802 | INFO | Selecting frames for question 7TljSpTBS9c_1 on video 7TljSpTBS9c.mp4: frames=1347 tags=4
2026-03-07 18:07:01,866 | INFO | Selected 32 frames for question 7TljSpTBS9c_1: [7312, 7336, 9254, 9302, 13930, 14001, 14025, 16423, 16807, 16903, 16927, 16975, 17022, 17046, 17070, 17094, 17118, 17142, 17166, 17190, 17214, 21746, 21770, 21866, 24551, 26709, 26877, 26901, 26925, 26949, 31096, 31696]
2026-03-07 18:07:01,866 | INFO | Selecting frames for question 7TljSpTBS9c_2 on video 7TljSpTBS9c.mp4: frames=1347 tags=4
2026-03-07 18:07:21,060 | INFO | Selected 32 frames for question 7TljSpTBS9c_2: [3068, 16567, 16591, 16711, 16759, 16807, 16975, 18581, 18605, 18629, 18653, 18677, 18701, 18725, 18893, 18917, 19228, 19324, 21746, 23304, 23544, 24143, 24167, 27092, 29154, 29490, 30209, 30521, 31072, 31240, 31312, 31432]
2026-03-07 18:07:21,061 | INFO | Selecting frames for question duxO1EZ650E_0 on video duxO1EZ650E.mp4: frames=2066 tags=4
2026-03-07 18:08:02,375 | INFO | Selected 32 frames for question duxO1EZ650E_0: [7368, 7968, 8136, 9960, 10008, 11904, 11952, 12600, 13032, 14232, 14712, 14784, 14880, 14952, 20280, 21816, 21960, 26496, 30528, 30672, 35400, 35424, 39624, 40032, 40296, 40368, 44880, 45120, 45192, 45816, 45864, 48840]
2026-03-07 18:08:02,376 | INFO | Selecting frames for question duxO1EZ650E_1 on video duxO1EZ650E.mp4: frames=2066 tags=4
2026-03-07 18:08:49,194 | INFO | Selected 32 frames for question duxO1EZ650E_1: [0, 1248, 2400, 2424, 2448, 2472, 2496, 2520, 2544, 2568, 7560, 7584, 7608, 7632, 7656, 7680, 7704, 7728, 12624, 12648, 12672, 12696, 12720, 12744, 12768, 17856, 17880, 17928, 17952, 17976, 29904, 49344]
2026-03-07 18:08:49,195 | INFO | Selecting frames for question duxO1EZ650E_2 on video duxO1EZ650E.mp4: frames=2066 tags=4
2026-03-07 18:09:29,542 | INFO | Selected 32 frames for question duxO1EZ650E_2: [6816, 6840, 6864, 6888, 6912, 7032, 7056, 7080, 7104, 7128, 7152, 32496, 32520, 32544, 32568, 32592, 32616, 32880, 32904, 32928, 32952, 33312, 33336, 33360, 33384, 33408, 33432, 33456, 33480, 33504, 33528, 33552]
2026-03-07 18:09:29,542 | INFO | Selecting frames for question vEy6tcU6eLU_0 on video vEy6tcU6eLU.mp4: frames=1150 tags=4
2026-03-07 18:09:42,077 | INFO | Selected 32 frames for question vEy6tcU6eLU_0: [119, 167, 407, 431, 1750, 4435, 4483, 5730, 8223, 8799, 11340, 11556, 11604, 11652, 11676, 11700, 11892, 11940, 14241, 14289, 14745, 14817, 16063, 16135, 16159, 16183, 16567, 21722, 21818, 22705, 24647, 24695]
2026-03-07 18:09:42,078 | INFO | Selecting frames for question vEy6tcU6eLU_1 on video vEy6tcU6eLU.mp4: frames=1150 tags=4
2026-03-07 18:09:54,546 | INFO | Selected 32 frames for question vEy6tcU6eLU_1: [1990, 2037, 2133, 2157, 2253, 3956, 3980, 4003, 4819, 9038, 11628, 11676, 11700, 11724, 11748, 11868, 14241, 14289, 14313, 14337, 14361, 14385, 14433, 21482, 21602, 21650, 24839, 24887, 26685, 26973, 27020, 27068]
2026-03-07 18:09:54,547 | INFO | Selecting frames for question vEy6tcU6eLU_2 on video vEy6tcU6eLU.mp4: frames=1150 tags=4
2026-03-07 18:10:06,799 | INFO | Selected 32 frames for question vEy6tcU6eLU_2: [71, 119, 167, 239, 335, 359, 407, 431, 815, 8223, 8799, 8847, 8871, 10765, 10861, 11532, 14769, 16063, 16087, 16135, 16639, 16663, 16711, 16759, 16783, 20019, 20043, 22705, 23472, 23736, 24551, 24671]
2026-03-07 18:10:06,800 | INFO | Selecting frames for question vE0faFD1F_g_0 on video vE0faFD1F_g.mp4: frames=56 tags=4
2026-03-07 18:10:06,821 | INFO | Selected 32 frames for question vE0faFD1F_g_0: [0, 29, 59, 89, 119, 149, 179, 329, 359, 389, 419, 539, 569, 599, 629, 659, 689, 719, 749, 869, 1078, 1108, 1138, 1168, 1198, 1228, 1258, 1468, 1558, 1588, 1618, 1648]
2026-03-07 18:10:06,821 | INFO | Selecting frames for question jiR7qHzgq_c_0 on video jiR7qHzgq_c.mp4: frames=54 tags=4
2026-03-07 18:10:06,840 | INFO | Selected 32 frames for question jiR7qHzgq_c_0: [72, 96, 120, 144, 216, 432, 456, 480, 504, 600, 648, 792, 816, 840, 864, 888, 912, 936, 960, 984, 1008, 1032, 1056, 1080, 1104, 1128, 1152, 1176, 1200, 1224, 1248, 1272]
2026-03-07 18:10:06,840 | INFO | Selecting frames for question tdA5atpqaAc_0 on video tdA5atpqaAc.mp4: frames=23 tags=4
2026-03-07 18:10:06,840 | INFO | Selected 23 frames for question tdA5atpqaAc_0: [0, 23, 47, 71, 95, 119, 143, 167, 191, 215, 239, 263, 287, 311, 335, 359, 383, 407, 431, 455, 479, 503, 527]
2026-03-07 18:10:06,840 | INFO | Selecting frames for question t48HXAjjDAU_0 on video t48HXAjjDAU.mp4: frames=15 tags=4
2026-03-07 18:10:06,840 | INFO | Selected 15 frames for question t48HXAjjDAU_0: [0, 25, 50, 75, 100, 125, 150, 175, 200, 225, 250, 275, 300, 325, 350]
2026-03-07 18:10:06,841 | INFO | Selecting frames for question AHeq99pojLo_0 on video AHeq99pojLo.mp4: frames=31 tags=4
2026-03-07 18:10:06,841 | INFO | Selected 31 frames for question AHeq99pojLo_0: [0, 23, 47, 71, 95, 119, 143, 167, 191, 215, 239, 263, 287, 311, 335, 359, 383, 407, 431, 455, 479, 503, 527, 551, 575, 599, 623, 647, 671, 695, 719]
2026-03-07 18:10:06,841 | INFO | Selecting frames for question 6moss7hGbvg_0 on video 6moss7hGbvg.mp4: frames=24 tags=4
2026-03-07 18:10:06,841 | INFO | Selected 24 frames for question 6moss7hGbvg_0: [0, 25, 50, 75, 100, 125, 150, 175, 200, 225, 250, 275, 300, 325, 350, 375, 400, 425, 450, 475, 500, 525, 550, 575]
2026-03-07 18:10:06,841 | INFO | Selecting frames for question HRYlXC_ChzU_0 on video HRYlXC_ChzU.mp4: frames=25 tags=4
2026-03-07 18:10:06,841 | INFO | Selected 25 frames for question HRYlXC_ChzU_0: [0, 25, 50, 75, 100, 125, 150, 175, 200, 225, 250, 275, 300, 325, 350, 375, 400, 425, 450, 475, 500, 525, 550, 575, 600]
2026-03-07 18:10:06,841 | INFO | Selecting frames for question MyDAFlHsYsQ_0 on video MyDAFlHsYsQ.mp4: frames=48 tags=4
2026-03-07 18:10:06,856 | INFO | Selected 32 frames for question MyDAFlHsYsQ_0: [29, 149, 179, 209, 239, 299, 329, 359, 389, 419, 479, 509, 569, 599, 629, 659, 689, 839, 869, 899, 929, 1108, 1138, 1168, 1198, 1228, 1258, 1288, 1318, 1348, 1378, 1408]
2026-03-07 18:10:06,856 | INFO | Selecting frames for question rzIiQ4Vxlbk_0 on video rzIiQ4Vxlbk.mp4: frames=51 tags=4
2026-03-07 18:10:06,873 | INFO | Selected 32 frames for question rzIiQ4Vxlbk_0: [0, 29, 59, 89, 119, 149, 179, 209, 239, 269, 299, 329, 359, 389, 419, 449, 479, 509, 539, 569, 599, 689, 719, 749, 959, 1168, 1198, 1288, 1318, 1348, 1378, 1408]
2026-03-07 18:10:06,873 | INFO | Selecting frames for question SKET024GdlE_0 on video SKET024GdlE.mp4: frames=17 tags=4
2026-03-07 18:10:06,873 | INFO | Selected 17 frames for question SKET024GdlE_0: [0, 29, 59, 89, 119, 149, 179, 209, 239, 269, 299, 329, 359, 389, 419, 449, 479]
2026-03-07 18:10:06,873 | INFO | Selecting frames for question 3pTVbQilDqY_0 on video 3pTVbQilDqY.mp4: frames=26 tags=4
2026-03-07 18:10:06,873 | INFO | Selected 26 frames for question 3pTVbQilDqY_0: [0, 29, 59, 89, 119, 149, 179, 209, 239, 269, 299, 329, 359, 389, 419, 449, 479, 509, 539, 569, 599, 629, 659, 689, 719, 749]
2026-03-07 18:10:06,873 | INFO | Selecting frames for question wKd804fWOyQ_0 on video wKd804fWOyQ.mp4: frames=48 tags=4
2026-03-07 18:10:06,888 | INFO | Selected 32 frames for question wKd804fWOyQ_0: [0, 23, 47, 71, 95, 119, 143, 167, 191, 215, 239, 263, 287, 311, 383, 431, 455, 479, 503, 527, 575, 599, 623, 695, 719, 767, 935, 959, 983, 1007, 1103, 1127]
2026-03-07 18:10:06,888 | INFO | Selecting frames for question 3avWNHoEDAg_0 on video 3avWNHoEDAg.mp4: frames=48 tags=4
2026-03-07 18:10:06,907 | INFO | Selected 32 frames for question 3avWNHoEDAg_0: [0, 29, 59, 89, 119, 149, 179, 209, 239, 269, 299, 329, 359, 389, 419, 449, 479, 509, 539, 569, 599, 629, 659, 689, 719, 749, 779, 809, 839, 869, 1348, 1378]
2026-03-07 18:10:06,907 | INFO | Selecting frames for question wWNBYEUxews_0 on video wWNBYEUxews.mp4: frames=52 tags=4
2026-03-07 18:10:06,933 | INFO | Selected 32 frames for question wWNBYEUxews_0: [50, 100, 200, 225, 250, 275, 300, 325, 350, 375, 400, 450, 500, 525, 550, 675, 725, 750, 775, 800, 825, 850, 875, 900, 950, 975, 1000, 1025, 1050, 1075, 1100, 1125]
2026-03-07 18:10:06,933 | INFO | Selecting frames for question @tiffycooks-7003765189401185542_0 on video 7003765189401185542.mp4: frames=51 tags=4
2026-03-07 18:10:06,958 | INFO | Selected 32 frames for question @tiffycooks-7003765189401185542_0: [30, 60, 90, 120, 150, 180, 210, 240, 270, 360, 420, 450, 600, 630, 660, 690, 990, 1020, 1050, 1080, 1110, 1140, 1170, 1200, 1230, 1260, 1290, 1320, 1380, 1410, 1440, 1470]
2026-03-07 18:10:06,958 | INFO | Selecting frames for question @thatrecipe.us-7335998138500648235_0 on video 7335998138500648235.mp4: frames=60 tags=4
2026-03-07 18:10:06,993 | INFO | Selected 32 frames for question @thatrecipe.us-7335998138500648235_0: [0, 30, 60, 90, 120, 150, 180, 210, 240, 270, 300, 330, 360, 390, 420, 450, 480, 510, 540, 570, 600, 630, 660, 750, 840, 930, 990, 1020, 1050, 1080, 1350, 1440]
2026-03-07 18:10:06,993 | INFO | Selecting frames for question @healthfood-7267233980473314606_0 on video 7267233980473314606.mp4: frames=23 tags=4
2026-03-07 18:10:06,993 | INFO | Selected 23 frames for question @healthfood-7267233980473314606_0: [0, 30, 60, 90, 120, 150, 180, 210, 240, 270, 300, 330, 360, 390, 420, 450, 480, 510, 540, 570, 600, 630, 660]
2026-03-07 18:10:06,993 | INFO | Selecting frames for question @tiffycooks-7194857776877817094_0 on video 7194857776877817094.mp4: frames=24 tags=4
2026-03-07 18:10:06,993 | INFO | Selected 24 frames for question @tiffycooks-7194857776877817094_0: [0, 30, 60, 90, 120, 150, 180, 210, 240, 270, 300, 330, 360, 390, 420, 450, 480, 510, 540, 570, 600, 630, 660, 690]
2026-03-07 18:10:06,993 | INFO | Selecting frames for question @placesunleashed-7326709884102216965_0 on video 7326709884102216965.mp4: frames=17 tags=4
2026-03-07 18:10:06,993 | INFO | Selected 17 frames for question @placesunleashed-7326709884102216965_0: [0, 25, 50, 75, 100, 125, 150, 175, 200, 225, 250, 275, 300, 325, 350, 375, 400]
2026-03-07 18:10:06,993 | INFO | Selecting frames for question @movie.explained6-7276598470151032066_0 on video 7276598470151032066.mp4: frames=58 tags=4
2026-03-07 18:10:07,027 | INFO | Selected 32 frames for question @movie.explained6-7276598470151032066_0: [0, 29, 149, 179, 269, 299, 329, 359, 389, 449, 509, 539, 599, 629, 929, 959, 1078, 1108, 1138, 1168, 1198, 1258, 1288, 1318, 1438, 1468, 1498, 1528, 1588, 1618, 1648, 1708]
2026-03-07 18:10:07,028 | INFO | Selecting frames for question @movie.explained6-7277140989259599105_0 on video 7277140989259599105.mp4: frames=59 tags=4
2026-03-07 18:10:07,062 | INFO | Selected 32 frames for question @movie.explained6-7277140989259599105_0: [0, 29, 59, 89, 119, 149, 179, 209, 359, 389, 419, 539, 689, 749, 809, 839, 869, 899, 959, 989, 1018, 1228, 1258, 1288, 1318, 1348, 1378, 1408, 1438, 1528, 1648, 1678]
2026-03-07 18:10:07,062 | INFO | Selecting frames for question @movie.explained6-7261188695892462856_0 on video 7261188695892462856.mp4: frames=60 tags=4
2026-03-07 18:10:07,098 | INFO | Selected 32 frames for question @movie.explained6-7261188695892462856_0: [150, 175, 250, 275, 300, 350, 375, 400, 450, 525, 600, 800, 825, 850, 925, 950, 1000, 1025, 1075, 1100, 1125, 1150, 1175, 1200, 1225, 1250, 1275, 1300, 1325, 1350, 1375, 1400]
2026-03-07 18:10:07,099 | INFO | Selecting frames for question @lisolna-7282789187676294432_0 on video 7282789187676294432.mp4: frames=60 tags=4
2026-03-07 18:10:07,135 | INFO | Selected 32 frames for question @lisolna-7282789187676294432_0: [0, 29, 59, 89, 119, 149, 179, 209, 239, 269, 299, 329, 359, 388, 418, 448, 478, 508, 957, 987, 1017, 1106, 1136, 1166, 1316, 1346, 1376, 1406, 1436, 1465, 1495, 1765]
2026-03-07 18:10:07,135 | INFO | Selecting frames for question @lisolna-7315451966732193057_0 on video 7315451966732193057.mp4: frames=60 tags=4
2026-03-07 18:10:07,172 | INFO | Selected 32 frames for question @lisolna-7315451966732193057_0: [208, 417, 477, 536, 596, 626, 656, 686, 715, 745, 775, 835, 894, 924, 954, 984, 1014, 1103, 1133, 1193, 1252, 1282, 1312, 1342, 1372, 1402, 1431, 1461, 1491, 1521, 1581, 1730]
2026-03-07 18:10:07,172 | INFO | Selecting frames for question @kerstinong-6999997457392307457_0 on video 6999997457392307457.mp4: frames=35 tags=4
2026-03-07 18:10:07,179 | INFO | Selected 32 frames for question @kerstinong-6999997457392307457_0: [48, 72, 96, 120, 144, 168, 192, 216, 240, 264, 288, 312, 336, 360, 384, 408, 456, 480, 504, 528, 552, 576, 600, 624, 648, 672, 696, 720, 744, 768, 792, 816]
2026-03-07 18:10:07,179 | INFO | Selecting frames for question @lisolna-7265337261737217312_0 on video 7265337261737217312.mp4: frames=34 tags=4
2026-03-07 18:10:07,185 | INFO | Selected 32 frames for question @lisolna-7265337261737217312_0: [0, 30, 60, 90, 120, 150, 180, 210, 240, 270, 300, 330, 360, 390, 420, 480, 510, 540, 570, 600, 630, 660, 690, 720, 750, 780, 810, 840, 870, 900, 930, 960]
2026-03-07 18:10:07,185 | INFO | Selecting frames for question @lisolna-7231929658869107994_0 on video 7231929658869107994.mp4: frames=56 tags=4
2026-03-07 18:10:07,206 | INFO | Selected 32 frames for question @lisolna-7231929658869107994_0: [120, 150, 210, 240, 270, 300, 330, 360, 390, 480, 510, 690, 750, 780, 810, 840, 870, 900, 930, 960, 990, 1020, 1050, 1080, 1110, 1140, 1170, 1200, 1230, 1260, 1440, 1470]
2026-03-07 18:10:07,207 | INFO | Selecting frames for question s2N4cPqCdys_0 on video s2N4cPqCdys.mp4: frames=54 tags=4
2026-03-07 18:10:07,231 | INFO | Selected 32 frames for question s2N4cPqCdys_0: [0, 29, 59, 89, 119, 149, 179, 209, 269, 419, 749, 839, 869, 899, 929, 959, 989, 1018, 1048, 1078, 1108, 1138, 1168, 1198, 1228, 1318, 1348, 1438, 1468, 1528, 1558, 1588]
2026-03-07 18:10:07,231 | INFO | Selecting frames for question lzuixOdhZow_0 on video lzuixOdhZow.mp4: frames=27 tags=4
2026-03-07 18:10:07,231 | INFO | Selected 27 frames for question lzuixOdhZow_0: [0, 29, 59, 89, 119, 149, 179, 209, 239, 269, 299, 329, 359, 389, 419, 449, 479, 509, 539, 569, 599, 629, 659, 689, 719, 749, 779]
2026-03-07 18:10:07,232 | INFO | Selecting frames for question 1vvYsirvA2I_0 on video 1vvYsirvA2I.mp4: frames=339 tags=4
2026-03-07 18:10:08,266 | INFO | Selected 32 frames for question 1vvYsirvA2I_0: [0, 90, 150, 180, 210, 360, 390, 420, 450, 480, 510, 540, 570, 600, 630, 660, 960, 1080, 1200, 1290, 1350, 2370, 2400, 2430, 3420, 4260, 4320, 4350, 4620, 8130, 8160, 8190]
2026-03-07 18:10:08,266 | INFO | Selecting frames for question 1vvYsirvA2I_1 on video 1vvYsirvA2I.mp4: frames=339 tags=4
2026-03-07 18:10:09,376 | INFO | Selected 32 frames for question 1vvYsirvA2I_1: [180, 1440, 1470, 1530, 1560, 1590, 1620, 1650, 1680, 1710, 1830, 1860, 1890, 2220, 2250, 2280, 2310, 2340, 2370, 2400, 2430, 2550, 2730, 2790, 3420, 4320, 4350, 8130, 8160, 8190, 8220, 8250]
2026-03-07 18:10:09,376 | INFO | Selecting frames for question OmhVj_-cfH0_0 on video OmhVj_-cfH0.mp4: frames=204 tags=4
2026-03-07 18:10:09,717 | INFO | Selected 32 frames for question OmhVj_-cfH0_0: [239, 629, 659, 689, 719, 749, 779, 809, 839, 869, 899, 929, 989, 1018, 1048, 1078, 1108, 1138, 1168, 1198, 2517, 2547, 2577, 2607, 2637, 2667, 2697, 3056, 3086, 5274, 5364, 5574]
2026-03-07 18:10:09,717 | INFO | Selecting frames for question OmhVj_-cfH0_1 on video OmhVj_-cfH0.mp4: frames=204 tags=4
2026-03-07 18:10:10,053 | INFO | Selected 32 frames for question OmhVj_-cfH0_1: [629, 659, 689, 719, 749, 779, 809, 839, 869, 899, 929, 989, 1018, 1048, 1078, 1108, 1138, 1168, 1198, 2517, 2547, 2577, 2607, 2637, 2667, 2697, 3866, 5274, 5304, 5334, 5364, 5424]
2026-03-07 18:10:10,053 | INFO | Selecting frames for question t3P11ENBZyc_0 on video t3P11ENBZyc.mp4: frames=489 tags=4
2026-03-07 18:10:12,244 | INFO | Selected 32 frames for question t3P11ENBZyc_0: [936, 960, 1008, 1968, 2064, 2352, 2400, 2616, 2640, 3024, 3072, 3096, 3144, 3168, 3216, 3240, 7296, 7896, 7920, 8304, 8328, 8736, 9504, 9912, 9936, 9960, 9984, 10008, 10032, 10056, 10080, 10104]
2026-03-07 18:10:12,244 | INFO | Selecting frames for question t3P11ENBZyc_1 on video t3P11ENBZyc.mp4: frames=489 tags=4
2026-03-07 18:10:14,429 | INFO | Selected 32 frames for question t3P11ENBZyc_1: [912, 936, 960, 984, 1008, 2568, 2592, 2616, 2640, 2784, 2856, 2904, 2928, 2952, 3072, 3144, 7728, 7752, 7776, 7800, 7872, 7896, 7920, 8448, 8568, 8664, 9384, 9408, 9480, 9504, 9600, 9648]
2026-03-07 18:10:14,430 | INFO | Selecting frames for question F4bDyyEO4PU_0 on video F4bDyyEO4PU.mp4: frames=481 tags=4
2026-03-07 18:10:16,512 | INFO | Selected 32 frames for question F4bDyyEO4PU_0: [1020, 2430, 2490, 2520, 2550, 3330, 3870, 3900, 3930, 3960, 4020, 4050, 4110, 4140, 4230, 4260, 6690, 6750, 6810, 6840, 7410, 7620, 7680, 7710, 8070, 8370, 8970, 9000, 9090, 12930, 13050, 13500]
2026-03-07 18:10:16,512 | INFO | Selecting frames for question F4bDyyEO4PU_1 on video F4bDyyEO4PU.mp4: frames=481 tags=4
2026-03-07 18:10:18,596 | INFO | Selected 32 frames for question F4bDyyEO4PU_1: [540, 1020, 2490, 2520, 2550, 2580, 2610, 3270, 3330, 3420, 3450, 3480, 3870, 4320, 4350, 4380, 6510, 6690, 6840, 7590, 7620, 7650, 7680, 7710, 7740, 7920, 8250, 8370, 8430, 8520, 8550, 9090]
2026-03-07 18:10:18,596 | INFO | Selecting frames for question -Xg2-SUq6wo_0 on video -Xg2-SUq6wo.mp4: frames=405 tags=4
2026-03-07 18:10:20,102 | INFO | Selected 32 frames for question -Xg2-SUq6wo_0: [300, 1625, 1975, 2175, 2450, 2475, 2500, 2525, 4575, 4775, 4850, 4875, 5200, 5300, 5325, 5350, 5375, 5400, 6925, 7075, 7275, 7500, 8725, 9200, 9400, 9425, 9775, 9800, 9950, 9975, 10025, 10050]
2026-03-07 18:10:20,103 | INFO | Selecting frames for question -Xg2-SUq6wo_1 on video -Xg2-SUq6wo.mp4: frames=405 tags=4
2026-03-07 18:10:21,575 | INFO | Selected 32 frames for question -Xg2-SUq6wo_1: [500, 525, 550, 650, 675, 700, 725, 750, 775, 850, 875, 900, 975, 3150, 3175, 3225, 3275, 3350, 3500, 3625, 4625, 6350, 6400, 6425, 6450, 6475, 8150, 8200, 8225, 8250, 8275, 9925]
2026-03-07 18:10:21,575 | INFO | Selecting frames for question Ip9DbdOtqF4_0 on video Ip9DbdOtqF4.mp4: frames=249 tags=4
2026-03-07 18:10:22,134 | INFO | Selected 32 frames for question Ip9DbdOtqF4_0: [0, 23, 143, 1750, 2229, 2277, 3452, 3476, 3500, 3524, 3548, 3620, 3740, 3764, 3788, 3884, 3956, 3980, 4003, 4051, 4075, 4723, 4747, 4771, 4795, 4819, 4939, 4963, 5514, 5538, 5874, 5946]
2026-03-07 18:10:22,134 | INFO | Selecting frames for question Ip9DbdOtqF4_1 on video Ip9DbdOtqF4.mp4: frames=249 tags=4
2026-03-07 18:10:22,722 | INFO | Selected 32 frames for question Ip9DbdOtqF4_1: [455, 575, 1102, 1126, 1150, 1174, 1198, 1246, 1438, 1582, 1630, 1654, 1726, 2157, 2373, 2397, 2421, 2445, 2709, 2781, 4315, 4339, 4387, 5082, 5106, 5130, 5154, 5274, 5298, 5466, 5490, 5730]
2026-03-07 18:10:22,722 | INFO | Selecting frames for question gAgCnu82RHE_0 on video gAgCnu82RHE.mp4: frames=389 tags=4
2026-03-07 18:10:24,554 | INFO | Selected 32 frames for question gAgCnu82RHE_0: [29, 479, 689, 2037, 2427, 2457, 2547, 2787, 2817, 2847, 2877, 2907, 3476, 3746, 3836, 5034, 5424, 5454, 5484, 5514, 5544, 5664, 5694, 5964, 6203, 6233, 6263, 6293, 6323, 6353, 6593, 8691]
2026-03-07 18:10:24,554 | INFO | Selecting frames for question gAgCnu82RHE_1 on video gAgCnu82RHE.mp4: frames=389 tags=4
2026-03-07 18:10:26,284 | INFO | Selected 32 frames for question gAgCnu82RHE_1: [29, 1798, 1828, 1858, 1888, 2037, 2427, 3146, 3326, 3476, 4315, 4345, 5244, 5274, 5364, 5394, 5964, 6203, 6233, 6293, 6323, 8721, 8751, 8781, 8811, 9830, 10069, 10099, 10129, 10159, 10189, 10219]
2026-03-07 18:10:26,284 | INFO | Selecting frames for question sKvvuo9Yxqk_0 on video sKvvuo9Yxqk.mp4: frames=582 tags=4
2026-03-07 18:10:30,237 | INFO | Selected 32 frames for question sKvvuo9Yxqk_0: [239, 269, 299, 329, 809, 839, 899, 1078, 2397, 7792, 7852, 10129, 11478, 11508, 11538, 11568, 11778, 11808, 11838, 11868, 11898, 11928, 11958, 14355, 14745, 15674, 15704, 15734, 15764, 15794, 16273, 16303]
2026-03-07 18:10:30,238 | INFO | Selecting frames for question sKvvuo9Yxqk_1 on video sKvvuo9Yxqk.mp4: frames=582 tags=4
2026-03-07 18:10:34,201 | INFO | Selected 32 frames for question sKvvuo9Yxqk_1: [5604, 5634, 5664, 5694, 5724, 5754, 5784, 5814, 6203, 6233, 6263, 6293, 6323, 6353, 6383, 6413, 6443, 6473, 6503, 6533, 6563, 6593, 6623, 6653, 6683, 6713, 6743, 6773, 6803, 6833, 6863, 7102]
2026-03-07 18:10:34,201 | INFO | Selecting frames for question CdTijM0_es4_0 on video CdTijM0_es4.mp4: frames=240 tags=4
2026-03-07 18:10:34,830 | INFO | Selected 32 frames for question CdTijM0_es4_0: [479, 911, 935, 1006, 1030, 1054, 2493, 2565, 2589, 2949, 2973, 3068, 3116, 3212, 3428, 3452, 3716, 3956, 3980, 4027, 4051, 4099, 4123, 4147, 4171, 4195, 4219, 4315, 4339, 4363, 4387, 4435]
2026-03-07 18:10:34,830 | INFO | Selecting frames for question CdTijM0_es4_1 on video CdTijM0_es4.mp4: frames=240 tags=4
2026-03-07 18:10:35,463 | INFO | Selected 32 frames for question CdTijM0_es4_1: [71, 167, 383, 407, 431, 455, 479, 911, 2493, 2589, 2613, 2661, 2685, 2925, 2949, 2973, 3212, 3356, 3404, 3428, 3452, 3692, 3716, 3740, 3788, 4027, 4123, 4147, 4171, 4579, 4603, 4651]
2026-03-07 18:10:35,464 | INFO | Selecting frames for question YehqA9xoGTY_0 on video YehqA9xoGTY.mp4: frames=264 tags=4
2026-03-07 18:10:36,226 | INFO | Selected 32 frames for question YehqA9xoGTY_0: [0, 25, 50, 75, 100, 625, 700, 775, 3475, 3500, 3525, 3550, 3575, 3600, 3650, 3700, 3725, 3775, 4025, 4125, 4175, 4200, 4225, 4250, 4275, 4300, 4325, 4350, 4375, 4400, 4425, 4450]
2026-03-07 18:10:36,227 | INFO | Selecting frames for question YehqA9xoGTY_1 on video YehqA9xoGTY.mp4: frames=264 tags=4
2026-03-07 18:10:36,797 | INFO | Selected 32 frames for question YehqA9xoGTY_1: [250, 275, 300, 400, 425, 600, 725, 950, 1000, 1075, 1100, 1150, 1200, 1275, 1425, 3150, 3175, 3200, 3300, 3325, 3350, 3800, 3825, 3850, 3925, 3975, 4000, 4475, 4525, 4575, 4700, 4725]
2026-03-07 18:10:36,798 | INFO | Selecting frames for question Bjymxow3TVQ_0 on video Bjymxow3TVQ.mp4: frames=411 tags=4
2026-03-07 18:10:38,402 | INFO | Selected 32 frames for question Bjymxow3TVQ_0: [809, 869, 899, 929, 1858, 1888, 2097, 2127, 2157, 2187, 2217, 4495, 6383, 6503, 6533, 6563, 6593, 6623, 6653, 6683, 8631, 8661, 9020, 9050, 9080, 9110, 10699, 10729, 10909, 11478, 11508, 11538]
2026-03-07 18:10:38,402 | INFO | Selecting frames for question Bjymxow3TVQ_1 on video Bjymxow3TVQ.mp4: frames=411 tags=4
2026-03-07 18:10:40,004 | INFO | Selected 32 frames for question Bjymxow3TVQ_1: [6503, 6533, 8031, 8061, 8091, 8151, 8181, 8211, 8241, 8271, 8301, 8361, 8421, 8541, 8571, 8631, 8661, 8751, 8781, 8811, 8841, 8871, 9290, 9320, 9350, 9380, 9410, 10129, 10159, 10189, 10249, 10279]
2026-03-07 18:10:40,004 | INFO | Selecting frames for question by3NxI0dA6w_0 on video by3NxI0dA6w.mp4: frames=200 tags=4
2026-03-07 18:10:40,324 | INFO | Selected 32 frames for question by3NxI0dA6w_0: [95, 119, 143, 167, 191, 215, 239, 263, 431, 455, 791, 911, 959, 1174, 1534, 2373, 2397, 2421, 2445, 2709, 2973, 2997, 3596, 3644, 3764, 3956, 3980, 4003, 4027, 4147, 4171, 4459]
2026-03-07 18:10:40,324 | INFO | Selecting frames for question by3NxI0dA6w_1 on video by3NxI0dA6w.mp4: frames=200 tags=4
2026-03-07 18:10:40,666 | INFO | Selected 32 frames for question by3NxI0dA6w_1: [1222, 1270, 1534, 2757, 2781, 2805, 2829, 3044, 3068, 3092, 3116, 3188, 3212, 3236, 3260, 3284, 3308, 3380, 3404, 3428, 3452, 3476, 3500, 3524, 3548, 3572, 3596, 3620, 3644, 3668, 3692, 3716]
2026-03-07 18:10:40,666 | INFO | Selecting frames for question 3hyPwjkdHEA_0 on video 3hyPwjkdHEA.mp4: frames=455 tags=4
2026-03-07 18:10:42,535 | INFO | Selected 32 frames for question 3hyPwjkdHEA_0: [423, 443, 484, 504, 2299, 2319, 2420, 2440, 2521, 2622, 2683, 2703, 2723, 3207, 3348, 3368, 3409, 4639, 4659, 4680, 4700, 5002, 5043, 5063, 5103, 5487, 6717, 6737, 6757, 6778, 8876, 8916]
2026-03-07 18:10:42,535 | INFO | Selecting frames for question 3hyPwjkdHEA_1 on video 3hyPwjkdHEA.mp4: frames=455 tags=4
2026-03-07 18:10:44,308 | INFO | Selected 32 frames for question 3hyPwjkdHEA_1: [181, 423, 443, 484, 504, 2622, 2683, 5870, 5890, 6011, 6051, 6576, 6596, 6616, 6636, 6657, 6677, 6697, 6717, 6737, 6757, 6778, 6798, 8674, 8694, 8714, 8734, 8835, 8855, 8876, 8916, 8936]
2026-03-07 18:10:44,309 | INFO | Selecting frames for question jdbG9gmg_SA_0 on video jdbG9gmg_SA.mp4: frames=272 tags=4
2026-03-07 18:10:44,944 | INFO | Selected 32 frames for question jdbG9gmg_SA_0: [0, 240, 270, 300, 330, 420, 450, 480, 780, 990, 1020, 1050, 1110, 1230, 1290, 1470, 1710, 1800, 1890, 1920, 1950, 2370, 2400, 2550, 2610, 2850, 2970, 3480, 5880, 5940, 7140, 7320]
2026-03-07 18:10:44,944 | INFO | Selecting frames for question jdbG9gmg_SA_1 on video jdbG9gmg_SA.mp4: frames=272 tags=4
2026-03-07 18:10:45,570 | INFO | Selected 32 frames for question jdbG9gmg_SA_1: [0, 120, 240, 270, 300, 330, 390, 420, 450, 480, 780, 990, 1020, 1050, 1230, 1290, 1470, 1710, 1890, 1950, 2370, 2400, 2550, 2850, 2970, 3480, 3510, 4110, 4200, 5940, 7140, 7290]
2026-03-07 18:10:45,570 | INFO | Selecting frames for question UD5ifzOPzhc_0 on video UD5ifzOPzhc.mp4: frames=564 tags=4
2026-03-07 18:10:48,627 | INFO | Selected 32 frames for question UD5ifzOPzhc_0: [225, 250, 275, 300, 325, 350, 375, 400, 425, 450, 475, 7600, 7650, 7700, 7800, 7825, 7850, 7875, 7900, 7925, 7950, 7975, 8525, 8550, 8575, 8600, 9175, 9525, 9900, 10025, 10200, 10225]
2026-03-07 18:10:48,627 | INFO | Selecting frames for question UD5ifzOPzhc_1 on video UD5ifzOPzhc.mp4: frames=564 tags=4
2026-03-07 18:10:51,637 | INFO | Selected 32 frames for question UD5ifzOPzhc_1: [0, 200, 225, 250, 275, 300, 325, 350, 375, 400, 425, 450, 475, 7650, 7825, 7850, 7875, 7900, 7925, 8525, 8550, 8575, 8600, 9175, 9525, 12375, 12425, 12450, 12475, 13000, 13275, 13975]
2026-03-07 18:10:51,637 | INFO | Selecting frames for question soNQYQXrx_A_0 on video soNQYQXrx_A.mp4: frames=563 tags=4
2026-03-07 18:10:54,512 | INFO | Selected 32 frames for question soNQYQXrx_A_0: [330, 510, 540, 1350, 1380, 5700, 5970, 6000, 7140, 7230, 7260, 7380, 7920, 7950, 7980, 9090, 10290, 10380, 10680, 12150, 12210, 12270, 12450, 12480, 14070, 14460, 15300, 15930, 16080, 16140, 16170, 16200]
2026-03-07 18:10:54,512 | INFO | Selecting frames for question soNQYQXrx_A_1 on video soNQYQXrx_A.mp4: frames=563 tags=4
2026-03-07 18:10:57,550 | INFO | Selected 32 frames for question soNQYQXrx_A_1: [510, 630, 3090, 3150, 3180, 3210, 3480, 3960, 3990, 4080, 4110, 4140, 4170, 4200, 4230, 4260, 4290, 4830, 4860, 4890, 5040, 5070, 5610, 7200, 7320, 8010, 9660, 11580, 12810, 15180, 15300, 15360]
2026-03-07 18:10:57,551 | INFO | Selecting frames for question vpKtHB8x0js_0 on video vpKtHB8x0js.mp4: frames=564 tags=4
2026-03-07 18:11:00,856 | INFO | Selected 32 frames for question vpKtHB8x0js_0: [1288, 2697, 3176, 6473, 6503, 6533, 6683, 6713, 6923, 6953, 6983, 7042, 7072, 8991, 9290, 9320, 9350, 9920, 9950, 9980, 10069, 10099, 10489, 10609, 12977, 13006, 13696, 14175, 14205, 14745, 15224, 15254]
2026-03-07 18:11:00,856 | INFO | Selecting frames for question vpKtHB8x0js_1 on video vpKtHB8x0js.mp4: frames=564 tags=4
2026-03-07 18:11:04,280 | INFO | Selected 32 frames for question vpKtHB8x0js_1: [3836, 5124, 6923, 7042, 7072, 7132, 7162, 7432, 8691, 8721, 8751, 8781, 8991, 9020, 9410, 9440, 9500, 9530, 9560, 9920, 10069, 10099, 10339, 10369, 10429, 10459, 10489, 10519, 10549, 10699, 10729, 11148]
2026-03-07 18:11:04,280 | INFO | Selecting frames for question JhlzvoqKOc8_0 on video JhlzvoqKOc8.mp4: frames=592 tags=4
2026-03-07 18:11:07,588 | INFO | Selected 32 frames for question JhlzvoqKOc8_0: [2757, 2787, 2817, 2847, 3326, 3356, 3776, 3896, 3926, 4525, 4585, 5034, 5184, 5664, 5694, 9680, 10609, 10699, 11208, 11238, 11298, 12887, 12917, 13696, 13726, 13756, 13786, 13816, 17202, 17232, 17262, 17292]
2026-03-07 18:11:07,588 | INFO | Selecting frames for question JhlzvoqKOc8_1 on video JhlzvoqKOc8.mp4: frames=592 tags=4
2026-03-07 18:11:11,389 | INFO | Selected 32 frames for question JhlzvoqKOc8_1: [389, 449, 479, 509, 2487, 2637, 5004, 8631, 8661, 9110, 9140, 9260, 9290, 9410, 9440, 9680, 9770, 9800, 9830, 9860, 9890, 9920, 10009, 10039, 10279, 10309, 10459, 10669, 14205, 14355, 14385, 14415]
2026-03-07 18:11:11,390 | INFO | Selecting frames for question mbcvVYobCXI_0 on video mbcvVYobCXI.mp4: frames=192 tags=4
2026-03-07 18:11:11,841 | INFO | Selected 32 frames for question mbcvVYobCXI_0: [29, 59, 179, 1138, 1198, 1738, 2907, 2997, 3026, 3056, 3086, 3116, 3146, 3176, 3206, 3236, 3266, 3326, 3386, 3416, 4165, 4225, 4285, 4315, 4405, 4465, 4555, 4585, 4645, 5094, 5244, 5334]
2026-03-07 18:11:11,846 | INFO | Selecting frames for question mbcvVYobCXI_1 on video mbcvVYobCXI.mp4: frames=192 tags=4
2026-03-07 18:11:12,248 | INFO | Selected 32 frames for question mbcvVYobCXI_1: [0, 149, 179, 989, 1498, 1528, 2727, 2907, 2997, 3056, 3086, 3116, 3146, 3176, 3206, 3236, 3266, 3326, 3386, 3416, 4315, 4555, 4585, 5394, 5424, 5544, 5574, 5604, 5634, 5664, 5694, 5724]
2026-03-07 18:11:12,248 | INFO | Selecting frames for question mFcEWmtn3ag_0 on video mFcEWmtn3ag.mp4: frames=523 tags=4
2026-03-07 18:11:14,768 | INFO | Selected 32 frames for question mFcEWmtn3ag_0: [209, 239, 299, 659, 689, 749, 3206, 3236, 3266, 4135, 4885, 4915, 4945, 4975, 5004, 5034, 5784, 5844, 6083, 8001, 8031, 8091, 9440, 10399, 11148, 11298, 11448, 11478, 11508, 11538, 11568, 14805]
2026-03-07 18:11:14,768 | INFO | Selecting frames for question mFcEWmtn3ag_1 on video mFcEWmtn3ag.mp4: frames=523 tags=4
2026-03-07 18:11:17,312 | INFO | Selected 32 frames for question mFcEWmtn3ag_1: [209, 239, 299, 599, 659, 689, 749, 2517, 3206, 3236, 3266, 3806, 4135, 4915, 4945, 4975, 5004, 5034, 5784, 5844, 6083, 8001, 8031, 8061, 8091, 11148, 11298, 11448, 11478, 11508, 11538, 11568]
2026-03-07 18:11:17,313 | INFO | Selecting frames for question Pm93D8CVlY8_0 on video Pm93D8CVlY8.mp4: frames=244 tags=4
2026-03-07 18:11:17,801 | INFO | Selected 32 frames for question Pm93D8CVlY8_0: [1475, 1500, 1525, 1550, 2100, 2250, 2275, 2300, 2600, 2625, 2675, 2700, 2725, 3550, 3575, 3600, 3625, 3650, 3675, 3700, 3725, 4000, 4100, 4150, 4175, 4200, 4225, 4250, 5300, 5350, 5400, 5425]
2026-03-07 18:11:17,802 | INFO | Selecting frames for question Pm93D8CVlY8_1 on video Pm93D8CVlY8.mp4: frames=244 tags=4
2026-03-07 18:11:18,324 | INFO | Selected 32 frames for question Pm93D8CVlY8_1: [0, 25, 50, 75, 1950, 2375, 3550, 3575, 3600, 3625, 3650, 3675, 3750, 3775, 3800, 3825, 3850, 3875, 3900, 3925, 3950, 3975, 5000, 5025, 5050, 5300, 5450, 5475, 5500, 5525, 5550, 5575]
2026-03-07 18:11:18,325 | INFO | Selecting frames for question brZugTJ0odg_0 on video brZugTJ0odg.mp4: frames=260 tags=4
2026-03-07 18:11:19,079 | INFO | Selected 32 frames for question brZugTJ0odg_0: [191, 215, 263, 287, 311, 335, 359, 383, 407, 431, 455, 479, 503, 527, 551, 575, 599, 623, 2301, 2589, 2613, 2637, 2973, 3644, 3692, 3764, 3836, 3932, 3956, 3980, 4003, 5874]
2026-03-07 18:11:19,079 | INFO | Selecting frames for question brZugTJ0odg_1 on video brZugTJ0odg.mp4: frames=260 tags=4
2026-03-07 18:11:19,828 | INFO | Selected 32 frames for question brZugTJ0odg_1: [263, 287, 311, 335, 383, 407, 431, 455, 479, 503, 527, 551, 575, 599, 623, 1078, 1126, 1822, 1846, 2181, 2205, 2229, 2301, 2325, 2949, 3620, 3644, 4483, 4507, 4675, 4723, 5298]
2026-03-07 18:11:19,829 | INFO | Selecting frames for question kN88RP3XWUU_0 on video kN88RP3XWUU.mp4: frames=313 tags=4
2026-03-07 18:11:20,679 | INFO | Selected 32 frames for question kN88RP3XWUU_0: [449, 479, 539, 929, 989, 1138, 2847, 2907, 2937, 3026, 3086, 3116, 3146, 3866, 3896, 3926, 3956, 3986, 5304, 6473, 6503, 6533, 6593, 6623, 6803, 6833, 6863, 6893, 6923, 6953, 8331, 8391]
2026-03-07 18:11:20,679 | INFO | Selecting frames for question kN88RP3XWUU_1 on video kN88RP3XWUU.mp4: frames=313 tags=4
2026-03-07 18:11:21,582 | INFO | Selected 32 frames for question kN88RP3XWUU_1: [389, 419, 449, 479, 989, 1018, 1348, 2907, 2937, 3806, 3866, 3896, 3926, 3956, 3986, 5304, 6503, 6593, 6803, 6833, 6863, 6893, 6923, 6953, 7312, 7342, 7372, 7402, 7432, 8211, 8241, 8331]
2026-03-07 18:11:21,583 | INFO | Selecting frames for question to7vCdkLi4s_0 on video to7vCdkLi4s.mp4: frames=1334 tags=4
2026-03-07 18:11:39,365 | INFO | Selected 32 frames for question to7vCdkLi4s_0: [240, 270, 450, 870, 900, 930, 960, 990, 1020, 1050, 1080, 1110, 1140, 2250, 2280, 2310, 2340, 2430, 2520, 2550, 3480, 5490, 9450, 9480, 9510, 9570, 39840, 39870, 39900, 39930, 39960, 39990]
2026-03-07 18:11:39,366 | INFO | Selecting frames for question to7vCdkLi4s_1 on video to7vCdkLi4s.mp4: frames=1334 tags=4
2026-03-07 18:11:55,997 | INFO | Selected 32 frames for question to7vCdkLi4s_1: [8910, 8940, 8970, 9000, 9030, 9420, 9450, 9480, 9510, 9540, 9570, 10980, 29640, 29670, 29700, 29730, 29760, 29790, 29880, 29910, 29940, 29970, 30000, 30030, 30060, 30090, 30120, 30150, 30180, 30210, 30240, 30270]
2026-03-07 18:11:55,998 | INFO | Selecting frames for question to7vCdkLi4s_2 on video to7vCdkLi4s.mp4: frames=1334 tags=4
2026-03-07 18:12:12,809 | INFO | Selected 32 frames for question to7vCdkLi4s_2: [1260, 14640, 14880, 26100, 26130, 26160, 26190, 26220, 26250, 26280, 26310, 29670, 29700, 29730, 29760, 29790, 29820, 29850, 29880, 29910, 29940, 29970, 30000, 30030, 30060, 30090, 30120, 30150, 30180, 30210, 30240, 30270]
2026-03-07 18:12:12,809 | INFO | Selecting frames for question GGwHSz9towk_0 on video GGwHSz9towk.mp4: frames=193 tags=4
2026-03-07 18:12:13,108 | INFO | Selected 32 frames for question GGwHSz9towk_0: [329, 359, 389, 419, 449, 479, 509, 539, 569, 599, 1528, 1558, 1618, 1738, 1768, 1798, 1828, 1858, 1888, 2427, 2457, 2487, 2517, 2547, 2577, 2667, 2937, 3206, 3236, 3296, 3326, 3356]
2026-03-07 18:12:13,108 | INFO | Selecting frames for question GGwHSz9towk_1 on video GGwHSz9towk.mp4: frames=193 tags=4
2026-03-07 18:12:13,407 | INFO | Selected 32 frames for question GGwHSz9towk_1: [119, 449, 479, 509, 539, 569, 599, 629, 659, 689, 719, 749, 779, 929, 1018, 2907, 2937, 2967, 2997, 3026, 3056, 3086, 3116, 3146, 3176, 3206, 3236, 3266, 3296, 3326, 3356, 3746]
2026-03-07 18:12:13,407 | INFO | Selecting frames for question _EUDpS9UF9o_0 on video _EUDpS9UF9o.mp4: frames=9 tags=4
2026-03-07 18:12:13,407 | INFO | Selected 9 frames for question _EUDpS9UF9o_0: [0, 30, 60, 90, 120, 150, 180, 210, 240]
2026-03-07 18:12:13,408 | INFO | Selecting frames for question 7XWqI121-Q4_0 on video 7XWqI121-Q4.mp4: frames=954 tags=4
2026-03-07 18:12:22,233 | INFO | Selected 32 frames for question 7XWqI121-Q4_0: [8511, 8541, 8571, 8601, 8661, 8691, 8811, 8841, 9050, 9080, 9110, 9290, 9320, 9350, 9380, 9410, 9440, 9470, 9860, 9890, 10339, 10399, 10429, 10849, 13786, 13816, 19570, 19600, 19660, 20019, 20469, 25144]
2026-03-07 18:12:22,233 | INFO | Selecting frames for question 7XWqI121-Q4_1 on video 7XWqI121-Q4.mp4: frames=954 tags=4
2026-03-07 18:12:31,065 | INFO | Selected 32 frames for question 7XWqI121-Q4_1: [2967, 4255, 5094, 5154, 5184, 5214, 5244, 5454, 6233, 6623, 6833, 6863, 6893, 7822, 7852, 11508, 16393, 16423, 16513, 16573, 16992, 17022, 17082, 18401, 21338, 22537, 22687, 23526, 23586, 24485, 24515, 25714]
2026-03-07 18:12:31,066 | INFO | Selecting frames for question 7XWqI121-Q4_2 on video 7XWqI121-Q4.mp4: frames=954 tags=4
2026-03-07 18:12:39,910 | INFO | Selected 32 frames for question 7XWqI121-Q4_2: [3866, 3896, 10189, 10219, 10249, 10279, 11898, 11958, 12647, 12677, 12737, 12767, 12827, 13216, 13246, 13276, 13306, 14295, 14775, 15194, 15434, 16213, 16243, 16393, 16423, 16453, 16483, 16513, 16543, 16573, 16663, 20109]
2026-03-07 18:12:39,930 | INFO | Saved selected frames for 1337 questions to ./output_features/longvideobench/clip/vfs_selected_frame_nums_1.0_0.0_0.0_top32.json
